window_idx,axis,sample_idx,raw_value,reconstructed_value,abs_error
1,ax,0,0.502000,0.715656,0.213656
1,ax,1,0.464000,0.608052,0.144052
1,ax,2,0.430000,0.586529,0.156529
1,ax,3,0.466000,0.620190,0.154190
1,ax,4,0.452000,0.523805,0.071805
1,ax,5,0.471000,0.575755,0.104755
1,ax,6,0.507000,0.577563,0.070563
1,ax,7,0.507000,0.584502,0.077502
1,ax,8,0.450000,0.427272,0.022728
1,ax,9,0.517000,0.488002,0.028998
1,ax,10,0.591000,0.514532,0.076468
1,ax,11,0.478000,0.417734,0.060266
1,ax,12,0.485000,0.427001,0.057999
1,ax,13,0.404000,0.449021,0.045021
1,ax,14,0.368000,0.453447,0.085447
1,ax,15,0.344000,0.421912,0.077912
1,ax,16,0.327000,0.478877,0.151877
1,ax,17,0.356000,0.447302,0.091302
1,ax,18,0.363000,0.391323,0.028323
1,ax,19,0.394000,0.411741,0.017741
1,ax,20,0.433000,0.569131,0.136131
1,ax,21,0.332000,0.483910,0.151910
1,ax,22,0.299000,0.473734,0.174734
1,ax,23,0.320000,0.486641,0.166641
1,ax,24,0.287000,0.437198,0.150198
1,ax,25,0.239000,0.376895,0.137895
1,ax,26,0.265000,0.265509,0.000509
1,ax,27,0.263000,0.261544,0.001456
1,ax,28,0.275000,0.148332,0.126668
1,ax,29,0.191000,0.146882,0.044118
1,ax,30,0.145000,0.228658,0.083658
1,ax,31,0.059000,0.113200,0.054200
1,ax,32,0.014000,0.029355,0.015355
1,ax,33,0.071000,0.051008,0.019992
1,ax,34,0.119000,0.049970,0.069030
1,ax,35,0.215000,0.105970,0.109030
1,ax,36,0.169000,-0.002536,0.171536
1,ax,37,0.119000,0.095630,0.023370
1,ax,38,0.193000,0.024272,0.168728
1,ax,39,0.157000,0.007850,0.149150
1,ax,40,0.157000,0.136494,0.020506
1,ax,41,0.222000,0.085934,0.136066
1,ax,42,0.337000,0.268448,0.068552
1,ax,43,0.433000,0.353103,0.079897
1,ax,44,0.540000,0.578542,0.038542
1,ax,45,0.567000,0.627714,0.060714
1,ax,46,0.667000,0.602765,0.064235
1,ax,47,0.718000,0.721546,0.003546
1,ax,48,0.778000,0.723697,0.054303
1,ax,49,0.773000,0.720822,0.052178
1,ax,50,0.847000,0.694801,0.152199
1,ax,51,0.730000,0.621562,0.108438
1,ax,52,0.713000,0.659659,0.053341
1,ax,53,0.718000,0.684940,0.033060
1,ax,54,0.658000,0.709990,0.051990
1,ax,55,0.675000,0.687915,0.012915
1,ax,56,0.603000,0.544069,0.058931
1,ax,57,0.720000,0.627041,0.092959
1,ax,58,0.667000,0.620314,0.046686
1,ax,59,0.617000,0.590320,0.026680
1,ax,60,0.598000,0.465901,0.132099
1,ax,61,0.469000,0.296721,0.172279
1,ax,62,0.387000,0.276515,0.110485
1,ax,63,0.385000,0.235817,0.149183
1,ay,0,-0.169000,-0.303878,0.134878
1,ay,1,-0.095000,-0.280330,0.185330
1,ay,2,-0.136000,-0.238543,0.102543
1,ay,3,0.096000,-0.124793,0.220793
1,ay,4,-0.069000,-0.208586,0.139586
1,ay,5,-0.126000,-0.383737,0.257737
1,ay,6,-0.275000,-0.434356,0.159356
1,ay,7,-0.280000,-0.425174,0.145174
1,ay,8,-0.217000,-0.104626,0.112374
1,ay,9,-0.258000,-0.176899,0.081101
1,ay,10,-0.241000,-0.014800,0.226200
1,ay,11,-0.184000,-0.046690,0.137310
1,ay,12,-0.133000,-0.127422,0.005578
1,ay,13,-0.112000,-0.134159,0.022159
1,ay,14,-0.098000,-0.004943,0.093057
1,ay,15,-0.102000,-0.055394,0.046606
1,ay,16,-0.102000,-0.090763,0.011237
1,ay,17,-0.177000,-0.093716,0.083284
1,ay,18,-0.107000,-0.274021,0.167021
1,ay,19,-0.172000,-0.362290,0.190290
1,ay,20,-0.260000,-0.598445,0.338445
1,ay,21,-0.212000,-0.451053,0.239053
1,ay,22,-0.198000,-0.358220,0.160220
1,ay,23,-0.260000,-0.223811,0.036189
1,ay,24,-0.332000,-0.266606,0.065394
1,ay,25,-0.339000,-0.280691,0.058309
1,ay,26,-0.241000,-0.238510,0.002490
1,ay,27,-0.153000,-0.164037,0.011037
1,ay,28,0.094000,-0.014919,0.108919
1,ay,29,0.139000,0.107150,0.031850
1,ay,30,0.116000,0.153830,0.037830
1,ay,31,0.027000,0.185692,0.158692
1,ay,32,-0.114000,-0.078417,0.035583
1,ay,33,-0.098000,-0.110232,0.012232
1,ay,34,-0.306000,-0.143820,0.162180
1,ay,35,-0.232000,-0.191374,0.040626
1,ay,36,-0.162000,-0.012057,0.149943
1,ay,37,-0.186000,-0.091344,0.094656
1,ay,38,-0.215000,-0.212693,0.002307
1,ay,39,-0.280000,-0.376277,0.096277
1,ay,40,-0.313000,-0.260946,0.052054
1,ay,41,-0.260000,-0.237262,0.022738
1,ay,42,-0.275000,-0.096816,0.178184
1,ay,43,-0.212000,-0.119846,0.092154
1,ay,44,-0.126000,-0.034855,0.091145
1,ay,45,-0.078000,-0.100304,0.022304
1,ay,46,-0.110000,-0.199019,0.089019
1,ay,47,-0.150000,-0.200445,0.050445
1,ay,48,-0.143000,-0.088892,0.054108
1,ay,49,-0.098000,0.014396,0.112396
1,ay,50,-0.038000,0.057549,0.095549
1,ay,51,0.060000,0.104960,0.044960
1,ay,52,0.106000,-0.032070,0.138070
1,ay,53,-0.047000,-0.034990,0.012010
1,ay,54,-0.021000,-0.058046,0.037046
1,ay,55,-0.016000,0.034667,0.050667
1,ay,56,0.015000,0.135573,0.120573
1,ay,57,0.046000,0.157831,0.111831
1,ay,58,-0.102000,-0.045863,0.056137
1,ay,59,-0.062000,-0.016992,0.045008
1,ay,60,-0.153000,-0.227389,0.074389
1,ay,61,-0.212000,-0.251933,0.039933
1,ay,62,-0.299000,-0.214845,0.084155
1,ay,63,-0.342000,-0.057509,0.284491
1,az,0,11.794000,12.048843,0.254843
1,az,1,11.723000,11.884740,0.161740
1,az,2,11.744000,11.958979,0.214979
1,az,3,11.816000,11.975774,0.159774
1,az,4,12.005000,12.106552,0.101552
1,az,5,11.933000,11.953797,0.020797
1,az,6,11.720000,11.857496,0.137496
1,az,7,11.668000,11.903897,0.235897
1,az,8,11.799000,11.886776,0.087776
1,az,9,11.730000,11.897416,0.167416
1,az,10,11.756000,11.728328,0.027672
1,az,11,11.984000,11.845301,0.138699
1,az,12,12.031000,11.923692,0.107308
1,az,13,12.019000,11.973163,0.045837
1,az,14,11.984000,11.975197,0.008803
1,az,15,11.957000,12.072258,0.115258
1,az,16,12.010000,11.982085,0.027915
1,az,17,12.098000,12.053068,0.044932
1,az,18,11.921000,11.905237,0.015763
1,az,19,11.823000,11.830034,0.007034
1,az,20,11.854000,11.782451,0.071549
1,az,21,11.811000,11.595850,0.215150
1,az,22,11.706000,11.735192,0.029192
1,az,23,11.636000,11.679711,0.043711
1,az,24,11.811000,11.801201,0.009799
1,az,25,11.816000,11.932985,0.116985
1,az,26,11.902000,12.016293,0.114293
1,az,27,12.077000,12.185664,0.108664
1,az,28,12.259000,12.307256,0.048256
1,az,29,12.288000,12.302328,0.014328
1,az,30,12.189000,12.161641,0.027359
1,az,31,12.235000,12.268841,0.033841
1,az,32,12.209000,12.041667,0.167333
1,az,33,12.098000,11.997677,0.100323
1,az,34,11.967000,11.867084,0.099916
1,az,35,11.917000,11.807558,0.109442
1,az,36,12.106000,11.851352,0.254648
1,az,37,12.106000,11.828138,0.277862
1,az,38,12.089000,11.923072,0.165928
1,az,39,11.972000,11.928710,0.043290
1,az,40,11.984000,11.956436,0.027564
1,az,41,11.914000,11.931155,0.017155
1,az,42,11.950000,12.013592,0.063592
1,az,43,11.869000,11.814994,0.054006
1,az,44,11.840000,11.817117,0.022883
1,az,45,11.711000,11.699987,0.011013
1,az,46,11.725000,11.713708,0.011292
1,az,47,11.792000,11.726965,0.065035
1,az,48,11.929000,11.733791,0.195209
1,az,49,11.797000,11.737871,0.059129
1,az,50,11.727000,11.839154,0.112154
1,az,51,12.017000,12.041842,0.024842
1,az,52,12.022000,11.949650,0.072350
1,az,53,12.017000,11.990774,0.026226
1,az,54,12.106000,12.007279,0.098721
1,az,55,12.067000,12.027921,0.039079
1,az,56,11.940000,12.053394,0.113394
1,az,57,11.778000,11.840316,0.062316
1,az,58,11.885000,11.963554,0.078554
1,az,59,11.962000,11.984284,0.022284
1,az,60,11.960000,11.998636,0.038636
1,az,61,12.048000,11.997586,0.050414
1,az,62,12.003000,11.985032,0.017968
1,az,63,12.087000,12.109660,0.022660
1,gx,0,0.756000,-2.797857,3.553857
1,gx,1,4.000000,-0.581408,4.581408
1,gx,2,5.695000,-0.125875,5.820875
1,gx,3,6.252000,0.401383,5.850617
1,gx,4,5.565000,0.458014,5.106986
1,gx,5,5.328000,-0.547887,5.875887
1,gx,6,4.794000,0.541744,4.252256
1,gx,7,3.412000,1.057564,2.354436
1,gx,8,1.702000,1.901128,0.199128
1,gx,9,0.290000,1.356577,1.066577
1,gx,10,0.107000,1.911356,1.804356
1,gx,11,0.015000,0.140476,0.125476
1,gx,12,0.718000,-1.624573,2.342573
1,gx,13,1.397000,-0.484363,1.881363
1,gx,14,1.145000,-0.085710,1.230710
1,gx,15,0.954000,0.374967,0.579033
1,gx,16,1.786000,1.694702,0.091298
1,gx,17,2.183000,2.785373,0.602373
1,gx,18,1.504000,4.003344,2.499344
1,gx,19,0.817000,2.840066,2.023066
1,gx,20,0.260000,1.059642,0.799642
1,gx,21,-0.176000,-0.461531,0.285531
1,gx,22,-0.420000,-2.157480,1.737480
1,gx,23,-0.557000,-3.201337,2.644337
1,gx,24,-0.382000,-2.991896,2.609896
1,gx,25,-0.435000,-1.694710,1.259710
1,gx,26,-0.710000,-1.103182,0.393182
1,gx,27,-0.916000,-0.498846,0.417154
1,gx,28,-0.321000,0.315172,0.636172
1,gx,29,1.534000,1.029491,0.504509
1,gx,30,3.305000,1.802272,1.502728
1,gx,31,2.534000,2.106090,0.427910
1,gx,32,-0.519000,0.326578,0.845578
1,gx,33,-4.084000,-0.889810,3.194190
1,gx,34,-7.366000,-3.190164,4.175836
1,gx,35,-8.153000,-3.717857,4.435143
1,gx,36,-6.282000,-0.857367,5.424633
1,gx,37,-2.809000,1.932341,4.741341
1,gx,38,0.924000,3.205269,2.281269
1,gx,39,2.985000,5.115288,2.130288
1,gx,40,2.786000,4.671630,1.885630
1,gx,41,0.992000,3.505051,2.513051
1,gx,42,-0.878000,2.148998,3.026998
1,gx,43,-1.893000,1.693349,3.586349
1,gx,44,-2.198000,-0.558351,1.639649
1,gx,45,-2.107000,-2.100083,0.006917
1,gx,46,-2.382000,-1.932730,0.449270
1,gx,47,-3.099000,-3.442163,0.343163
1,gx,48,-3.573000,-1.435226,2.137774
1,gx,49,-3.198000,-0.774119,2.423881
1,gx,50,-1.603000,-0.364710,1.238290
1,gx,51,0.435000,0.108012,0.326988
1,gx,52,2.084000,0.668347,1.415653
1,gx,53,2.237000,0.859354,1.377646
1,gx,54,1.183000,0.247514,0.935486
1,gx,55,-1.145000,-1.095573,0.049427
1,gx,56,-3.160000,-2.870485,0.289515
1,gx,57,-3.084000,-2.819438,0.264562
1,gx,58,-1.412000,-1.046125,0.365875
1,gx,59,0.191000,-0.351607,0.542607
1,gx,60,1.641000,1.734299,0.093299
1,gx,61,2.954000,3.376877,0.422877
1,gx,62,2.779000,3.329444,0.550444
1,gx,63,0.931000,2.396751,1.465751
1,gy,0,-1.885000,1.558871,3.443871
1,gy,1,-2.000000,3.256934,5.256934
1,gy,2,-1.832000,-0.694634,1.137366
1,gy,3,-2.443000,-1.347311,1.095689
1,gy,4,-4.183000,-1.003113,3.179887
1,gy,5,-6.573000,-1.887498,4.685502
1,gy,6,-7.115000,-1.823205,5.291795
1,gy,7,-5.183000,0.710399,5.893399
1,gy,8,-3.015000,5.177490,8.192490
1,gy,9,-1.985000,3.625511,5.610511
1,gy,10,-1.832000,3.470706,5.302706
1,gy,11,-3.168000,2.485925,5.653925
1,gy,12,-5.550000,0.934930,6.484930
1,gy,13,-7.328000,-1.786788,5.541212
1,gy,14,-6.992000,-2.866507,4.125493
1,gy,15,-5.099000,-1.904337,3.194663
1,gy,16,-2.527000,-3.037417,0.510417
1,gy,17,0.038000,0.351828,0.313828
1,gy,18,1.817000,2.924586,1.107586
1,gy,19,3.634000,4.494613,0.860613
1,gy,20,5.031000,3.890364,1.140636
1,gy,21,4.328000,3.598653,0.729347
1,gy,22,2.519000,1.176172,1.342828
1,gy,23,0.595000,0.298898,0.296102
1,gy,24,-0.779000,0.483661,1.262661
1,gy,25,-1.550000,-2.253550,0.703550
1,gy,26,-1.763000,-1.748598,0.014402
1,gy,27,-1.672000,-1.316818,0.355182
1,gy,28,-1.962000,0.548622,2.510622
1,gy,29,-2.252000,0.468989,2.720989
1,gy,30,-1.092000,1.372023,2.464023
1,gy,31,1.344000,2.866921,1.522921
1,gy,32,2.931000,-0.328525,3.259525
1,gy,33,3.840000,0.255802,3.584198
1,gy,34,4.634000,1.426141,3.207859
1,gy,35,5.656000,-0.600946,6.256946
1,gy,36,5.664000,0.898537,4.765463
1,gy,37,3.924000,2.864330,1.059670
1,gy,38,2.160000,2.024424,0.135576
1,gy,39,1.824000,-0.290130,2.114130
1,gy,40,2.840000,1.215562,1.624438
1,gy,41,4.191000,0.296723,3.894277
1,gy,42,5.573000,-2.987496,8.560496
1,gy,43,6.519000,-1.094126,7.613126
1,gy,44,7.466000,-0.840749,8.306749
1,gy,45,8.504000,-0.203544,8.707544
1,gy,46,9.046000,1.987611,7.058389
1,gy,47,8.450000,5.567896,2.882104
1,gy,48,6.595000,4.915923,1.679077
1,gy,49,4.321000,1.369045,2.951955
1,gy,50,2.885000,1.587789,1.297211
1,gy,51,1.794000,1.533382,0.260618
1,gy,52,0.176000,-2.164242,2.340242
1,gy,53,-0.130000,-3.257928,3.127928
1,gy,54,0.756000,-1.322136,2.078136
1,gy,55,1.626000,-2.432484,4.058484
1,gy,56,2.160000,0.667756,1.492244
1,gy,57,2.969000,3.793346,0.824346
1,gy,58,3.962000,3.904239,0.057761
1,gy,59,2.985000,3.768391,0.783391
1,gy,60,0.405000,2.949791,2.544791
1,gy,61,-2.366000,0.751801,3.117801
1,gy,62,-3.786000,-2.813272,0.972728
1,gy,63,-3.954000,-2.333234,1.620766
1,gz,0,-9.985000,-5.338413,4.646587
1,gz,1,-5.351000,-1.363652,3.987348
1,gz,2,-2.504000,-3.473559,0.969559
1,gz,3,-1.695000,-3.266545,1.571545
1,gz,4,-1.344000,-3.133790,1.789790
1,gz,5,-1.740000,-2.279864,0.539864
1,gz,6,-3.031000,-1.002329,2.028671
1,gz,7,-5.023000,-2.902302,2.120698
1,gz,8,-6.908000,-0.500624,6.407376
1,gz,9,-7.885000,-2.663539,5.221461
1,gz,10,-7.947000,-4.454116,3.492884
1,gz,11,-7.221000,-4.233076,2.987924
1,gz,12,-6.160000,-3.752769,2.407231
1,gz,13,-4.878000,-2.833350,2.044650
1,gz,14,-3.947000,-1.144016,2.802984
1,gz,15,-3.290000,0.753073,4.043073
1,gz,16,-2.618000,5.623313,8.241313
1,gz,17,-2.145000,7.730592,9.875592
1,gz,18,-2.725000,8.003758,10.728758
1,gz,19,-3.458000,7.881684,11.339684
1,gz,20,-4.557000,5.271345,9.828345
1,gz,21,-5.511000,6.110131,11.621131
1,gz,22,-5.183000,0.943304,6.126304
1,gz,23,-3.473000,1.754274,5.227274
1,gz,24,-1.076000,0.063636,1.139636
1,gz,25,1.031000,-0.118203,1.149203
1,gz,26,2.366000,1.444927,0.921073
1,gz,27,2.977000,2.310579,0.666421
1,gz,28,2.527000,3.794568,1.267568
1,gz,29,2.023000,0.112334,1.910666
1,gz,30,0.901000,-1.438557,2.339557
1,gz,31,-1.603000,-3.980677,2.377677
1,gz,32,-4.992000,-5.580712,0.588712
1,gz,33,-7.878000,-9.286882,1.408882
1,gz,34,-9.336000,-8.085436,1.250564
1,gz,35,-9.313000,-7.968121,1.344879
1,gz,36,-6.893000,-5.279384,1.613616
1,gz,37,-2.687000,-3.515033,0.828033
1,gz,38,1.710000,0.234462,1.475538
1,gz,39,4.618000,2.010512,2.607488
1,gz,40,5.435000,0.626004,4.808996
1,gz,41,4.863000,2.556996,2.306004
1,gz,42,3.893000,0.049733,3.843267
1,gz,43,2.931000,0.347114,2.583886
1,gz,44,2.015000,-4.339611,6.354611
1,gz,45,1.374000,-3.403911,4.777911
1,gz,46,1.160000,-3.117991,4.277991
1,gz,47,1.489000,-4.071906,5.560906
1,gz,48,2.153000,-1.765451,3.918451
1,gz,49,3.130000,-1.849730,4.979730
1,gz,50,4.618000,-1.336686,5.954686
1,gz,51,6.611000,-0.656811,7.267811
1,gz,52,7.901000,-1.191880,9.092880
1,gz,53,7.550000,-0.939228,8.489228
1,gz,54,5.267000,-1.030621,6.297621
1,gz,55,2.015000,-3.032267,5.047267
1,gz,56,-0.466000,-1.797137,1.331137
1,gz,57,-0.855000,-3.197164,2.342164
1,gz,58,0.267000,-0.043522,0.310522
1,gz,59,2.053000,0.699037,1.353963
1,gz,60,4.145000,0.462878,3.682122
1,gz,61,6.046000,4.530604,1.515396
1,gz,62,7.183000,4.634115,2.548885
1,gz,63,7.084000,5.083894,2.000106
2,ax,0,1.096000,0.749357,0.346643
2,ax,1,1.094000,0.647289,0.446711
2,ax,2,0.924000,0.639935,0.284065
2,ax,3,0.919000,0.818815,0.100185
2,ax,4,1.122000,0.934515,0.187485
2,ax,5,1.366000,1.082087,0.283913
2,ax,6,1.328000,1.034244,0.293756
2,ax,7,1.319000,1.125261,0.193739
2,ax,8,1.350000,1.307170,0.042830
2,ax,9,1.366000,1.405034,0.039034
2,ax,10,1.240000,1.351152,0.111152
2,ax,11,1.299000,1.215907,0.083093
2,ax,12,1.240000,1.335256,0.095256
2,ax,13,1.187000,1.264714,0.077714
2,ax,14,1.244000,1.230295,0.013705
2,ax,15,1.319000,1.166090,0.152910
2,ax,16,1.244000,0.931829,0.312171
2,ax,17,1.249000,0.970556,0.278444
2,ax,18,1.252000,1.093068,0.158932
2,ax,19,1.218000,1.118850,0.099150
2,ax,20,1.151000,0.871589,0.279411
2,ax,21,1.156000,0.862790,0.293210
2,ax,22,1.180000,1.078906,0.101094
2,ax,23,1.084000,0.907619,0.176381
2,ax,24,0.859000,0.775727,0.083273
2,ax,25,0.713000,0.710372,0.002628
2,ax,26,0.505000,0.652442,0.147442
2,ax,27,0.411000,0.640849,0.229849
2,ax,28,0.282000,0.558676,0.276676
2,ax,29,0.313000,0.524321,0.211321
2,ax,30,0.363000,0.337128,0.025872
2,ax,31,0.576000,0.579343,0.003343
2,ax,32,0.722000,0.654865,0.067135
2,ax,33,0.751000,0.643884,0.107116
2,ax,34,0.622000,0.541456,0.080544
2,ax,35,0.701000,0.701907,0.000907
2,ax,36,0.684000,0.795835,0.111835
2,ax,37,0.799000,0.741887,0.057113
2,ax,38,0.806000,0.715607,0.090393
2,ax,39,0.646000,0.608742,0.037258
2,ax,40,0.521000,0.875353,0.354353
2,ax,41,0.457000,0.848016,0.391016
2,ax,42,0.584000,0.861440,0.277440
2,ax,43,0.512000,0.727811,0.215811
2,ax,44,0.512000,0.962538,0.450538
2,ax,45,0.696000,1.168937,0.472937
2,ax,46,0.907000,1.166750,0.259750
2,ax,47,1.067000,1.123509,0.056509
2,ax,48,1.117000,1.127471,0.010471
2,ax,49,1.117000,1.288927,0.171927
2,ax,50,0.950000,1.455919,0.505919
2,ax,51,0.871000,1.228775,0.357775
2,ax,52,0.948000,1.153522,0.205522
2,ax,53,0.986000,1.247283,0.261283
2,ax,54,1.053000,1.408539,0.355539
2,ax,55,1.074000,1.289084,0.215084
2,ax,56,1.113000,1.010122,0.102878
2,ax,57,1.230000,1.060398,0.169602
2,ax,58,1.273000,0.939528,0.333472
2,ax,59,1.218000,1.127051,0.090949
2,ax,60,1.019000,0.880104,0.138896
2,ax,61,0.835000,0.645043,0.189957
2,ax,62,0.694000,0.526055,0.167945
2,ax,63,0.828000,0.840460,0.012460
2,ay,0,2.895000,1.668495,1.226505
2,ay,1,2.900000,1.358634,1.541366
2,ay,2,3.192000,1.401300,1.790700
2,ay,3,3.417000,2.169833,1.247167
2,ay,4,2.807000,1.876452,0.930548
2,ay,5,2.230000,1.312603,0.917397
2,ay,6,2.476000,1.180454,1.295546
2,ay,7,2.299000,0.932778,1.366222
2,ay,8,1.811000,0.510186,1.300814
2,ay,9,1.677000,-0.113282,1.790282
2,ay,10,1.320000,-0.874349,2.194349
2,ay,11,1.231000,-0.431070,1.662070
2,ay,12,1.032000,-0.290400,1.322400
2,ay,13,0.784000,-0.910701,1.694701
2,ay,14,0.489000,-1.198020,1.687020
2,ay,15,0.420000,-1.095455,1.515455
2,ay,16,0.118000,-0.863466,0.981466
2,ay,17,0.101000,-1.808486,1.909486
2,ay,18,-0.198000,-2.491379,2.293379
2,ay,19,-0.371000,-2.308681,1.937681
2,ay,20,-0.679000,-2.149271,1.470271
2,ay,21,-0.849000,-2.659660,1.810660
2,ay,22,-1.000000,-2.620639,1.620639
2,ay,23,-1.125000,-2.652534,1.527534
2,ay,24,-1.192000,-1.948538,0.756538
2,ay,25,-1.338000,-2.295061,0.957061
2,ay,26,-1.366000,-2.839771,1.473771
2,ay,27,-1.505000,-2.656813,1.151813
2,ay,28,-1.656000,-2.495565,0.839565
2,ay,29,-1.860000,-2.486664,0.626664
2,ay,30,-1.910000,-2.892452,0.982452
2,ay,31,-1.970000,-2.711855,0.741855
2,ay,32,-2.102000,-1.558989,0.543011
2,ay,33,-2.185000,-1.371357,0.813643
2,ay,34,-2.310000,-1.780608,0.529392
2,ay,35,-2.178000,-1.204768,0.973232
2,ay,36,-2.025000,-0.864145,1.160855
2,ay,37,-1.884000,-0.537434,1.346566
2,ay,38,-1.936000,-1.070261,0.865739
2,ay,39,-1.989000,-1.266711,0.722289
2,ay,40,-2.027000,-0.462653,1.564347
2,ay,41,-2.295000,-0.370121,1.924879
2,ay,42,-2.473000,-0.114030,2.358970
2,ay,43,-2.487000,-0.434281,2.052719
2,ay,44,-2.336000,0.054348,2.390348
2,ay,45,-2.097000,0.686634,2.783634
2,ay,46,-1.920000,0.334044,2.254044
2,ay,47,-1.481000,-0.256294,1.224706
2,ay,48,-1.378000,0.264983,1.642983
2,ay,49,-1.477000,0.110340,1.587340
2,ay,50,-1.608000,0.118071,1.726071
2,ay,51,-1.718000,-0.305089,1.412911
2,ay,52,-1.750000,-0.133009,1.616991
2,ay,53,-1.802000,0.238755,2.040755
2,ay,54,-1.891000,-0.179692,1.711308
2,ay,55,-1.860000,-0.274418,1.585582
2,ay,56,-1.441000,-0.473874,0.967126
2,ay,57,-1.192000,-0.205068,0.986932
2,ay,58,-1.192000,-0.356689,0.835311
2,ay,59,-1.189000,-0.695970,0.493030
2,ay,60,-1.355000,-0.686219,0.668781
2,ay,61,-1.529000,-0.007430,1.521570
2,ay,62,-1.477000,-0.160385,1.316615
2,ay,63,-1.323000,-0.366302,0.956698
2,az,0,11.694000,11.786494,0.092494
2,az,1,11.543000,11.365351,0.177649
2,az,2,11.320000,11.136177,0.183823
2,az,3,11.531000,11.220257,0.310743
2,az,4,11.639000,11.445409,0.193591
2,az,5,11.225000,11.153159,0.071841
2,az,6,10.789000,10.685481,0.103519
2,az,7,10.710000,10.978993,0.268993
2,az,8,10.921000,11.343532,0.422532
2,az,9,10.992000,11.427254,0.435254
2,az,10,10.961000,11.517375,0.556375
2,az,11,10.763000,11.052412,0.289412
2,az,12,10.688000,10.829713,0.141713
2,az,13,10.406000,10.922809,0.516809
2,az,14,10.135000,10.688546,0.553546
2,az,15,10.042000,10.720102,0.678102
2,az,16,10.054000,10.410791,0.356791
2,az,17,9.843000,10.441988,0.598988
2,az,18,9.611000,10.246608,0.635608
2,az,19,9.632000,10.070498,0.438498
2,az,20,9.549000,10.250338,0.701338
2,az,21,9.383000,10.135494,0.752494
2,az,22,9.563000,10.092905,0.529905
2,az,23,9.934000,10.036049,0.102049
2,az,24,10.004000,9.649803,0.354197
2,az,25,10.116000,9.731213,0.384787
2,az,26,10.288000,9.762855,0.525145
2,az,27,10.006000,9.823645,0.182355
2,az,28,9.819000,9.722316,0.096684
2,az,29,9.656000,9.347986,0.308014
2,az,30,9.613000,9.248807,0.364193
2,az,31,9.422000,9.185701,0.236299
2,az,32,8.938000,8.837624,0.100376
2,az,33,8.725000,8.535815,0.189185
2,az,34,8.804000,8.474954,0.329046
2,az,35,9.314000,8.918785,0.395215
2,az,36,9.144000,8.954403,0.189597
2,az,37,8.725000,8.611092,0.113908
2,az,38,8.524000,8.333287,0.190713
2,az,39,8.701000,8.717051,0.016051
2,az,40,8.876000,8.820472,0.055528
2,az,41,8.730000,8.565132,0.164868
2,az,42,8.265000,8.001751,0.263249
2,az,43,8.184000,7.846198,0.337802
2,az,44,8.196000,7.882297,0.313703
2,az,45,8.148000,7.852543,0.295457
2,az,46,8.103000,8.110867,0.007867
2,az,47,8.069000,8.069813,0.000813
2,az,48,7.957000,7.930302,0.026698
2,az,49,8.141000,8.175609,0.034609
2,az,50,8.213000,8.164137,0.048863
2,az,51,8.201000,7.974519,0.226481
2,az,52,7.873000,7.608759,0.264241
2,az,53,7.564000,7.453166,0.110834
2,az,54,7.482000,7.623139,0.141139
2,az,55,7.660000,7.675707,0.015707
2,az,56,7.691000,7.497876,0.193124
2,az,57,7.660000,7.266550,0.393450
2,az,58,7.609000,7.409626,0.199374
2,az,59,7.837000,7.813299,0.023701
2,az,60,7.854000,7.724152,0.129848
2,az,61,8.036000,7.793268,0.242732
2,az,62,7.789000,7.691059,0.097941
2,az,63,7.365000,7.476691,0.111691
2,gx,0,34.214000,22.138009,12.075991
2,gx,1,33.168000,11.970142,21.197858
2,gx,2,34.504000,34.506045,0.002045
2,gx,3,37.901000,35.228110,2.672890
2,gx,4,41.374000,16.307440,25.066560
2,gx,5,48.542000,41.912583,6.629417
2,gx,6,58.840000,60.115795,1.275795
2,gx,7,67.802000,31.656876,36.145124
2,gx,8,74.748000,8.892796,65.855204
2,gx,9,79.252000,20.219500,59.032500
2,gx,10,80.107000,24.951708,55.155292
2,gx,11,79.718000,38.905155,40.812845
2,gx,12,77.489000,50.242320,27.246680
2,gx,13,73.969000,34.614518,39.354482
2,gx,14,72.137000,30.428069,41.708931
2,gx,15,72.565000,57.139635,15.425365
2,gx,16,73.046000,58.739866,14.306134
2,gx,17,75.672000,33.852764,41.819236
2,gx,18,77.992000,20.723994,57.268006
2,gx,19,77.634000,34.752988,42.881012
2,gx,20,73.221000,46.707587,26.513413
2,gx,21,68.130000,54.374503,13.755497
2,gx,22,65.641000,59.516727,6.124273
2,gx,23,66.420000,53.440369,12.979631
2,gx,24,69.237000,61.890712,7.346288
2,gx,25,72.779000,74.975579,2.196579
2,gx,26,76.519000,66.916818,9.602182
2,gx,27,78.427000,51.526726,26.900274
2,gx,28,75.641000,48.988409,26.652591
2,gx,29,68.214000,47.258651,20.955349
2,gx,30,58.107000,41.643147,16.463853
2,gx,31,48.634000,39.485071,9.148929
2,gx,32,41.359000,56.672271,15.313271
2,gx,33,36.336000,71.247810,34.911810
2,gx,34,31.557000,77.297907,45.740907
2,gx,35,25.588000,64.010882,38.422882
2,gx,36,22.916000,50.382517,27.466517
2,gx,37,25.305000,48.993438,23.688438
2,gx,38,31.198000,56.959426,25.761426
2,gx,39,37.557000,64.370255,26.813255
2,gx,40,41.985000,53.232794,11.247794
2,gx,41,42.237000,34.919947,7.317053
2,gx,42,37.992000,51.138905,13.146905
2,gx,43,29.603000,66.874639,37.271639
2,gx,44,17.397000,52.902152,35.505152
2,gx,45,5.206000,44.368641,39.162641
2,gx,46,-3.275000,42.172492,45.447492
2,gx,47,-2.305000,28.585120,30.890120
2,gx,48,5.832000,25.137060,19.305060
2,gx,49,17.069000,38.507564,21.438564
2,gx,50,23.740000,24.243494,0.503494
2,gx,51,25.580000,24.266659,1.313341
2,gx,52,23.893000,53.064017,29.171017
2,gx,53,18.878000,49.617384,30.739384
2,gx,54,11.015000,35.642120,24.627120
2,gx,55,1.061000,53.309884,52.248884
2,gx,56,-5.779000,41.063266,46.842266
2,gx,57,-6.160000,14.508636,20.668636
2,gx,58,0.122000,15.475225,15.353225
2,gx,59,10.397000,21.292797,10.895797
2,gx,60,16.229000,15.795601,0.433399
2,gx,61,16.519000,34.854187,18.335187
2,gx,62,11.397000,44.568283,33.171283
2,gx,63,2.931000,15.494016,12.563016
2,gy,0,-0.908000,-5.371877,4.463877
2,gy,1,8.771000,1.628919,7.142081
2,gy,2,16.031000,-0.219131,16.250131
2,gy,3,18.832000,0.515474,18.316526
2,gy,4,15.863000,8.666320,7.196680
2,gy,5,9.137000,3.204901,5.932099
2,gy,6,4.328000,-2.850103,7.178103
2,gy,7,2.466000,-7.176147,9.642147
2,gy,8,2.282000,-5.125161,7.407161
2,gy,9,2.321000,-8.000556,10.321556
2,gy,10,2.954000,-10.934603,13.888603
2,gy,11,2.893000,-11.043248,13.936248
2,gy,12,2.824000,-7.810944,10.634944
2,gy,13,2.870000,-7.576118,10.446118
2,gy,14,2.817000,-8.186049,11.003049
2,gy,15,3.260000,-8.225420,11.485420
2,gy,16,2.473000,-10.435338,12.908338
2,gy,17,-0.405000,-15.041696,14.636696
2,gy,18,-3.397000,-9.326009,5.929009
2,gy,19,-5.046000,-7.214398,2.168398
2,gy,20,-6.489000,-11.057737,4.568737
2,gy,21,-7.817000,-15.691354,7.874354
2,gy,22,-9.366000,-18.846555,9.480555
2,gy,23,-13.099000,-23.305544,10.206544
2,gy,24,-20.267000,-26.604740,6.337740
2,gy,25,-28.527000,-27.378345,1.148655
2,gy,26,-34.634000,-23.243591,11.390409
2,gy,27,-35.412000,-20.350668,15.061332
2,gy,28,-28.977000,-19.805402,9.171598
2,gy,29,-19.481000,-5.832276,13.648724
2,gy,30,-11.237000,-1.789016,9.447984
2,gy,31,-7.733000,-1.022446,6.710554
2,gy,32,-8.008000,-5.600419,2.407581
2,gy,33,-9.183000,-5.008946,4.174054
2,gy,34,-10.153000,-7.926063,2.226937
2,gy,35,-12.244000,-6.932770,5.311230
2,gy,36,-15.198000,-2.304626,12.893374
2,gy,37,-16.000000,-4.451351,11.548649
2,gy,38,-12.389000,-8.227911,4.161089
2,gy,39,-9.038000,-6.116566,2.921434
2,gy,40,-9.244000,4.126164,13.370164
2,gy,41,-12.099000,1.274439,13.373439
2,gy,42,-13.069000,3.657737,16.726737
2,gy,43,-10.267000,3.984920,14.251920
2,gy,44,-6.305000,10.877593,17.182593
2,gy,45,-3.260000,12.055281,15.315281
2,gy,46,-0.580000,16.677586,17.257586
2,gy,47,0.748000,12.186243,11.438243
2,gy,48,0.313000,3.408115,3.095115
2,gy,49,-1.969000,1.002395,2.971395
2,gy,50,-6.031000,-5.700515,0.330485
2,gy,51,-11.191000,-6.007088,5.183912
2,gy,52,-14.939000,-9.517981,5.421019
2,gy,53,-14.931000,-10.835495,4.095505
2,gy,54,-11.794000,-10.718998,1.075002
2,gy,55,-8.282000,-4.806344,3.475656
2,gy,56,-7.420000,-12.993031,5.573031
2,gy,57,-8.672000,-11.570953,2.898953
2,gy,58,-10.748000,-14.474031,3.726031
2,gy,59,-14.061000,-18.265473,4.204473
2,gy,60,-17.718000,-22.181972,4.463972
2,gy,61,-21.374000,-21.155382,0.218618
2,gy,62,-23.740000,-21.412210,2.327790
2,gy,63,-22.260000,-21.385491,0.874509
2,gz,0,-14.099000,-8.860746,5.238254
2,gz,1,-19.542000,-12.397351,7.144649
2,gz,2,-21.305000,-10.997607,10.307393
2,gz,3,-17.534000,-8.987279,8.546721
2,gz,4,-11.351000,-8.250123,3.100877
2,gz,5,-5.863000,-2.336997,3.526003
2,gz,6,-0.122000,5.788962,5.910962
2,gz,7,8.206000,10.095374,1.889374
2,gz,8,15.519000,13.469602,2.049398
2,gz,9,18.053000,14.239845,3.813155
2,gz,10,15.076000,10.038252,5.037748
2,gz,11,7.038000,6.166178,0.871822
2,gz,12,-2.191000,2.457098,4.648098
2,gz,13,-9.832000,-4.491480,5.340520
2,gz,14,-13.321000,-5.477226,7.843774
2,gz,15,-12.420000,-6.168740,6.251260
2,gz,16,-6.779000,-3.189194,3.589806
2,gz,17,-0.122000,3.996871,4.118871
2,gz,18,4.901000,3.509353,1.391647
2,gz,19,4.664000,-0.742317,5.406317
2,gz,20,-0.718000,1.634738,2.352738
2,gz,21,-7.779000,2.116414,9.895414
2,gz,22,-10.893000,0.499373,11.392373
2,gz,23,-7.771000,5.622093,13.393093
2,gz,24,-0.221000,7.655546,7.876546
2,gz,25,8.786000,8.680971,0.105029
2,gz,26,16.137000,15.418802,0.718198
2,gz,27,18.977000,16.529417,2.447583
2,gz,28,15.840000,10.041522,5.798478
2,gz,29,7.931000,4.722731,3.208269
2,gz,30,-1.366000,-3.558084,2.192084
2,gz,31,-7.405000,-8.011419,0.606419
2,gz,32,-9.130000,-7.402581,1.727419
2,gz,33,-7.656000,-7.728892,0.072892
2,gz,34,-4.412000,-4.138984,0.273016
2,gz,35,-0.954000,0.233061,1.187061
2,gz,36,2.939000,-0.468826,3.407826
2,gz,37,5.458000,2.237951,3.220049
2,gz,38,4.908000,4.232581,0.675419
2,gz,39,3.397000,-2.737115,6.134115
2,gz,40,3.046000,-8.654282,11.700282
2,gz,41,4.046000,-6.686323,10.732323
2,gz,42,4.580000,-7.366581,11.946581
2,gz,43,4.053000,-3.513337,7.566337
2,gz,44,2.588000,3.330914,0.742914
2,gz,45,1.366000,0.747787,0.618213
2,gz,46,0.458000,-3.134459,3.592459
2,gz,47,-0.366000,-2.719892,2.353892
2,gz,48,0.206000,-4.501766,4.707766
2,gz,49,1.611000,-8.924069,10.535069
2,gz,50,3.450000,-8.655526,12.105526
2,gz,51,5.649000,-6.069491,11.718491
2,gz,52,7.748000,-0.261604,8.009604
2,gz,53,9.115000,6.328971,2.786029
2,gz,54,8.328000,10.185021,1.857021
2,gz,55,5.084000,10.969014,5.885014
2,gz,56,0.718000,9.946689,9.228689
2,gz,57,-0.893000,4.441072,5.334072
2,gz,58,0.321000,2.150943,1.829943
2,gz,59,3.206000,0.838434,2.367566
2,gz,60,5.137000,-2.714382,7.851382
2,gz,61,5.107000,0.939970,4.167030
2,gz,62,2.550000,6.065708,3.515708
2,gz,63,-1.267000,4.711416,5.978416
3,ax,0,-0.051000,0.056179,0.107179
3,ax,1,0.074000,0.416231,0.342231
3,ax,2,0.284000,0.330320,0.046320
3,ax,3,0.342000,0.214101,0.127899
3,ax,4,0.150000,0.186426,0.036426
3,ax,5,-0.051000,0.164966,0.215966
3,ax,6,-0.123000,0.140923,0.263923
3,ax,7,-0.039000,-0.045243,0.006243
3,ax,8,0.174000,-0.432982,0.606982
3,ax,9,0.495000,-0.276188,0.771188
3,ax,10,0.533000,-0.383614,0.916614
3,ax,11,0.337000,-0.219812,0.556812
3,ax,12,0.181000,-0.327668,0.508668
3,ax,13,0.215000,-0.347151,0.562151
3,ax,14,0.143000,-0.512187,0.655187
3,ax,15,0.224000,-0.408361,0.632361
3,ax,16,0.220000,-0.195924,0.415924
3,ax,17,0.105000,-0.295438,0.400438
3,ax,18,-0.053000,-0.439617,0.386617
3,ax,19,-0.242000,-0.560132,0.318132
3,ax,20,-0.408000,-0.542297,0.134297
3,ax,21,-0.487000,-0.641127,0.154127
3,ax,22,-0.254000,-0.683807,0.429807
3,ax,23,-0.290000,-0.666862,0.376862
3,ax,24,-0.417000,-0.435752,0.018752
3,ax,25,-0.499000,-0.592454,0.093454
3,ax,26,-0.788000,-0.717278,0.070722
3,ax,27,-0.810000,-0.821238,0.011238
3,ax,28,-0.709000,-0.696689,0.012311
3,ax,29,-0.695000,-0.554969,0.140031
3,ax,30,-0.465000,-0.336652,0.128348
3,ax,31,-0.180000,-0.357188,0.177188
3,ax,32,-0.048000,0.039395,0.087395
3,ax,33,-0.089000,-0.081924,0.007076
3,ax,34,-0.197000,0.104899,0.301899
3,ax,35,-0.314000,0.174361,0.488361
3,ax,36,-0.235000,0.052204,0.287204
3,ax,37,-0.082000,0.218385,0.300385
3,ax,38,0.016000,0.329359,0.313359
3,ax,39,0.083000,0.183041,0.100041
3,ax,40,-0.008000,0.077548,0.085548
3,ax,41,-0.029000,0.147366,0.176366
3,ax,42,0.028000,0.278642,0.250642
3,ax,43,-0.020000,0.450871,0.470871
3,ax,44,-0.099000,0.228770,0.327770
3,ax,45,-0.240000,0.027005,0.267005
3,ax,46,-0.214000,0.172609,0.386609
3,ax,47,-0.266000,0.216388,0.482388
3,ax,48,-0.281000,0.035118,0.316118
3,ax,49,-0.252000,-0.116506,0.135494
3,ax,50,-0.240000,-0.152258,0.087742
3,ax,51,-0.319000,-0.112513,0.206487
3,ax,52,-0.341000,0.001738,0.342738
3,ax,53,-0.242000,0.184459,0.426459
3,ax,54,-0.293000,-0.056115,0.236885
3,ax,55,-0.357000,-0.156297,0.200703
3,ax,56,-0.396000,-0.340879,0.055121
3,ax,57,-0.446000,-0.451724,0.005724
3,ax,58,-0.525000,-0.433403,0.091597
3,ax,59,-0.779000,-0.724654,0.054346
3,ax,60,-0.879000,-0.697743,0.181257
3,ax,61,-0.702000,-0.580984,0.121016
3,ax,62,-0.800000,-0.745218,0.054782
3,ax,63,-1.001000,-0.962453,0.038547
3,ay,0,-0.689000,-0.310258,0.378742
3,ay,1,-0.742000,-0.328637,0.413363
3,ay,2,-0.464000,-0.124678,0.339322
3,ay,3,-0.557000,-0.285397,0.271603
3,ay,4,-0.564000,-0.417529,0.146471
3,ay,5,-0.833000,-0.447531,0.385469
3,ay,6,-0.914000,-0.463815,0.450185
3,ay,7,-0.773000,-0.239057,0.533943
3,ay,8,-0.710000,-0.377840,0.332160
3,ay,9,-0.552000,-0.432813,0.119187
3,ay,10,-0.320000,-0.228170,0.091830
3,ay,11,-0.339000,-0.204819,0.134181
3,ay,12,-0.100000,-0.052386,0.047614
3,ay,13,-0.198000,-0.111776,0.086224
3,ay,14,-0.205000,-0.062444,0.142556
3,ay,15,-0.160000,0.054893,0.214893
3,ay,16,-0.241000,0.231739,0.472739
3,ay,17,-0.117000,0.193374,0.310374
3,ay,18,-0.129000,0.180090,0.309090
3,ay,19,-0.303000,0.238483,0.541483
3,ay,20,-0.382000,0.220517,0.602517
3,ay,21,-0.301000,0.051572,0.352572
3,ay,22,-0.313000,-0.071503,0.241497
3,ay,23,-0.375000,-0.076479,0.298521
3,ay,24,-0.117000,0.002684,0.119684
3,ay,25,-0.363000,-0.084227,0.278773
3,ay,26,-0.461000,-0.419485,0.041515
3,ay,27,-0.313000,-0.322770,0.009770
3,ay,28,-0.497000,-0.356967,0.140033
3,ay,29,-0.464000,-0.206652,0.257348
3,ay,30,-0.428000,-0.211072,0.216928
3,ay,31,-0.323000,-0.386623,0.063623
3,ay,32,-0.031000,-0.294881,0.263881
3,ay,33,-0.019000,-0.210620,0.191620
3,ay,34,0.005000,-0.075517,0.080517
3,ay,35,0.022000,-0.153519,0.175519
3,ay,36,-0.009000,-0.342618,0.333618
3,ay,37,-0.157000,-0.209720,0.052720
3,ay,38,-0.040000,-0.079475,0.039475
3,ay,39,-0.009000,-0.130418,0.121418
3,ay,40,-0.028000,-0.248311,0.220311
3,ay,41,-0.007000,-0.410447,0.403447
3,ay,42,-0.074000,-0.472807,0.398807
3,ay,43,0.003000,-0.317534,0.320534
3,ay,44,-0.014000,-0.449008,0.435008
3,ay,45,0.015000,-0.430456,0.445456
3,ay,46,0.005000,-0.388380,0.393380
3,ay,47,-0.126000,-0.348162,0.222162
3,ay,48,0.017000,-0.231361,0.248361
3,ay,49,0.092000,-0.327760,0.419760
3,ay,50,0.096000,-0.215818,0.311818
3,ay,51,0.178000,-0.018029,0.196029
3,ay,52,0.297000,0.082386,0.214614
3,ay,53,0.278000,-0.103971,0.381971
3,ay,54,0.357000,0.012162,0.344838
3,ay,55,0.479000,0.052889,0.426111
3,ay,56,0.451000,0.096177,0.354823
3,ay,57,0.226000,0.021451,0.204549
3,ay,58,-0.011000,-0.149416,0.138416
3,ay,59,0.046000,-0.111476,0.157476
3,ay,60,-0.011000,-0.103746,0.092746
3,ay,61,-0.107000,-0.105253,0.001747
3,ay,62,-0.002000,-0.225381,0.223381
3,ay,63,-0.026000,-0.389405,0.363405
3,az,0,7.619000,8.099015,0.480015
3,az,1,7.626000,7.900658,0.274658
3,az,2,7.540000,7.788848,0.248848
3,az,3,7.645000,7.945861,0.300861
3,az,4,7.775000,8.002117,0.227117
3,az,5,8.055000,8.120412,0.065412
3,az,6,8.002000,8.285292,0.283292
3,az,7,7.846000,8.433113,0.587113
3,az,8,7.911000,8.704542,0.793542
3,az,9,7.617000,8.420844,0.803844
3,az,10,7.655000,8.555370,0.900370
3,az,11,7.983000,8.772848,0.789848
3,az,12,7.995000,8.563384,0.568384
3,az,13,8.055000,8.815921,0.760921
3,az,14,8.146000,8.949034,0.803034
3,az,15,7.985000,8.708013,0.723013
3,az,16,7.971000,8.828462,0.857462
3,az,17,8.002000,9.108408,1.106408
3,az,18,8.095000,9.201461,1.106461
3,az,19,8.095000,9.155285,1.060285
3,az,20,8.404000,9.357158,0.953158
3,az,21,8.450000,9.461609,1.011609
3,az,22,8.227000,9.122621,0.895621
3,az,23,8.337000,9.149900,0.812900
3,az,24,8.402000,8.882448,0.480448
3,az,25,8.675000,8.939528,0.264528
3,az,26,8.840000,8.973984,0.133984
3,az,27,8.605000,9.026236,0.421236
3,az,28,8.550000,8.980114,0.430114
3,az,29,8.656000,8.825624,0.169624
3,az,30,8.593000,8.837940,0.244940
3,az,31,8.584000,8.902204,0.318204
3,az,32,8.648000,8.197863,0.450137
3,az,33,8.754000,8.450076,0.303924
3,az,34,8.708000,8.401900,0.306100
3,az,35,8.514000,8.179816,0.334184
3,az,36,8.404000,8.044584,0.359416
3,az,37,8.380000,8.088291,0.291709
3,az,38,8.368000,8.020101,0.347899
3,az,39,8.500000,7.913118,0.586882
3,az,40,8.577000,7.971109,0.605891
3,az,41,8.735000,8.206179,0.528821
3,az,42,8.651000,7.879181,0.771819
3,az,43,8.763000,8.080057,0.682943
3,az,44,8.775000,8.118100,0.656900
3,az,45,8.818000,7.993709,0.824291
3,az,46,8.656000,7.890325,0.765675
3,az,47,8.773000,7.984279,0.788721
3,az,48,9.010000,8.436608,0.573392
3,az,49,8.986000,8.242369,0.743631
3,az,50,9.156000,8.216498,0.939502
3,az,51,9.491000,8.538152,0.952848
3,az,52,9.297000,8.295666,1.001334
3,az,53,9.393000,8.446281,0.946719
3,az,54,9.479000,8.611593,0.867407
3,az,55,9.436000,8.604929,0.831071
3,az,56,9.465000,9.065335,0.399665
3,az,57,9.367000,9.092076,0.274924
3,az,58,9.498000,9.124583,0.373417
3,az,59,9.577000,9.007645,0.569355
3,az,60,9.534000,9.036975,0.497025
3,az,61,9.558000,9.210329,0.347671
3,az,62,9.513000,9.026958,0.486042
3,az,63,9.702000,9.223062,0.478938
3,gx,0,-14.115000,-19.150467,5.035467
3,gx,1,-15.153000,-21.865669,6.712669
3,gx,2,-14.534000,-23.985230,9.451230
3,gx,3,-13.389000,-20.893841,7.504841
3,gx,4,-11.947000,-15.168665,3.221665
3,gx,5,-12.031000,-16.162497,4.131497
3,gx,6,-14.328000,-16.165439,1.837439
3,gx,7,-17.405000,-18.765594,1.360594
3,gx,8,-20.740000,-17.886947,2.853053
3,gx,9,-22.702000,-20.009186,2.692814
3,gx,10,-21.939000,-18.914518,3.024482
3,gx,11,-20.664000,-18.853561,1.810439
3,gx,12,-18.809000,-16.657551,2.151449
3,gx,13,-16.061000,-12.976147,3.084853
3,gx,14,-14.000000,-11.168409,2.831591
3,gx,15,-12.992000,-12.505954,0.486046
3,gx,16,-12.733000,-13.898723,1.165723
3,gx,17,-13.359000,-12.060674,1.298326
3,gx,18,-15.153000,-12.318241,2.834759
3,gx,19,-17.893000,-16.367114,1.525886
3,gx,20,-20.786000,-21.187879,0.401879
3,gx,21,-22.573000,-19.607726,2.965274
3,gx,22,-22.351000,-20.841000,1.510000
3,gx,23,-19.901000,-21.048732,1.147732
3,gx,24,-17.275000,-23.735784,6.460784
3,gx,25,-14.809000,-24.615743,9.806743
3,gx,26,-13.015000,-23.611198,10.596198
3,gx,27,-13.687000,-21.277965,7.590965
3,gx,28,-16.229000,-19.720494,3.491494
3,gx,29,-18.092000,-23.613478,5.521478
3,gx,30,-19.954000,-24.827199,4.873199
3,gx,31,-20.313000,-22.691605,2.378605
3,gx,32,-17.863000,-18.866780,1.003780
3,gx,33,-14.168000,-16.147186,1.979186
3,gx,34,-11.084000,-12.435518,1.351518
3,gx,35,-10.740000,-12.117489,1.377489
3,gx,36,-11.718000,-8.518819,3.199181
3,gx,37,-12.855000,-9.253736,3.601264
3,gx,38,-14.069000,-10.797618,3.271382
3,gx,39,-15.023000,-12.685702,2.337298
3,gx,40,-15.954000,-12.100707,3.853293
3,gx,41,-17.687000,-14.655319,3.031681
3,gx,42,-19.626000,-19.255064,0.370936
3,gx,43,-21.366000,-20.912758,0.453242
3,gx,44,-22.771000,-22.318379,0.452621
3,gx,45,-23.099000,-21.794512,1.304488
3,gx,46,-22.763000,-20.257261,2.505739
3,gx,47,-22.275000,-20.265094,2.009906
3,gx,48,-22.275000,-22.280886,0.005886
3,gx,49,-22.847000,-23.329281,0.482281
3,gx,50,-22.534000,-22.290688,0.243312
3,gx,51,-21.954000,-20.654580,1.299420
3,gx,52,-21.405000,-22.911084,1.506084
3,gx,53,-20.351000,-21.596631,1.245631
3,gx,54,-19.427000,-18.355366,1.071634
3,gx,55,-18.374000,-17.607051,0.766949
3,gx,56,-16.405000,-15.162539,1.242461
3,gx,57,-15.374000,-13.382398,1.991602
3,gx,58,-16.771000,-12.611435,4.159565
3,gx,59,-19.450000,-14.482486,4.967514
3,gx,60,-22.817000,-15.605335,7.211665
3,gx,61,-25.901000,-17.221380,8.679620
3,gx,62,-26.748000,-19.170252,7.577748
3,gx,63,-25.977000,-18.995437,6.981563
3,gy,0,-5.809000,6.030078,11.839078
3,gy,1,-4.992000,5.618187,10.610187
3,gy,2,-1.847000,4.194480,6.041480
3,gy,3,1.504000,6.148101,4.644101
3,gy,4,2.511000,5.381521,2.870521
3,gy,5,0.687000,3.324180,2.637180
3,gy,6,-2.427000,5.874754,8.301754
3,gy,7,-3.389000,7.072985,10.461985
3,gy,8,-1.137000,7.962420,9.099420
3,gy,9,2.802000,11.670608,8.868608
3,gy,10,7.305000,6.866597,0.438403
3,gy,11,8.565000,6.161411,2.403589
3,gy,12,3.282000,4.267957,0.985957
3,gy,13,-3.573000,-0.358752,3.214248
3,gy,14,-8.824000,3.732436,12.556436
3,gy,15,-10.542000,3.106731,13.648731
3,gy,16,-8.611000,-3.560384,5.050616
3,gy,17,-5.809000,2.974509,8.783509
3,gy,18,-3.969000,1.932572,5.901572
3,gy,19,-3.504000,1.941062,5.445062
3,gy,20,-4.634000,7.511530,12.145530
3,gy,21,-7.321000,4.996703,12.317703
3,gy,22,-8.275000,0.805047,9.080047
3,gy,23,-5.588000,1.633750,7.221750
3,gy,24,-3.634000,-2.205227,1.428773
3,gy,25,-3.397000,-1.990712,1.406288
3,gy,26,-4.794000,-2.786330,2.007670
3,gy,27,-6.069000,-2.272006,3.796994
3,gy,28,-4.573000,0.474462,5.047462
3,gy,29,-1.496000,0.638815,2.134815
3,gy,30,1.298000,-2.043812,3.341812
3,gy,31,4.221000,0.330939,3.890061
3,gy,32,5.954000,-0.042107,5.996107
3,gy,33,5.153000,-2.505912,7.658912
3,gy,34,1.603000,-4.336077,5.939077
3,gy,35,-1.779000,-6.139556,4.360556
3,gy,36,-3.595000,-9.732548,6.137548
3,gy,37,-2.374000,-11.535337,9.161337
3,gy,38,1.053000,-8.128880,9.181880
3,gy,39,4.038000,-4.061256,8.099256
3,gy,40,4.679000,-7.538971,12.217971
3,gy,41,2.908000,-6.352554,9.260554
3,gy,42,0.473000,-3.529301,4.002301
3,gy,43,-1.641000,-7.043244,5.402244
3,gy,44,-3.130000,-4.753000,1.623000
3,gy,45,-4.092000,-4.801630,0.709630
3,gy,46,-4.122000,-10.400169,6.278169
3,gy,47,-3.046000,-9.945554,6.899554
3,gy,48,-2.763000,-11.418896,8.655896
3,gy,49,-3.626000,-12.280371,8.654371
3,gy,50,-4.481000,-9.830650,5.349650
3,gy,51,-6.137000,-12.038606,5.901606
3,gy,52,-8.183000,-10.419884,2.236884
3,gy,53,-8.275000,-9.515366,1.240366
3,gy,54,-7.504000,-12.725683,5.221683
3,gy,55,-7.443000,-11.989262,4.546262
3,gy,56,-8.160000,-10.981945,2.821945
3,gy,57,-8.855000,-11.915372,3.060372
3,gy,58,-8.450000,-11.267454,2.817454
3,gy,59,-8.221000,-11.640776,3.419776
3,gy,60,-8.511000,-12.921055,4.410055
3,gy,61,-7.931000,-13.637819,5.706819
3,gy,62,-6.122000,-11.977446,5.855446
3,gy,63,-4.802000,-9.467932,4.665932
3,gz,0,-11.611000,-15.245024,3.634024
3,gz,1,-11.901000,-17.598270,5.697270
3,gz,2,-9.969000,-13.021024,3.052024
3,gz,3,-5.985000,-6.875095,0.890095
3,gz,4,-2.519000,-6.656454,4.137454
3,gz,5,-2.229000,-7.535261,5.306261
3,gz,6,-6.321000,-7.962854,1.641854
3,gz,7,-11.977000,-14.037200,2.060200
3,gz,8,-16.519000,-19.404477,2.885477
3,gz,9,-18.771000,-20.089092,1.318092
3,gz,10,-18.198000,-19.967418,1.769418
3,gz,11,-15.786000,-17.387948,1.601948
3,gz,12,-12.947000,-11.861927,1.085073
3,gz,13,-9.756000,-6.457424,3.298576
3,gz,14,-7.710000,-2.777343,4.932657
3,gz,15,-6.389000,-3.093950,3.295050
3,gz,16,-5.344000,-2.298958,3.045042
3,gz,17,-5.969000,-2.521999,3.447001
3,gz,18,-7.916000,-7.507984,0.408016
3,gz,19,-11.046000,-12.533440,1.487440
3,gz,20,-14.954000,-12.396427,2.557573
3,gz,21,-17.626000,-10.578131,7.047869
3,gz,22,-17.092000,-8.514006,8.577994
3,gz,23,-13.611000,-6.292871,7.318129
3,gz,24,-9.809000,-3.536059,6.272941
3,gz,25,-5.573000,-3.241873,2.331127
3,gz,26,-3.679000,-6.680752,3.001752
3,gz,27,-5.412000,-8.083340,2.671340
3,gz,28,-8.534000,-8.952223,0.418223
3,gz,29,-11.366000,-12.574187,1.208187
3,gz,30,-11.588000,-9.890625,1.697375
3,gz,31,-8.618000,-5.218175,3.399825
3,gz,32,-3.687000,-3.984742,0.297742
3,gz,33,1.412000,0.845980,0.566020
3,gz,34,4.855000,7.273471,2.418471
3,gz,35,5.649000,9.130159,3.481159
3,gz,36,4.176000,6.480313,2.304313
3,gz,37,1.580000,2.947393,1.367393
3,gz,38,-1.542000,0.089956,1.631956
3,gz,39,-3.771000,-3.670126,0.100874
3,gz,40,-5.023000,-7.898021,2.875021
3,gz,41,-6.389000,-8.502021,2.113021
3,gz,42,-8.496000,-9.362036,0.866036
3,gz,43,-11.794000,-10.576239,1.217761
3,gz,44,-14.611000,-9.292791,5.318209
3,gz,45,-15.931000,-10.246437,5.684563
3,gz,46,-15.305000,-12.338921,2.966079
3,gz,47,-13.214000,-11.650912,1.563088
3,gz,48,-10.695000,-12.617102,1.922102
3,gz,49,-7.947000,-12.135490,4.188490
3,gz,50,-4.908000,-11.461352,6.553352
3,gz,51,-2.809000,-9.308955,6.499955
3,gz,52,-1.885000,-4.143680,2.258680
3,gz,53,-2.031000,-2.205141,0.174141
3,gz,54,-3.824000,-3.185768,0.638232
3,gz,55,-5.618000,-2.830832,2.787168
3,gz,56,-5.947000,-5.478400,0.468600
3,gz,57,-6.786000,-8.977270,2.191270
3,gz,58,-9.267000,-12.474053,3.207053
3,gz,59,-13.198000,-17.869659,4.671659
3,gz,60,-16.626000,-19.912294,3.286294
3,gz,61,-19.412000,-20.389664,0.977664
3,gz,62,-20.786000,-23.440406,2.654406
3,gz,63,-20.382000,-22.983151,2.601151
4,ax,0,-0.566000,-1.277783,0.711783
4,ax,1,-0.592000,-1.162621,0.570621
4,ax,2,-0.704000,-1.556618,0.852618
4,ax,3,-0.709000,-1.425090,0.716090
4,ax,4,-0.618000,-1.072585,0.454585
4,ax,5,-0.606000,-1.005432,0.399432
4,ax,6,-0.652000,-1.038178,0.386178
4,ax,7,-0.693000,-0.979364,0.286364
4,ax,8,-0.611000,-1.060559,0.449559
4,ax,9,-0.508000,-1.184553,0.676553
4,ax,10,-0.578000,-0.883963,0.305963
4,ax,11,-0.645000,-0.821849,0.176849
4,ax,12,-0.606000,-0.747604,0.141604
4,ax,13,-0.376000,-0.856872,0.480872
4,ax,14,-0.290000,-0.984530,0.694530
4,ax,15,-0.336000,-0.971459,0.635459
4,ax,16,-0.281000,-0.613298,0.332298
4,ax,17,-0.094000,-0.478293,0.384293
4,ax,18,0.143000,-0.373034,0.516034
4,ax,19,0.050000,-0.403793,0.453793
4,ax,20,0.186000,-0.323465,0.509465
4,ax,21,0.313000,-0.247775,0.560775
4,ax,22,0.430000,-0.074920,0.504920
4,ax,23,0.450000,-0.017168,0.467168
4,ax,24,0.442000,0.190745,0.251255
4,ax,25,0.567000,0.166383,0.400617
4,ax,26,0.584000,-0.215198,0.799198
4,ax,27,0.485000,-0.155585,0.640585
4,ax,28,0.435000,0.191729,0.243271
4,ax,29,0.438000,0.039685,0.398315
4,ax,30,0.356000,0.277921,0.078079
4,ax,31,0.251000,0.308404,0.057404
4,ax,32,0.234000,0.197996,0.036004
4,ax,33,0.160000,0.311660,0.151660
4,ax,34,-0.013000,0.594598,0.607598
4,ax,35,-0.003000,0.503151,0.506151
4,ax,36,-0.013000,0.799898,0.812898
4,ax,37,-0.084000,0.855641,0.939641
4,ax,38,-0.003000,0.515635,0.518635
4,ax,39,0.016000,0.333124,0.317124
4,ax,40,-0.003000,0.470071,0.473071
4,ax,41,-0.022000,0.535255,0.557255
4,ax,42,-0.116000,0.496609,0.612609
4,ax,43,-0.096000,0.474556,0.570556
4,ax,44,-0.123000,0.360161,0.483161
4,ax,45,-0.149000,0.338840,0.487840
4,ax,46,-0.060000,0.440122,0.500122
4,ax,47,0.136000,0.579815,0.443815
4,ax,48,0.189000,0.826345,0.637345
4,ax,49,0.224000,0.847747,0.623747
4,ax,50,0.313000,0.788608,0.475608
4,ax,51,0.086000,0.401003,0.315003
4,ax,52,0.033000,0.426271,0.393271
4,ax,53,0.143000,0.561245,0.418245
4,ax,54,0.093000,0.620306,0.527306
4,ax,55,0.126000,0.450831,0.324831
4,ax,56,0.050000,0.092555,0.042555
4,ax,57,-0.063000,0.211838,0.274838
4,ax,58,0.004000,0.190637,0.186637
4,ax,59,-0.017000,0.152994,0.169994
4,ax,60,0.050000,0.600678,0.550678
4,ax,61,0.069000,0.776559,0.707559
4,ax,62,0.078000,0.499759,0.421759
4,ax,63,0.031000,0.430216,0.399216
4,ay,0,-0.078000,0.243232,0.321232
4,ay,1,-0.141000,0.325021,0.466021
4,ay,2,-0.165000,0.574217,0.739217
4,ay,3,-0.124000,0.701081,0.825081
4,ay,4,0.096000,0.790982,0.694982
4,ay,5,0.130000,0.738111,0.608111
4,ay,6,0.202000,0.755729,0.553729
4,ay,7,0.178000,0.668053,0.490053
4,ay,8,0.149000,0.404871,0.255871
4,ay,9,0.175000,0.591663,0.416663
4,ay,10,0.269000,0.859009,0.590009
4,ay,11,0.204000,0.837075,0.633075
4,ay,12,0.192000,0.618510,0.426510
4,ay,13,0.276000,0.622652,0.346652
4,ay,14,0.238000,0.726573,0.488573
4,ay,15,0.111000,0.574395,0.463395
4,ay,16,0.190000,0.338369,0.148369
4,ay,17,0.106000,0.352478,0.246478
4,ay,18,0.250000,0.251552,0.001552
4,ay,19,0.293000,-0.021687,0.314687
4,ay,20,0.475000,0.373475,0.101525
4,ay,21,0.489000,0.566086,0.077086
4,ay,22,0.769000,0.813803,0.044803
4,ay,23,0.980000,0.848858,0.131142
4,ay,24,1.296000,0.942123,0.353877
4,ay,25,1.451000,0.904249,0.546751
4,ay,26,1.593000,0.781477,0.811523
4,ay,27,1.739000,1.003764,0.735236
4,ay,28,1.961000,1.395053,0.565947
4,ay,29,2.045000,1.311599,0.733401
4,ay,30,2.215000,1.498280,0.716720
4,ay,31,2.117000,1.666913,0.450087
4,ay,32,2.005000,1.622946,0.382054
4,ay,33,1.689000,1.280945,0.408055
4,ay,34,1.528000,1.038578,0.489422
4,ay,35,1.322000,0.957628,0.364372
4,ay,36,1.013000,0.626194,0.386806
4,ay,37,0.903000,0.437019,0.465981
4,ay,38,0.922000,0.400004,0.521996
4,ay,39,0.719000,0.401152,0.317848
4,ay,40,0.728000,-0.016588,0.744588
4,ay,41,0.609000,-0.031302,0.640302
4,ay,42,0.365000,-0.087342,0.452342
4,ay,43,0.355000,-0.205321,0.560321
4,ay,44,0.247000,-0.380601,0.627601
4,ay,45,0.166000,-0.397316,0.563316
4,ay,46,0.295000,-0.360021,0.655021
4,ay,47,0.266000,-0.456247,0.722247
4,ay,48,0.161000,0.107049,0.053951
4,ay,49,0.412000,0.466151,0.054151
4,ay,50,0.398000,0.638260,0.240260
4,ay,51,0.290000,0.488543,0.198543
4,ay,52,0.388000,0.613900,0.225900
4,ay,53,0.535000,0.704797,0.169797
4,ay,54,0.640000,0.564411,0.075589
4,ay,55,0.841000,0.738147,0.102853
4,ay,56,0.767000,1.165000,0.398000
4,ay,57,0.817000,1.168535,0.351535
4,ay,58,0.597000,1.260001,0.663001
4,ay,59,0.444000,1.133149,0.689149
4,ay,60,0.558000,1.284491,0.726491
4,ay,61,0.585000,1.189066,0.604066
4,ay,62,0.628000,1.031246,0.403246
4,ay,63,0.558000,0.967962,0.409962
4,az,0,12.340000,12.179973,0.160027
4,az,1,12.304000,12.265349,0.038651
4,az,2,12.359000,12.374671,0.015671
4,az,3,12.522000,12.449754,0.072246
4,az,4,12.379000,12.336667,0.042333
4,az,5,12.446000,12.411897,0.034103
4,az,6,12.539000,12.373607,0.165393
4,az,7,12.522000,12.346038,0.175962
4,az,8,12.455000,12.452273,0.002727
4,az,9,12.450000,12.565613,0.115613
4,az,10,12.477000,12.469210,0.007790
4,az,11,12.462000,12.428259,0.033741
4,az,12,12.494000,12.445807,0.048193
4,az,13,12.326000,12.256280,0.069720
4,az,14,12.321000,12.363330,0.042330
4,az,15,12.652000,12.697699,0.045699
4,az,16,12.513000,12.659972,0.146972
4,az,17,12.314000,12.555051,0.241051
4,az,18,12.204000,12.428826,0.224826
4,az,19,12.482000,12.601035,0.119035
4,az,20,12.455000,12.694995,0.239995
4,az,21,12.532000,12.731183,0.199183
4,az,22,12.513000,12.628165,0.115165
4,az,23,12.580000,12.650827,0.070827
4,az,24,12.594000,12.702695,0.108695
4,az,25,12.386000,12.567110,0.181110
4,az,26,12.458000,12.561886,0.103886
4,az,27,12.668000,12.705997,0.037997
4,az,28,12.532000,12.663452,0.131452
4,az,29,12.549000,12.599306,0.050306
4,az,30,12.558000,12.644899,0.086899
4,az,31,12.570000,12.632912,0.062912
4,az,32,12.510000,12.547194,0.037194
4,az,33,12.489000,12.596260,0.107260
4,az,34,12.589000,12.599924,0.010924
4,az,35,12.391000,12.465424,0.074424
4,az,36,12.412000,12.439851,0.027851
4,az,37,12.482000,12.395202,0.086798
4,az,38,12.405000,12.451760,0.046760
4,az,39,12.398000,12.519569,0.121569
4,az,40,12.369000,12.283262,0.085738
4,az,41,12.180000,12.181592,0.001592
4,az,42,12.197000,12.308210,0.111210
4,az,43,12.089000,12.263889,0.174889
4,az,44,12.180000,12.289820,0.109820
4,az,45,12.221000,12.205370,0.015630
4,az,46,12.096000,12.075937,0.020063
4,az,47,11.861000,11.881482,0.020482
4,az,48,12.039000,11.976153,0.062847
4,az,49,11.950000,11.881353,0.068647
4,az,50,11.936000,11.841787,0.094213
4,az,51,12.163000,11.979315,0.183685
4,az,52,11.967000,11.869155,0.097845
4,az,53,11.814000,11.662491,0.151509
4,az,54,11.780000,11.637917,0.142083
4,az,55,11.845000,11.746053,0.098947
4,az,56,11.967000,11.851041,0.115959
4,az,57,12.051000,11.863152,0.187848
4,az,58,11.818000,11.713515,0.104485
4,az,59,11.610000,11.480840,0.129160
4,az,60,11.711000,11.634525,0.076475
4,az,61,11.787000,11.555458,0.231542
4,az,62,11.706000,11.464121,0.241879
4,az,63,11.749000,11.621639,0.127361
4,gx,0,-11.496000,3.487281,14.983281
4,gx,1,-11.641000,-1.872657,9.768343
4,gx,2,-12.565000,-2.042964,10.522036
4,gx,3,-13.809000,-1.913110,11.895890
4,gx,4,-13.779000,-2.634490,11.144510
4,gx,5,-12.695000,0.057111,12.752111
4,gx,6,-10.847000,1.809038,12.656038
4,gx,7,-9.695000,4.548494,14.243494
4,gx,8,-9.168000,5.555895,14.723895
4,gx,9,-8.794000,3.790314,12.584314
4,gx,10,-8.031000,3.821398,11.852398
4,gx,11,-7.496000,3.228104,10.724104
4,gx,12,-7.802000,2.879499,10.681499
4,gx,13,-8.893000,8.061569,16.954569
4,gx,14,-9.389000,6.415381,15.804381
4,gx,15,-9.267000,3.845000,13.112000
4,gx,16,-9.626000,5.140129,14.766129
4,gx,17,-10.550000,5.116212,15.666212
4,gx,18,-11.038000,0.950750,11.988750
4,gx,19,-10.466000,3.757396,14.223396
4,gx,20,-9.687000,5.271343,14.958343
4,gx,21,-9.298000,7.825869,17.123869
4,gx,22,-8.031000,9.130878,17.161878
4,gx,23,-6.176000,8.171296,14.347296
4,gx,24,-3.901000,6.574398,10.475398
4,gx,25,-1.702000,6.617024,8.319024
4,gx,26,0.229000,5.826940,5.597940
4,gx,27,0.397000,9.228562,8.831562
4,gx,28,0.321000,10.567532,10.246532
4,gx,29,2.099000,12.879610,10.780610
4,gx,30,5.595000,15.433058,9.838058
4,gx,31,10.664000,16.892511,6.228511
4,gx,32,15.603000,11.250788,4.352212
4,gx,33,19.466000,10.273880,9.192120
4,gx,34,22.122000,11.455457,10.666543
4,gx,35,22.511000,11.450945,11.060055
4,gx,36,21.389000,10.283003,11.105997
4,gx,37,19.023000,12.276357,6.746643
4,gx,38,17.084000,10.686157,6.397843
4,gx,39,17.641000,10.283091,7.357909
4,gx,40,21.229000,7.627871,13.601129
4,gx,41,25.076000,7.780932,17.295068
4,gx,42,28.962000,8.048484,20.913516
4,gx,43,31.115000,10.668875,20.446125
4,gx,44,30.832000,12.439790,18.392210
4,gx,45,28.458000,13.375075,15.082925
4,gx,46,25.061000,8.440102,16.620898
4,gx,47,23.092000,7.936988,15.155012
4,gx,48,21.870000,10.310527,11.559473
4,gx,49,20.985000,7.352570,13.632430
4,gx,50,21.595000,7.829879,13.765121
4,gx,51,22.901000,14.338559,8.562441
4,gx,52,22.710000,13.170816,9.539184
4,gx,53,21.824000,12.139929,9.684071
4,gx,54,20.412000,10.737284,9.674716
4,gx,55,18.931000,7.063188,11.867812
4,gx,56,18.710000,5.724124,12.985876
4,gx,57,19.893000,7.189672,12.703328
4,gx,58,21.191000,6.610939,14.580061
4,gx,59,21.092000,8.255434,12.836566
4,gx,60,19.863000,7.924957,11.938043
4,gx,61,19.382000,8.126383,11.255617
4,gx,62,19.511000,8.342942,11.168058
4,gx,63,19.351000,4.505634,14.845366
4,gy,0,-9.412000,-13.970337,4.558337
4,gy,1,-9.595000,-13.602019,4.007019
4,gy,2,-10.069000,-15.717676,5.648676
4,gy,3,-10.985000,-15.330568,4.345568
4,gy,4,-11.374000,-13.485027,2.111027
4,gy,5,-10.794000,-13.746970,2.952970
4,gy,6,-10.527000,-13.997260,3.470260
4,gy,7,-11.198000,-15.008004,3.810004
4,gy,8,-11.229000,-11.475867,0.246867
4,gy,9,-10.466000,-9.441627,1.024373
4,gy,10,-10.053000,-8.582599,1.470401
4,gy,11,-10.496000,-8.518122,1.977878
4,gy,12,-10.924000,-7.585006,3.338994
4,gy,13,-9.733000,-6.527227,3.205773
4,gy,14,-6.962000,-4.856439,2.105561
4,gy,15,-5.061000,-5.356465,0.295465
4,gy,16,-6.046000,-6.191586,0.145586
4,gy,17,-7.237000,-8.493729,1.256729
4,gy,18,-6.511000,-9.285061,2.774061
4,gy,19,-5.985000,-8.453587,2.468587
4,gy,20,-7.687000,-8.735244,1.048244
4,gy,21,-9.840000,-11.158621,1.318621
4,gy,22,-11.198000,-11.886707,0.688707
4,gy,23,-12.344000,-11.782966,0.561034
4,gy,24,-14.206000,-11.016123,3.189877
4,gy,25,-15.321000,-11.516516,3.804484
4,gy,26,-15.412000,-11.774655,3.637345
4,gy,27,-16.511000,-14.490679,2.020321
4,gy,28,-19.863000,-16.663216,3.199784
4,gy,29,-23.160000,-17.311291,5.848709
4,gy,30,-24.626000,-19.336386,5.289614
4,gy,31,-24.702000,-20.524953,4.177047
4,gy,32,-23.779000,-22.464845,1.314155
4,gy,33,-22.748000,-23.135207,0.387207
4,gy,34,-22.366000,-22.302456,0.063544
4,gy,35,-22.611000,-21.069328,1.541672
4,gy,36,-22.305000,-19.310149,2.994851
4,gy,37,-21.435000,-18.829752,2.605248
4,gy,38,-20.809000,-19.796667,1.012333
4,gy,39,-19.863000,-18.102743,1.760257
4,gy,40,-19.565000,-18.947302,0.617698
4,gy,41,-19.710000,-18.450643,1.259357
4,gy,42,-19.481000,-19.286719,0.194281
4,gy,43,-19.626000,-19.941405,0.315405
4,gy,44,-19.046000,-18.242317,0.803683
4,gy,45,-18.130000,-16.577103,1.552897
4,gy,46,-16.901000,-14.883011,2.017989
4,gy,47,-13.947000,-12.432242,1.514758
4,gy,48,-9.748000,-12.271961,2.523961
4,gy,49,-7.847000,-11.294793,3.447793
4,gy,50,-7.527000,-8.864660,1.337660
4,gy,51,-8.321000,-8.334284,0.013284
4,gy,52,-10.046000,-9.604282,0.441718
4,gy,53,-10.351000,-11.064261,0.713261
4,gy,54,-8.664000,-9.975365,1.311365
4,gy,55,-6.450000,-7.931845,1.481845
4,gy,56,-4.611000,-8.388469,3.777469
4,gy,57,-5.092000,-7.480547,2.388547
4,gy,58,-6.458000,-7.902219,1.444219
4,gy,59,-6.618000,-8.000184,1.382184
4,gy,60,-5.237000,-6.124600,0.887600
4,gy,61,-4.534000,-4.956729,0.422729
4,gy,62,-5.466000,-5.741084,0.275084
4,gy,63,-6.756000,-8.022292,1.266292
4,gz,0,6.351000,12.046053,5.695053
4,gz,1,5.931000,11.546983,5.615983
4,gz,2,5.046000,8.670226,3.624226
4,gz,3,4.176000,5.970223,1.794223
4,gz,4,4.473000,5.495165,1.022165
4,gz,5,6.473000,6.970431,0.497431
4,gz,6,8.214000,9.806198,1.592198
4,gz,7,9.023000,14.205314,5.182314
4,gz,8,8.405000,15.376322,6.971322
4,gz,9,6.939000,15.019151,8.080151
4,gz,10,6.153000,12.997676,6.844676
4,gz,11,6.481000,8.907745,2.426745
4,gz,12,6.557000,4.232597,2.324403
4,gz,13,5.855000,1.958422,3.896578
4,gz,14,5.458000,-0.194973,5.652973
4,gz,15,4.969000,3.200393,1.768607
4,gz,16,3.611000,7.699323,4.088323
4,gz,17,2.672000,8.842753,6.170753
4,gz,18,2.824000,10.806249,7.982249
4,gz,19,4.588000,12.361707,7.773707
4,gz,20,6.863000,6.656254,0.206746
4,gz,21,9.832000,5.509556,4.322444
4,gz,22,12.595000,9.411208,3.183792
4,gz,23,15.374000,11.075993,4.298007
4,gz,24,16.908000,15.294490,1.613510
4,gz,25,17.206000,19.819978,2.613978
4,gz,26,15.603000,15.665992,0.062992
4,gz,27,12.206000,12.350979,0.144979
4,gz,28,9.092000,10.441209,1.349209
4,gz,29,7.832000,4.769216,3.062784
4,gz,30,8.038000,3.957021,4.080979
4,gz,31,9.641000,8.164805,1.476195
4,gz,32,11.084000,9.854716,1.229284
4,gz,33,11.374000,12.372827,0.998827
4,gz,34,10.924000,12.103564,1.179564
4,gz,35,10.313000,7.118615,3.194385
4,gz,36,8.557000,4.270813,4.286187
4,gz,37,5.679000,1.794834,3.884166
4,gz,38,3.473000,-0.353621,3.826621
4,gz,39,3.458000,4.719096,1.261096
4,gz,40,5.542000,10.010314,4.468314
4,gz,41,9.725000,13.161542,3.436542
4,gz,42,14.725000,16.656363,1.931363
4,gz,43,17.740000,15.313033,2.426967
4,gz,44,18.450000,9.667834,8.782166
4,gz,45,16.725000,7.935419,8.789581
4,gz,46,13.366000,5.599921,7.766079
4,gz,47,9.710000,4.893388,4.816612
4,gz,48,6.405000,7.681946,1.276946
4,gz,49,3.695000,10.437142,6.742142
4,gz,50,4.458000,12.233381,7.775381
4,gz,51,8.260000,14.848187,6.588187
4,gz,52,11.763000,12.455926,0.692926
4,gz,53,14.664000,10.466094,4.197906
4,gz,54,15.779000,9.871678,5.907322
4,gz,55,14.252000,8.317837,5.934163
4,gz,56,12.634000,8.132774,4.501226
4,gz,57,11.130000,11.038838,0.091162
4,gz,58,9.908000,10.288579,0.380579
4,gz,59,8.344000,9.304635,0.960635
4,gz,60,6.817000,9.103743,2.286743
4,gz,61,7.603000,6.595332,1.007668
4,gz,62,10.939000,5.084688,5.854312
4,gz,63,14.939000,7.825900,7.113100
5,ax,0,0.751000,1.013608,0.262608
5,ax,1,0.734000,0.976454,0.242454
5,ax,2,0.653000,0.913738,0.260738
5,ax,3,0.639000,0.881000,0.242000
5,ax,4,0.713000,0.922477,0.209477
5,ax,5,0.667000,0.847446,0.180446
5,ax,6,0.682000,0.769750,0.087750
5,ax,7,0.708000,0.877618,0.169618
5,ax,8,0.730000,0.985410,0.255410
5,ax,9,0.641000,0.909881,0.268881
5,ax,10,0.663000,0.844209,0.181209
5,ax,11,0.653000,0.759350,0.106350
5,ax,12,0.660000,0.739722,0.079722
5,ax,13,0.684000,0.691882,0.007882
5,ax,14,0.821000,0.854165,0.033165
5,ax,15,0.806000,0.970056,0.164056
5,ax,16,0.576000,0.854778,0.278778
5,ax,17,0.500000,0.786450,0.286450
5,ax,18,0.495000,0.846336,0.351336
5,ax,19,0.548000,0.830501,0.282501
5,ax,20,0.502000,0.733179,0.231179
5,ax,21,0.500000,0.721589,0.221589
5,ax,22,0.596000,0.725643,0.129643
5,ax,23,0.624000,0.767343,0.143343
5,ax,24,0.730000,0.802589,0.072589
5,ax,25,0.758000,0.821566,0.063566
5,ax,26,0.572000,0.651922,0.079922
5,ax,27,0.605000,0.672948,0.067948
5,ax,28,0.660000,0.708303,0.048303
5,ax,29,0.694000,0.660567,0.033433
5,ax,30,0.648000,0.530008,0.117992
5,ax,31,0.514000,0.551556,0.037556
5,ax,32,0.514000,0.515771,0.001771
5,ax,33,0.608000,0.590650,0.017350
5,ax,34,0.744000,0.580672,0.163328
5,ax,35,0.916000,0.677676,0.238324
5,ax,36,0.696000,0.444446,0.251554
5,ax,37,0.643000,0.363147,0.279853
5,ax,38,0.576000,0.371934,0.204066
5,ax,39,0.545000,0.490336,0.054664
5,ax,40,0.581000,0.476907,0.104093
5,ax,41,0.667000,0.593646,0.073354
5,ax,42,0.658000,0.573820,0.084180
5,ax,43,0.847000,0.595942,0.251058
5,ax,44,0.825000,0.511836,0.313164
5,ax,45,0.696000,0.484251,0.211749
5,ax,46,0.603000,0.356196,0.246804
5,ax,47,0.689000,0.429214,0.259786
5,ax,48,0.675000,0.502215,0.172785
5,ax,49,0.502000,0.449635,0.052365
5,ax,50,0.392000,0.300582,0.091418
5,ax,51,0.505000,0.336897,0.168103
5,ax,52,0.519000,0.291155,0.227845
5,ax,53,0.569000,0.281848,0.287152
5,ax,54,0.445000,0.197303,0.247697
5,ax,55,0.426000,0.195579,0.230421
5,ax,56,0.236000,0.156421,0.079579
5,ax,57,0.177000,0.170147,0.006853
5,ax,58,0.359000,0.341092,0.017908
5,ax,59,0.517000,0.465790,0.051210
5,ax,60,0.526000,0.416993,0.109007
5,ax,61,0.497000,0.364685,0.132315
5,ax,62,0.483000,0.364358,0.118642
5,ax,63,0.533000,0.398813,0.134187
5,ay,0,-0.133000,-0.318466,0.185466
5,ay,1,-0.361000,-0.333970,0.027030
5,ay,2,-0.538000,-0.447412,0.090588
5,ay,3,-0.512000,-0.423496,0.088504
5,ay,4,-0.622000,-0.376234,0.245766
5,ay,5,-0.500000,-0.030051,0.469949
5,ay,6,-0.088000,-0.106926,0.018926
5,ay,7,-0.074000,-0.151982,0.077982
5,ay,8,0.008000,-0.014531,0.022531
5,ay,9,0.281000,0.281980,0.000980
5,ay,10,0.336000,0.134293,0.201707
5,ay,11,0.245000,0.108762,0.136238
5,ay,12,0.010000,-0.265274,0.275274
5,ay,13,-0.031000,-0.387015,0.356015
5,ay,14,-0.054000,-0.357556,0.303556
5,ay,15,-0.323000,-0.524944,0.201944
5,ay,16,-0.428000,-0.827150,0.399150
5,ay,17,-0.469000,-0.933924,0.464924
5,ay,18,-0.282000,-0.665244,0.383244
5,ay,19,-0.078000,-0.663700,0.585700
5,ay,20,-0.081000,-0.849200,0.768200
5,ay,21,-0.165000,-0.871214,0.706214
5,ay,22,-0.098000,-0.572602,0.474602
5,ay,23,-0.064000,-0.679034,0.615034
5,ay,24,-0.165000,-0.581631,0.416631
5,ay,25,-0.339000,-0.824774,0.485774
5,ay,26,-0.490000,-0.675084,0.185084
5,ay,27,-0.205000,-0.486514,0.281514
5,ay,28,-0.380000,-0.587353,0.207353
5,ay,29,-0.615000,-0.892780,0.277780
5,ay,30,-0.782000,-0.984398,0.202398
5,ay,31,-1.019000,-1.114657,0.095657
5,ay,32,-1.256000,-1.085424,0.170576
5,ay,33,-1.386000,-1.271327,0.114673
5,ay,34,-1.412000,-1.735290,0.323290
5,ay,35,-1.383000,-1.621563,0.238563
5,ay,36,-1.426000,-1.478441,0.052441
5,ay,37,-1.355000,-1.377093,0.022093
5,ay,38,-1.525000,-1.488946,0.036054
5,ay,39,-1.546000,-1.188919,0.357081
5,ay,40,-1.431000,-1.232957,0.198043
5,ay,41,-1.237000,-1.080020,0.156980
5,ay,42,-1.225000,-0.952852,0.272148
5,ay,43,-0.924000,-0.754573,0.169427
5,ay,44,-0.837000,-0.884276,0.047276
5,ay,45,-0.804000,-0.668468,0.135532
5,ay,46,-0.615000,-0.660792,0.045792
5,ay,47,-0.507000,-0.522496,0.015496
5,ay,48,-0.672000,-0.382925,0.289075
5,ay,49,-0.658000,-0.437227,0.220773
5,ay,50,-0.837000,-0.523680,0.313320
5,ay,51,-0.837000,-0.543522,0.293478
5,ay,52,-0.751000,-0.385683,0.365317
5,ay,53,-0.567000,-0.460862,0.106138
5,ay,54,-0.495000,-0.546584,0.051584
5,ay,55,-0.536000,-0.603433,0.067433
5,ay,56,-0.830000,-0.250139,0.579861
5,ay,57,-0.667000,-0.042942,0.624058
5,ay,58,-0.433000,0.063715,0.496715
5,ay,59,-0.658000,-0.107072,0.550928
5,ay,60,-0.397000,0.360883,0.757883
5,ay,61,-0.090000,0.622290,0.712290
5,ay,62,-0.241000,0.493264,0.734264
5,ay,63,-0.117000,0.521434,0.638434
5,az,0,8.878000,8.543848,0.334152
5,az,1,8.811000,8.348443,0.462557
5,az,2,8.783000,8.129468,0.653532
5,az,3,8.787000,8.143962,0.643038
5,az,4,8.759000,8.273905,0.485095
5,az,5,8.759000,8.167052,0.591948
5,az,6,8.565000,8.282463,0.282537
5,az,7,8.605000,8.408528,0.196472
5,az,8,8.732000,8.675747,0.056253
5,az,9,8.876000,8.535117,0.340883
5,az,10,8.620000,8.577880,0.042120
5,az,11,8.553000,8.450364,0.102636
5,az,12,8.452000,8.394570,0.057430
5,az,13,8.466000,8.210030,0.255970
5,az,14,8.340000,8.256875,0.083125
5,az,15,8.490000,8.375731,0.114269
5,az,16,8.665000,8.406719,0.258281
5,az,17,8.658000,8.441864,0.216136
5,az,18,8.680000,8.505477,0.174523
5,az,19,8.581000,8.519047,0.061953
5,az,20,8.519000,8.369280,0.149720
5,az,21,8.466000,8.321116,0.144884
5,az,22,8.610000,8.366236,0.243764
5,az,23,8.620000,8.482259,0.137741
5,az,24,8.581000,8.443058,0.137942
5,az,25,8.759000,8.587294,0.171706
5,az,26,9.055000,8.898181,0.156819
5,az,27,8.948000,9.066146,0.118146
5,az,28,8.773000,8.773945,0.000945
5,az,29,8.493000,8.482918,0.010082
5,az,30,8.596000,8.546180,0.049820
5,az,31,8.428000,8.624507,0.196507
5,az,32,8.419000,8.511980,0.092980
5,az,33,8.201000,8.367328,0.166328
5,az,34,8.203000,8.700106,0.497106
5,az,35,8.297000,8.738936,0.441936
5,az,36,8.349000,8.925054,0.576054
5,az,37,8.270000,8.789838,0.519838
5,az,38,8.419000,8.857613,0.438613
5,az,39,8.428000,8.613948,0.185948
5,az,40,8.502000,8.638828,0.136828
5,az,41,8.423000,8.637573,0.214573
5,az,42,8.522000,8.861093,0.339093
5,az,43,8.680000,8.858106,0.178106
5,az,44,8.682000,8.890722,0.208722
5,az,45,8.900000,9.027584,0.127584
5,az,46,8.799000,9.234767,0.435767
5,az,47,8.909000,9.043042,0.134042
5,az,48,8.675000,8.783432,0.108432
5,az,49,8.675000,8.802712,0.127712
5,az,50,8.665000,8.847960,0.182960
5,az,51,8.795000,8.879265,0.084265
5,az,52,8.773000,8.683005,0.089995
5,az,53,8.998000,9.109910,0.111910
5,az,54,8.921000,9.161749,0.240749
5,az,55,8.778000,9.063993,0.285993
5,az,56,8.838000,8.682545,0.155455
5,az,57,8.881000,8.915563,0.034563
5,az,58,8.768000,8.874708,0.106708
5,az,59,8.804000,8.835280,0.031280
5,az,60,8.936000,8.758413,0.177587
5,az,61,8.883000,9.056679,0.173679
5,az,62,9.010000,9.218223,0.208223
5,az,63,8.945000,9.261836,0.316836
5,gx,0,3.229000,2.854892,0.374108
5,gx,1,5.298000,5.377415,0.079415
5,gx,2,7.038000,8.312327,1.274327
5,gx,3,6.489000,9.803685,3.314685
5,gx,4,4.489000,10.843754,6.354754
5,gx,5,2.985000,8.331268,5.346268
5,gx,6,1.542000,3.638621,2.096621
5,gx,7,0.733000,3.041492,2.308492
5,gx,8,0.672000,-1.043198,1.715198
5,gx,9,1.122000,0.077552,1.044448
5,gx,10,2.015000,3.338245,1.323245
5,gx,11,4.061000,5.630171,1.569171
5,gx,12,6.611000,8.181355,1.570355
5,gx,13,8.244000,9.311480,1.067480
5,gx,14,8.962000,8.344150,0.617850
5,gx,15,9.366000,6.849760,2.516240
5,gx,16,8.031000,4.684205,3.346795
5,gx,17,4.863000,2.326562,2.536438
5,gx,18,2.313000,0.308512,2.004488
5,gx,19,2.046000,-0.330095,2.376095
5,gx,20,3.000000,0.906603,2.093397
5,gx,21,4.466000,2.804364,1.661636
5,gx,22,5.916000,2.830705,3.085295
5,gx,23,6.656000,1.838090,4.817910
5,gx,24,6.168000,-1.318100,7.486100
5,gx,25,5.435000,-2.701174,8.136174
5,gx,26,5.580000,-5.930924,11.510924
5,gx,27,5.863000,-3.641838,9.504838
5,gx,28,6.382000,-0.867642,7.249642
5,gx,29,7.305000,-0.661917,7.966917
5,gx,30,8.634000,3.629105,5.004895
5,gx,31,8.802000,3.977824,4.824176
5,gx,32,7.427000,0.596238,6.830762
5,gx,33,4.115000,-1.524787,5.639787
5,gx,34,-0.038000,-4.251690,4.213690
5,gx,35,-2.947000,-6.621461,3.674461
5,gx,36,-4.718000,-6.766974,2.048974
5,gx,37,-4.588000,-5.944888,1.356888
5,gx,38,-3.916000,-5.616928,1.700928
5,gx,39,-4.176000,-7.737504,3.561504
5,gx,40,-5.649000,-5.781951,0.132951
5,gx,41,-7.947000,-8.225100,0.278100
5,gx,42,-10.679000,-8.575928,2.103072
5,gx,43,-12.244000,-8.857139,3.386861
5,gx,44,-11.748000,-9.633002,2.114998
5,gx,45,-9.992000,-9.451371,0.540629
5,gx,46,-9.046000,-8.305189,0.740811
5,gx,47,-8.076000,-7.603421,0.472579
5,gx,48,-7.130000,-5.006350,2.123650
5,gx,49,-6.160000,-4.991718,1.168282
5,gx,50,-7.427000,-5.896982,1.530018
5,gx,51,-9.840000,-7.225716,2.614284
5,gx,52,-13.328000,-11.382636,1.945364
5,gx,53,-15.725000,-14.820234,0.904766
5,gx,54,-16.542000,-14.287558,2.254442
5,gx,55,-15.901000,-14.313925,1.587075
5,gx,56,-15.672000,-11.788183,3.883817
5,gx,57,-16.710000,-11.188838,5.521162
5,gx,58,-19.160000,-9.532814,9.627186
5,gx,59,-21.183000,-11.272221,9.910779
5,gx,60,-21.748000,-10.575787,11.172213
5,gx,61,-22.267000,-10.234506,12.032494
5,gx,62,-21.420000,-12.277875,9.142125
5,gx,63,-19.275000,-11.058810,8.216190
5,gy,0,-9.893000,-7.124310,2.768690
5,gy,1,-8.916000,-5.509887,3.406113
5,gy,2,-7.290000,-1.715878,5.574122
5,gy,3,-6.344000,-4.087372,2.256628
5,gy,4,-6.916000,-4.185818,2.730182
5,gy,5,-8.756000,-3.819280,4.936720
5,gy,6,-10.748000,-8.459971,2.288029
5,gy,7,-11.275000,-8.899272,2.375728
5,gy,8,-11.092000,-11.348442,0.256442
5,gy,9,-11.061000,-13.597700,2.536700
5,gy,10,-10.969000,-11.294687,0.325687
5,gy,11,-9.534000,-12.001187,2.467187
5,gy,12,-7.252000,-6.182661,1.069339
5,gy,13,-5.519000,-5.888913,0.369913
5,gy,14,-5.298000,-6.180667,0.882667
5,gy,15,-5.832000,-4.704907,1.127093
5,gy,16,-8.496000,-9.438799,0.942799
5,gy,17,-12.412000,-11.692319,0.719681
5,gy,18,-15.611000,-13.921666,1.689334
5,gy,19,-17.137000,-14.728973,2.408027
5,gy,20,-16.374000,-13.015437,3.358563
5,gy,21,-14.000000,-11.454145,2.545855
5,gy,22,-10.466000,-8.107306,2.358694
5,gy,23,-7.450000,-5.062960,2.387040
5,gy,24,-6.366000,-5.848367,0.517633
5,gy,25,-6.473000,-3.228947,3.244053
5,gy,26,-8.069000,-3.197751,4.871249
5,gy,27,-11.557000,-6.662678,4.894322
5,gy,28,-13.359000,-9.797160,3.561840
5,gy,29,-12.595000,-9.418246,3.176754
5,gy,30,-9.595000,-7.217677,2.377323
5,gy,31,-6.802000,-4.233172,2.568828
5,gy,32,-4.427000,-5.244309,0.817309
5,gy,33,-2.122000,-2.634691,0.512691
5,gy,34,0.412000,-2.436627,2.848627
5,gy,35,1.008000,-3.302869,4.310869
5,gy,36,-0.954000,-3.265265,2.311265
5,gy,37,-4.466000,-7.650262,3.184262
5,gy,38,-6.954000,-9.503940,2.549940
5,gy,39,-8.366000,-10.594815,2.228815
5,gy,40,-8.832000,-8.961048,0.129048
5,gy,41,-8.580000,-9.447027,0.867027
5,gy,42,-7.366000,-8.913500,1.547500
5,gy,43,-6.550000,-8.850959,2.300959
5,gy,44,-7.099000,-5.677500,1.421500
5,gy,45,-8.885000,-8.931766,0.046766
5,gy,46,-11.214000,-11.249511,0.035511
5,gy,47,-11.893000,-11.324471,0.568529
5,gy,48,-10.618000,-12.506530,1.888530
5,gy,49,-8.550000,-10.176191,1.626191
5,gy,50,-6.802000,-9.674373,2.872373
5,gy,51,-5.237000,-8.991372,3.754372
5,gy,52,-3.947000,-7.251487,3.304487
5,gy,53,-3.962000,-7.747430,3.785430
5,gy,54,-5.916000,-4.750977,1.165023
5,gy,55,-8.344000,-6.043763,2.300237
5,gy,56,-9.260000,-11.958415,2.698415
5,gy,57,-8.870000,-10.566932,1.696932
5,gy,58,-7.527000,-11.637689,4.110689
5,gy,59,-4.260000,-7.936653,3.676653
5,gy,60,-0.947000,-7.646608,6.699608
5,gy,61,0.458000,-5.881788,6.339788
5,gy,62,0.206000,-1.260255,1.466255
5,gy,63,-0.992000,-0.290419,0.701581
5,gz,0,1.275000,1.260633,0.014367
5,gz,1,1.344000,1.544690,0.200690
5,gz,2,-1.214000,-1.127919,0.086081
5,gz,3,-4.290000,-2.885580,1.404420
5,gz,4,-5.504000,-6.475507,0.971507
5,gz,5,-4.817000,-6.581005,1.764005
5,gz,6,-3.053000,-3.403293,0.350293
5,gz,7,-1.008000,-0.035448,0.972552
5,gz,8,-0.275000,2.120242,2.395242
5,gz,9,-0.939000,1.611746,2.550746
5,gz,10,-1.733000,5.030793,6.763793
5,gz,11,-1.840000,3.562849,5.402849
5,gz,12,-1.634000,3.208005,4.842005
5,gz,13,-1.397000,3.145791,4.542791
5,gz,14,0.031000,3.028489,2.997489
5,gz,15,2.511000,4.528924,2.017924
5,gz,16,3.351000,4.956453,1.605453
5,gz,17,2.046000,6.769667,4.723667
5,gz,18,0.733000,7.732171,6.999171
5,gz,19,1.557000,9.191046,7.634046
5,gz,20,4.328000,12.027563,7.699563
5,gz,21,7.092000,14.094570,7.002570
5,gz,22,8.420000,11.561885,3.141885
5,gz,23,8.824000,9.053857,0.229857
5,gz,24,9.603000,6.087413,3.515587
5,gz,25,10.420000,7.189077,3.230923
5,gz,26,9.802000,3.589693,6.212307
5,gz,27,8.145000,4.614160,3.530840
5,gz,28,7.427000,4.710232,2.716768
5,gz,29,6.847000,0.422528,6.424472
5,gz,30,5.649000,0.457336,5.191664
5,gz,31,3.099000,-2.800727,5.899727
5,gz,32,-1.069000,-2.381665,1.312665
5,gz,33,-5.069000,-6.988372,1.919372
5,gz,34,-7.496000,-5.554285,1.941715
5,gz,35,-6.840000,-4.787997,2.052003
5,gz,36,-3.855000,-3.421451,0.433549
5,gz,37,0.527000,0.451001,0.075999
5,gz,38,4.763000,2.534171,2.228829
5,gz,39,7.282000,5.927251,1.354749
5,gz,40,8.527000,5.099826,3.427174
5,gz,41,10.061000,7.292922,2.768078
5,gz,42,12.427000,9.535092,2.891908
5,gz,43,14.733000,11.119105,3.613895
5,gz,44,17.527000,12.330393,5.196607
5,gz,45,20.107000,15.994338,4.112662
5,gz,46,20.115000,17.099191,3.015809
5,gz,47,18.580000,15.239782,3.340218
5,gz,48,16.282000,12.103244,4.178756
5,gz,49,12.878000,10.025261,2.852739
5,gz,50,8.924000,5.488940,3.435060
5,gz,51,4.282000,2.705745,1.576255
5,gz,52,0.115000,-0.151404,0.266404
5,gz,53,-2.427000,-6.130418,3.703418
5,gz,54,-2.763000,-7.535555,4.772555
5,gz,55,-2.115000,-8.368938,6.253938
5,gz,56,-2.061000,-3.316213,1.255213
5,gz,57,-4.252000,-1.601442,2.650558
5,gz,58,-5.908000,-0.341824,5.566176
5,gz,59,-6.344000,0.983611,7.327611
5,gz,60,-6.588000,0.613231,7.201231
5,gz,61,-5.015000,1.594535,6.609535
5,gz,62,-1.908000,-2.241772,0.333772
5,gz,63,1.145000,-2.130633,3.275633
6,ax,0,0.198000,0.247527,0.049527
6,ax,1,0.473000,0.409658,0.063342
6,ax,2,0.404000,0.117743,0.286257
6,ax,3,0.289000,-0.223928,0.512928
6,ax,4,0.205000,-0.022758,0.227758
6,ax,5,0.126000,-0.113501,0.239501
6,ax,6,0.198000,-0.002166,0.200166
6,ax,7,0.272000,0.111175,0.160825
6,ax,8,0.378000,0.498452,0.120452
6,ax,9,0.332000,0.355176,0.023176
6,ax,10,0.347000,0.256277,0.090723
6,ax,11,0.337000,0.117852,0.219148
6,ax,12,0.380000,0.167672,0.212328
6,ax,13,0.260000,0.097432,0.162568
6,ax,14,0.375000,0.122446,0.252554
6,ax,15,0.603000,0.429347,0.173653
6,ax,16,0.672000,0.431240,0.240760
6,ax,17,0.459000,0.197364,0.261636
6,ax,18,0.335000,0.280153,0.054847
6,ax,19,0.078000,0.249843,0.171843
6,ax,20,0.047000,0.061448,0.014448
6,ax,21,0.098000,-0.165492,0.263492
6,ax,22,0.461000,0.047056,0.413944
6,ax,23,0.337000,0.029397,0.307603
6,ax,24,0.038000,-0.000518,0.038518
6,ax,25,0.011000,0.389771,0.378771
6,ax,26,0.069000,0.425359,0.356359
6,ax,27,-0.072000,0.286846,0.358846
6,ax,28,-0.106000,0.099107,0.205107
6,ax,29,-0.132000,0.269546,0.401546
6,ax,30,-0.111000,0.201564,0.312564
6,ax,31,0.181000,0.338373,0.157373
6,ax,32,0.241000,0.441797,0.200797
6,ax,33,0.184000,0.437810,0.253810
6,ax,34,0.090000,0.303928,0.213928
6,ax,35,-0.058000,0.058985,0.116985
6,ax,36,-0.223000,0.054441,0.277441
6,ax,37,-0.432000,-0.065448,0.366552
6,ax,38,-0.350000,-0.258407,0.091593
6,ax,39,-0.386000,-0.335815,0.050185
6,ax,40,-0.369000,0.000366,0.369366
6,ax,41,-0.228000,-0.038832,0.189168
6,ax,42,0.078000,0.250982,0.172982
6,ax,43,0.301000,0.385875,0.084875
6,ax,44,0.153000,0.350861,0.197861
6,ax,45,0.141000,0.136464,0.004536
6,ax,46,0.114000,0.095607,0.018393
6,ax,47,0.208000,0.247687,0.039687
6,ax,48,0.320000,0.161691,0.158309
6,ax,49,0.387000,0.384221,0.002779
6,ax,50,0.359000,0.264518,0.094482
6,ax,51,0.349000,0.388164,0.039164
6,ax,52,0.371000,0.101297,0.269703
6,ax,53,0.387000,0.120549,0.266451
6,ax,54,0.189000,-0.002421,0.191421
6,ax,55,0.021000,-0.094537,0.115537
6,ax,56,-0.039000,-0.147081,0.108081
6,ax,57,-0.005000,-0.055386,0.050386
6,ax,58,-0.008000,0.080329,0.088329
6,ax,59,0.066000,0.267917,0.201917
6,ax,60,0.227000,0.328379,0.101379
6,ax,61,0.416000,0.413161,0.002839
6,ax,62,0.411000,0.388541,0.022459
6,ax,63,0.251000,0.312902,0.061902
6,ay,0,0.195000,0.465654,0.270654
6,ay,1,0.357000,0.296278,0.060722
6,ay,2,0.405000,0.510613,0.105613
6,ay,3,0.556000,0.640653,0.084653
6,ay,4,0.326000,0.650537,0.324537
6,ay,5,0.216000,0.241847,0.025847
6,ay,6,0.187000,0.321026,0.134026
6,ay,7,0.355000,0.364895,0.009895
6,ay,8,0.489000,0.508905,0.019905
6,ay,9,0.369000,0.361710,0.007290
6,ay,10,0.257000,0.320427,0.063427
6,ay,11,0.187000,0.543073,0.356073
6,ay,12,0.317000,0.770504,0.453504
6,ay,13,0.386000,0.702011,0.316011
6,ay,14,0.546000,0.486797,0.059203
6,ay,15,0.621000,0.798531,0.177531
6,ay,16,0.810000,0.630298,0.179702
6,ay,17,0.834000,0.337088,0.496912
6,ay,18,0.652000,0.028510,0.623490
6,ay,19,0.305000,-0.218424,0.523424
6,ay,20,0.381000,0.146783,0.234217
6,ay,21,0.388000,0.080509,0.307491
6,ay,22,0.523000,0.003912,0.519088
6,ay,23,0.257000,-0.030373,0.287373
6,ay,24,0.374000,0.237330,0.136670
6,ay,25,0.206000,-0.015360,0.221360
6,ay,26,0.233000,-0.112256,0.345256
6,ay,27,0.137000,-0.132456,0.269456
6,ay,28,0.192000,0.086401,0.105599
6,ay,29,-0.007000,-0.094296,0.087296
6,ay,30,0.204000,-0.293535,0.497535
6,ay,31,0.242000,0.059883,0.182117
6,ay,32,0.286000,0.098314,0.187686
6,ay,33,0.408000,0.419736,0.011736
6,ay,34,0.429000,0.274103,0.154897
6,ay,35,0.714000,0.258692,0.455308
6,ay,36,0.520000,0.309163,0.210837
6,ay,37,0.278000,0.354090,0.076090
6,ay,38,0.257000,0.019435,0.237565
6,ay,39,0.190000,-0.157524,0.347524
6,ay,40,0.156000,0.305589,0.149589
6,ay,41,0.357000,0.347613,0.009387
6,ay,42,0.573000,0.307949,0.265051
6,ay,43,0.554000,0.106258,0.447742
6,ay,44,0.357000,0.291445,0.065555
6,ay,45,0.388000,0.398257,0.010257
6,ay,46,0.221000,0.255027,0.034027
6,ay,47,0.211000,0.130493,0.080507
6,ay,48,0.046000,0.058419,0.012419
6,ay,49,0.116000,0.387888,0.271888
6,ay,50,0.077000,0.058408,0.018592
6,ay,51,0.166000,0.250464,0.084464
6,ay,52,0.295000,0.343842,0.048842
6,ay,53,0.369000,0.607338,0.238338
6,ay,54,0.199000,0.421367,0.222367
6,ay,55,-0.038000,0.291340,0.329340
6,ay,56,-0.246000,0.279192,0.525192
6,ay,57,-0.342000,0.260456,0.602456
6,ay,58,-0.167000,0.340900,0.507900
6,ay,59,-0.002000,0.230172,0.232172
6,ay,60,0.218000,0.522893,0.304893
6,ay,61,0.353000,0.781590,0.428590
6,ay,62,0.417000,1.190563,0.773563
6,ay,63,0.321000,0.759054,0.438054
6,az,0,11.210000,11.698067,0.488067
6,az,1,11.332000,11.853719,0.521719
6,az,2,11.598000,11.872704,0.274704
6,az,3,11.510000,11.839456,0.329456
6,az,4,11.383000,11.646200,0.263200
6,az,5,11.416000,11.870736,0.454736
6,az,6,11.222000,11.764849,0.542849
6,az,7,11.354000,11.688135,0.334135
6,az,8,11.335000,11.838914,0.503914
6,az,9,11.411000,12.062362,0.651362
6,az,10,11.464000,11.900018,0.436018
6,az,11,11.531000,12.053601,0.522601
6,az,12,11.505000,11.968968,0.463968
6,az,13,11.680000,12.164184,0.484184
6,az,14,11.620000,12.276327,0.656327
6,az,15,11.548000,12.363956,0.815956
6,az,16,11.720000,12.275607,0.555607
6,az,17,11.969000,12.430697,0.461697
6,az,18,12.096000,12.396471,0.300471
6,az,19,12.103000,12.275278,0.172278
6,az,20,12.053000,12.470228,0.417228
6,az,21,11.945000,12.578491,0.633491
6,az,22,11.766000,12.219471,0.453471
6,az,23,12.003000,12.216786,0.213786
6,az,24,12.247000,12.396883,0.149883
6,az,25,12.209000,12.229832,0.020832
6,az,26,12.082000,12.188763,0.106763
6,az,27,12.134000,12.135291,0.001291
6,az,28,12.008000,12.118125,0.110125
6,az,29,12.087000,12.112584,0.025584
6,az,30,12.072000,12.035989,0.036011
6,az,31,11.917000,11.974411,0.057411
6,az,32,12.142000,11.907383,0.234617
6,az,33,12.331000,12.268438,0.062562
6,az,34,12.383000,11.935210,0.447790
6,az,35,12.395000,11.878443,0.516557
6,az,36,12.237000,11.839705,0.397295
6,az,37,12.290000,11.984559,0.305441
6,az,38,12.053000,11.723177,0.329823
6,az,39,12.247000,11.963449,0.283551
6,az,40,12.288000,11.794703,0.493297
6,az,41,12.381000,11.683979,0.697021
6,az,42,12.362000,11.467721,0.894279
6,az,43,12.316000,11.726275,0.589725
6,az,44,12.381000,11.681956,0.699044
6,az,45,12.316000,11.618360,0.697640
6,az,46,12.352000,11.758100,0.593900
6,az,47,12.122000,11.643301,0.478699
6,az,48,12.185000,11.785685,0.399315
6,az,49,12.252000,11.825748,0.426252
6,az,50,12.352000,11.902219,0.449781
6,az,51,12.369000,11.882812,0.486188
6,az,52,12.532000,12.284065,0.247935
6,az,53,12.448000,12.131027,0.316973
6,az,54,12.537000,12.057369,0.479631
6,az,55,12.498000,12.090078,0.407922
6,az,56,12.438000,12.469485,0.031485
6,az,57,12.326000,12.091084,0.234916
6,az,58,12.357000,12.350079,0.006921
6,az,59,12.345000,12.349576,0.004576
6,az,60,12.309000,12.226258,0.082742
6,az,61,12.271000,12.174638,0.096362
6,az,62,12.326000,12.366624,0.040624
6,az,63,12.386000,12.269393,0.116607
6,gx,0,-21.924000,-23.632842,1.708842
6,gx,1,-20.275000,-20.271156,0.003844
6,gx,2,-16.603000,-13.434835,3.168165
6,gx,3,-12.328000,-9.948726,2.379274
6,gx,4,-9.641000,-10.179635,0.538635
6,gx,5,-9.412000,-14.126204,4.714204
6,gx,6,-12.282000,-20.256383,7.974383
6,gx,7,-15.611000,-20.811645,5.200645
6,gx,8,-16.901000,-15.865040,1.035960
6,gx,9,-16.405000,-9.623425,6.781575
6,gx,10,-15.977000,-5.388470,10.588530
6,gx,11,-16.252000,-9.722369,6.529631
6,gx,12,-16.550000,-12.296427,4.253573
6,gx,13,-15.947000,-13.342598,2.604402
6,gx,14,-15.672000,-16.012006,0.340006
6,gx,15,-16.084000,-15.514801,0.569199
6,gx,16,-14.840000,-11.170226,3.669774
6,gx,17,-12.374000,-3.913307,8.460693
6,gx,18,-10.053000,-3.884835,6.168165
6,gx,19,-9.649000,-8.777695,0.871305
6,gx,20,-10.977000,-11.299367,0.322367
6,gx,21,-12.756000,-11.856646,0.899354
6,gx,22,-13.038000,-12.853477,0.184523
6,gx,23,-11.992000,-11.266284,0.725716
6,gx,24,-10.450000,-9.935904,0.514096
6,gx,25,-9.969000,-9.061109,0.907891
6,gx,26,-9.450000,-8.698642,0.751358
6,gx,27,-8.710000,-9.973752,1.263752
6,gx,28,-7.893000,-10.993852,3.100852
6,gx,29,-7.534000,-15.222148,7.688148
6,gx,30,-7.366000,-15.504393,8.138393
6,gx,31,-7.977000,-10.455842,2.478842
6,gx,32,-7.595000,-6.950702,0.644298
6,gx,33,-6.977000,-5.871071,1.105929
6,gx,34,-6.511000,-7.754741,1.243741
6,gx,35,-5.809000,-8.472162,2.663162
6,gx,36,-4.809000,-7.718178,2.909178
6,gx,37,-3.031000,-11.496511,8.465511
6,gx,38,-1.786000,-10.984059,9.198059
6,gx,39,-2.176000,-6.006090,3.830090
6,gx,40,-3.992000,-1.593851,2.398149
6,gx,41,-6.420000,0.107755,6.527755
6,gx,42,-7.168000,-3.049657,4.118343
6,gx,43,-5.298000,-4.843852,0.454148
6,gx,44,-2.809000,-3.771579,0.962579
6,gx,45,-1.321000,-2.716015,1.395015
6,gx,46,-0.748000,-2.290804,1.542804
6,gx,47,-0.710000,-1.144240,0.434240
6,gx,48,-0.458000,0.356286,0.814286
6,gx,49,-0.183000,4.095879,4.278879
6,gx,50,-0.573000,1.718365,2.291365
6,gx,51,-1.229000,-2.111771,0.882771
6,gx,52,-1.817000,-3.506545,1.689545
6,gx,53,-1.046000,-5.890372,4.844372
6,gx,54,0.473000,-3.345158,3.818158
6,gx,55,1.137000,0.256212,0.880788
6,gx,56,-0.206000,3.292633,3.498633
6,gx,57,-2.840000,2.236946,5.076946
6,gx,58,-5.412000,-2.248579,3.163421
6,gx,59,-6.863000,-5.169056,1.693944
6,gx,60,-6.420000,-8.271035,1.851035
6,gx,61,-4.542000,-9.664113,5.122113
6,gx,62,-1.000000,-3.510232,2.510232
6,gx,63,2.794000,3.386336,0.592336
6,gy,0,17.878000,18.784066,0.906066
6,gy,1,20.252000,18.667857,1.584143
6,gy,2,19.878000,12.274187,7.603813
6,gy,3,15.473000,7.667781,7.805219
6,gy,4,10.359000,10.887816,0.528816
6,gy,5,7.351000,12.416618,5.065618
6,gy,6,7.382000,12.307990,4.925990
6,gy,7,10.260000,13.657389,3.397389
6,gy,8,14.153000,11.100298,3.052702
6,gy,9,18.221000,10.697665,7.523335
6,gy,10,20.260000,11.088140,9.171860
6,gy,11,20.435000,12.205220,8.229780
6,gy,12,19.107000,12.252562,6.854438
6,gy,13,17.015000,12.835019,4.179981
6,gy,14,14.336000,12.054570,2.281430
6,gy,15,13.977000,11.290101,2.686899
6,gy,16,15.115000,12.477050,2.637950
6,gy,17,14.328000,10.061652,4.266348
6,gy,18,10.809000,11.662796,0.853796
6,gy,19,7.305000,12.362744,5.057744
6,gy,20,6.588000,12.647957,6.059957
6,gy,21,9.221000,13.782335,4.561335
6,gy,22,13.656000,16.123421,2.467421
6,gy,23,18.397000,16.368360,2.028640
6,gy,24,18.557000,13.307585,5.249415
6,gy,25,14.603000,11.579283,3.023717
6,gy,26,11.031000,10.820927,0.210073
6,gy,27,9.840000,13.115616,3.275616
6,gy,28,9.550000,14.353617,4.803617
6,gy,29,10.191000,17.007086,6.816086
6,gy,30,11.015000,19.934264,8.919264
6,gy,31,12.931000,17.107299,4.176299
6,gy,32,15.534000,13.353857,2.180143
6,gy,33,15.351000,13.095336,2.255664
6,gy,34,12.023000,11.127422,0.895578
6,gy,35,7.695000,9.799773,2.104773
6,gy,36,4.924000,13.497797,8.573797
6,gy,37,4.817000,15.203962,10.386962
6,gy,38,7.351000,12.541270,5.190270
6,gy,39,12.550000,14.877418,2.327418
6,gy,40,17.702000,18.269631,0.567631
6,gy,41,21.435000,19.319394,2.115606
6,gy,42,22.260000,24.012724,1.752724
6,gy,43,22.962000,28.146554,5.184554
6,gy,44,23.832000,29.545572,5.713572
6,gy,45,23.924000,29.112051,5.188051
6,gy,46,23.634000,28.264477,4.630477
6,gy,47,23.779000,25.707762,1.928762
6,gy,48,25.641000,25.684636,0.043636
6,gy,49,27.885000,24.793789,3.091211
6,gy,50,28.878000,22.009457,6.868543
6,gy,51,27.687000,22.871081,4.815919
6,gy,52,24.779000,23.123686,1.655314
6,gy,53,22.382000,22.053398,0.328602
6,gy,54,21.290000,21.535963,0.245963
6,gy,55,21.229000,20.539343,0.689657
6,gy,56,22.504000,17.186087,5.317913
6,gy,57,25.557000,18.453102,7.103898
6,gy,58,29.214000,24.010553,5.203447
6,gy,59,31.740000,28.460668,3.279332
6,gy,60,32.992000,33.326539,0.334539
6,gy,61,33.924000,37.518340,3.594340
6,gy,62,34.382000,37.504985,3.122985
6,gy,63,33.061000,34.554103,1.493103
6,gz,0,-18.718000,-5.111368,13.606632
6,gz,1,-13.435000,-5.024642,8.410358
6,gz,2,-2.183000,0.443373,2.626373
6,gz,3,9.634000,12.018298,2.384298
6,gz,4,17.336000,21.162106,3.826106
6,gz,5,18.336000,26.519538,8.183538
6,gz,6,13.687000,23.318972,9.631972
6,gz,7,6.336000,19.777854,13.441854
6,gz,8,0.000000,16.869461,16.869461
6,gz,9,-4.176000,11.149127,15.325127
6,gz,10,-7.099000,3.782211,10.881211
6,gz,11,-10.237000,-3.952032,6.284968
6,gz,12,-11.885000,-4.953846,6.931154
6,gz,13,-10.466000,2.169229,12.635229
6,gz,14,-6.420000,7.608891,14.028891
6,gz,15,-0.389000,12.684038,13.073038
6,gz,16,6.458000,20.663924,14.205924
6,gz,17,12.809000,29.497697,16.688697
6,gz,18,15.603000,29.943755,14.340755
6,gz,19,12.397000,28.455845,16.058845
6,gz,20,2.321000,18.391700,16.070700
6,gz,21,-8.084000,8.934978,17.018978
6,gz,22,-15.573000,-0.043697,15.529303
6,gz,23,-17.947000,-8.343159,9.603841
6,gz,24,-17.756000,-10.262622,7.493378
6,gz,25,-15.374000,-6.563455,8.810545
6,gz,26,-11.481000,-3.852759,7.628241
6,gz,27,-7.130000,3.721934,10.851934
6,gz,28,-3.527000,11.110211,14.637211
6,gz,29,0.244000,12.963579,12.719579
6,gz,30,3.115000,12.385480,9.270480
6,gz,31,6.519000,12.523319,6.004319
6,gz,32,9.893000,1.850686,8.042314
6,gz,33,12.611000,-4.087195,16.698195
6,gz,34,13.420000,-6.112312,19.532312
6,gz,35,12.481000,-2.193676,14.674676
6,gz,36,11.962000,0.582275,11.379725
6,gz,37,11.405000,-2.343435,13.748435
6,gz,38,10.351000,-6.267101,16.618101
6,gz,39,9.298000,-0.673141,9.971141
6,gz,40,7.893000,5.189965,2.703035
6,gz,41,7.053000,5.039735,2.013265
6,gz,42,8.038000,1.820327,6.217673
6,gz,43,10.954000,-0.192216,11.146216
6,gz,44,12.847000,2.073432,10.773568
6,gz,45,12.725000,10.316375,2.408625
6,gz,46,12.427000,7.933119,4.493881
6,gz,47,11.534000,3.752104,7.781896
6,gz,48,10.985000,-0.039228,11.024228
6,gz,49,10.824000,-0.394422,11.218422
6,gz,50,11.519000,1.574764,9.944236
6,gz,51,12.481000,4.987628,7.493372
6,gz,52,13.344000,4.843539,8.500461
6,gz,53,14.107000,4.221380,9.885620
6,gz,54,14.878000,3.846899,11.031101
6,gz,55,13.229000,-0.124736,13.353736
6,gz,56,9.511000,-5.086895,14.597895
6,gz,57,4.985000,-11.215169,16.200169
6,gz,58,1.359000,-15.883901,17.242901
6,gz,59,0.221000,-12.803183,13.024183
6,gz,60,1.336000,-10.710311,12.046311
6,gz,61,5.962000,-6.910804,12.872804
6,gz,62,13.985000,0.402058,13.582942
6,gz,63,23.702000,8.871501,14.830499
7,ax,0,2.293000,1.675878,0.617122
7,ax,1,2.365000,1.900124,0.464876
7,ax,2,2.137000,1.861484,0.275516
7,ax,3,2.030000,1.767737,0.262263
7,ax,4,2.085000,1.839615,0.245385
7,ax,5,2.034000,1.837431,0.196569
7,ax,6,2.020000,1.894877,0.125123
7,ax,7,2.109000,1.806057,0.302943
7,ax,8,2.157000,1.705598,0.451402
7,ax,9,2.116000,1.682643,0.433357
7,ax,10,2.073000,1.783565,0.289435
7,ax,11,2.032000,1.893918,0.138082
7,ax,12,2.288000,2.058896,0.229104
7,ax,13,2.312000,1.939861,0.372139
7,ax,14,2.279000,1.959890,0.319110
7,ax,15,2.396000,2.082762,0.313238
7,ax,16,2.413000,2.076030,0.336970
7,ax,17,2.446000,1.957339,0.488661
7,ax,18,2.358000,1.857326,0.500674
7,ax,19,2.307000,1.721113,0.585887
7,ax,20,2.370000,1.726805,0.643195
7,ax,21,2.238000,1.763579,0.474421
7,ax,22,2.135000,1.730577,0.404423
7,ax,23,2.025000,1.703745,0.321255
7,ax,24,2.073000,1.678040,0.394960
7,ax,25,2.209000,1.718778,0.490222
7,ax,26,2.226000,1.763144,0.462856
7,ax,27,2.214000,1.644070,0.569930
7,ax,28,2.123000,1.745097,0.377903
7,ax,29,2.121000,1.844159,0.276841
7,ax,30,2.195000,1.905564,0.289436
7,ax,31,2.221000,2.003344,0.217656
7,ax,32,2.274000,2.295084,0.021084
7,ax,33,2.243000,2.274275,0.031275
7,ax,34,2.224000,2.414317,0.190317
7,ax,35,2.250000,2.403364,0.153364
7,ax,36,2.245000,2.441054,0.196054
7,ax,37,2.133000,2.361919,0.228919
7,ax,38,1.987000,2.362800,0.375800
7,ax,39,1.881000,2.246696,0.365696
7,ax,40,1.836000,2.230977,0.394977
7,ax,41,1.826000,2.168456,0.342456
7,ax,42,1.802000,2.243217,0.441217
7,ax,43,1.769000,2.268968,0.499968
7,ax,44,1.678000,2.059570,0.381570
7,ax,45,1.615000,1.981141,0.366141
7,ax,46,1.501000,1.998232,0.497232
7,ax,47,1.388000,1.915121,0.527121
7,ax,48,1.347000,1.746718,0.399718
7,ax,49,1.402000,1.743607,0.341607
7,ax,50,1.429000,1.768891,0.339891
7,ax,51,1.434000,1.772082,0.338082
7,ax,52,1.390000,1.808950,0.418950
7,ax,53,1.388000,1.802142,0.414142
7,ax,54,1.453000,1.792692,0.339692
7,ax,55,1.366000,1.701592,0.335592
7,ax,56,1.323000,1.807512,0.484512
7,ax,57,1.240000,1.670934,0.430934
7,ax,58,1.218000,1.540144,0.322144
7,ax,59,1.115000,1.465818,0.350818
7,ax,60,1.077000,1.665120,0.588120
7,ax,61,1.110000,1.723504,0.613504
7,ax,62,1.151000,1.725036,0.574036
7,ax,63,1.058000,1.607022,0.549022
7,ay,0,-0.557000,-0.145597,0.411403
7,ay,1,-0.428000,-0.241216,0.186784
7,ay,2,-0.332000,-0.117285,0.214715
7,ay,3,-0.323000,-0.219692,0.103308
7,ay,4,-0.347000,-0.312023,0.034977
7,ay,5,-0.263000,-0.254661,0.008339
7,ay,6,-0.244000,-0.163455,0.080545
7,ay,7,-0.253000,-0.079321,0.173679
7,ay,8,-0.287000,-0.032730,0.254270
7,ay,9,-0.438000,-0.190069,0.247931
7,ay,10,-0.485000,-0.305282,0.179718
7,ay,11,-0.327000,-0.386877,0.059877
7,ay,12,-0.248000,-0.199645,0.048355
7,ay,13,-0.323000,-0.057728,0.265272
7,ay,14,-0.277000,-0.005270,0.271730
7,ay,15,-0.306000,-0.115781,0.190219
7,ay,16,-0.308000,-0.335542,0.027542
7,ay,17,-0.502000,-0.478463,0.023537
7,ay,18,-0.596000,-0.445007,0.150993
7,ay,19,-0.385000,-0.211497,0.173503
7,ay,20,-0.426000,-0.178286,0.247714
7,ay,21,-0.421000,-0.167385,0.253615
7,ay,22,-0.385000,-0.399785,0.014785
7,ay,23,-0.490000,-0.501006,0.011006
7,ay,24,-0.450000,-0.581681,0.131681
7,ay,25,-0.416000,-0.391954,0.024046
7,ay,26,-0.332000,-0.319430,0.012570
7,ay,27,-0.201000,-0.142059,0.058941
7,ay,28,-0.263000,-0.352931,0.089931
7,ay,29,-0.356000,-0.323689,0.032311
7,ay,30,-0.239000,-0.507971,0.268971
7,ay,31,-0.189000,-0.493634,0.304634
7,ay,32,-0.239000,-0.326584,0.087584
7,ay,33,-0.138000,-0.325099,0.187099
7,ay,34,-0.172000,-0.336900,0.164900
7,ay,35,-0.107000,-0.345049,0.238049
7,ay,36,-0.112000,-0.535191,0.423191
7,ay,37,-0.272000,-0.642117,0.370117
7,ay,38,-0.296000,-0.543514,0.247514
7,ay,39,-0.382000,-0.605951,0.223951
7,ay,40,-0.500000,-0.461160,0.038840
7,ay,41,-0.409000,-0.562303,0.153303
7,ay,42,-0.445000,-0.560166,0.115166
7,ay,43,-0.514000,-0.694575,0.180575
7,ay,44,-0.548000,-0.625363,0.077363
7,ay,45,-0.459000,-0.623637,0.164637
7,ay,46,-0.514000,-0.552605,0.038605
7,ay,47,-0.579000,-0.552669,0.026331
7,ay,48,-0.557000,-0.574044,0.017044
7,ay,49,-0.593000,-0.606616,0.013616
7,ay,50,-0.521000,-0.616402,0.095402
7,ay,51,-0.521000,-0.538024,0.017024
7,ay,52,-0.576000,-0.599279,0.023279
7,ay,53,-0.636000,-0.601138,0.034862
7,ay,54,-0.667000,-0.702904,0.035904
7,ay,55,-0.722000,-0.656314,0.065686
7,ay,56,-0.785000,-0.682909,0.102091
7,ay,57,-0.612000,-0.536080,0.075920
7,ay,58,-0.718000,-0.692464,0.025536
7,ay,59,-0.722000,-0.641282,0.080718
7,ay,60,-0.742000,-0.788972,0.046972
7,ay,61,-0.754000,-0.797964,0.043964
7,ay,62,-0.490000,-0.653952,0.163952
7,ay,63,-0.567000,-0.625821,0.058821
7,az,0,11.304000,11.257099,0.046901
7,az,1,11.490000,11.511426,0.021426
7,az,2,11.639000,11.480438,0.158562
7,az,3,11.809000,11.547472,0.261528
7,az,4,11.644000,11.518972,0.125028
7,az,5,11.699000,11.496933,0.202067
7,az,6,11.696000,11.845619,0.149619
7,az,7,11.435000,11.515459,0.080459
7,az,8,11.416000,11.589113,0.173113
7,az,9,11.538000,11.736559,0.198559
7,az,10,11.761000,11.602678,0.158322
7,az,11,11.541000,11.491407,0.049593
7,az,12,11.366000,11.325075,0.040925
7,az,13,11.253000,11.084914,0.168086
7,az,14,11.193000,11.242209,0.049209
7,az,15,10.997000,11.290805,0.293805
7,az,16,11.004000,11.074432,0.070432
7,az,17,11.158000,11.082902,0.075098
7,az,18,11.304000,10.984751,0.319249
7,az,19,11.103000,10.972076,0.130924
7,az,20,11.081000,11.102524,0.021524
7,az,21,11.110000,10.907467,0.202533
7,az,22,11.129000,10.788476,0.340524
7,az,23,11.129000,11.098493,0.030507
7,az,24,10.877000,10.924025,0.047025
7,az,25,10.650000,10.837828,0.187828
7,az,26,10.925000,10.865476,0.059524
7,az,27,10.918000,10.609350,0.308650
7,az,28,10.818000,10.904633,0.086633
7,az,29,10.688000,10.784079,0.096079
7,az,30,10.540000,10.598731,0.058731
7,az,31,10.499000,10.427045,0.071955
7,az,32,10.470000,10.313986,0.156014
7,az,33,10.437000,10.330227,0.106773
7,az,34,10.360000,10.317065,0.042935
7,az,35,10.095000,9.984989,0.110011
7,az,36,10.020000,10.119470,0.099470
7,az,37,10.078000,9.997674,0.080326
7,az,38,10.056000,10.024000,0.032000
7,az,39,9.980000,9.923952,0.056048
7,az,40,9.841000,9.782203,0.058797
7,az,41,9.850000,10.039315,0.189315
7,az,42,9.903000,10.039095,0.136095
7,az,43,9.812000,9.935780,0.123780
7,az,44,9.853000,9.962352,0.109352
7,az,45,9.769000,9.935686,0.166686
7,az,46,9.793000,9.814514,0.021514
7,az,47,9.788000,9.799834,0.011834
7,az,48,9.826000,9.622626,0.203374
7,az,49,9.506000,9.547479,0.041479
7,az,50,9.496000,9.604016,0.108016
7,az,51,9.470000,9.365162,0.104838
7,az,52,9.482000,9.244990,0.237010
7,az,53,9.462000,9.412259,0.049741
7,az,54,9.333000,9.363997,0.030997
7,az,55,9.245000,9.286934,0.041934
7,az,56,9.290000,9.435680,0.145680
7,az,57,9.199000,9.216206,0.017206
7,az,58,9.221000,9.422948,0.201948
7,az,59,9.240000,9.376378,0.136378
7,az,60,9.125000,9.346469,0.221469
7,az,61,9.295000,9.369422,0.074422
7,az,62,9.096000,9.325412,0.229412
7,az,63,9.149000,9.465412,0.316412
7,gx,0,17.733000,15.425648,2.307352
7,gx,1,16.107000,15.612970,0.494030
7,gx,2,17.595000,18.412790,0.817790
7,gx,3,20.427000,20.080880,0.346120
7,gx,4,22.435000,20.797841,1.637159
7,gx,5,22.824000,20.850679,1.973321
7,gx,6,22.107000,19.882869,2.224131
7,gx,7,21.977000,19.241227,2.735773
7,gx,8,22.542000,20.103709,2.438291
7,gx,9,22.710000,20.115353,2.594647
7,gx,10,21.931000,20.093748,1.837252
7,gx,11,21.740000,20.832726,0.907274
7,gx,12,23.344000,20.692142,2.651858
7,gx,13,26.038000,20.699813,5.338187
7,gx,14,26.489000,21.447034,5.041966
7,gx,15,24.855000,22.115621,2.739379
7,gx,16,25.672000,25.049216,0.622784
7,gx,17,26.351000,26.801458,0.450458
7,gx,18,25.840000,28.122905,2.282905
7,gx,19,25.282000,27.028666,1.746666
7,gx,20,25.443000,24.847265,0.595735
7,gx,21,26.183000,24.982783,1.200217
7,gx,22,27.420000,26.033213,1.386787
7,gx,23,28.282000,27.101747,1.180253
7,gx,24,27.321000,27.500924,0.179924
7,gx,25,25.382000,26.086267,0.704267
7,gx,26,25.550000,26.483480,0.933480
7,gx,27,27.389000,28.532866,1.143866
7,gx,28,30.038000,29.358292,0.679708
7,gx,29,30.534000,28.224513,2.309487
7,gx,30,28.786000,27.694931,1.091069
7,gx,31,26.664000,27.175860,0.511860
7,gx,32,25.359000,28.180586,2.821586
7,gx,33,25.061000,29.882896,4.821896
7,gx,34,24.366000,28.442030,4.076030
7,gx,35,23.664000,27.103216,3.439216
7,gx,36,23.183000,26.114367,2.931367
7,gx,37,22.443000,24.342414,1.899414
7,gx,38,22.153000,24.058942,1.905942
7,gx,39,22.092000,24.052368,1.960368
7,gx,40,21.817000,23.057222,1.240222
7,gx,41,21.168000,23.723266,2.555266
7,gx,42,20.366000,23.468526,3.102526
7,gx,43,19.901000,22.354026,2.453026
7,gx,44,19.893000,21.327820,1.434820
7,gx,45,20.031000,20.392659,0.361659
7,gx,46,20.763000,20.572897,0.190103
7,gx,47,21.206000,20.863879,0.342121
7,gx,48,20.427000,19.309596,1.117404
7,gx,49,18.809000,17.649332,1.159668
7,gx,50,17.038000,15.161591,1.876409
7,gx,51,15.618000,14.450021,1.167979
7,gx,52,15.908000,13.339633,2.568367
7,gx,53,16.733000,12.154551,4.578449
7,gx,54,16.679000,12.335240,4.343760
7,gx,55,15.649000,13.702150,1.946850
7,gx,56,13.641000,14.931850,1.290850
7,gx,57,10.977000,15.000969,4.023969
7,gx,58,8.901000,13.954556,5.053556
7,gx,59,8.748000,11.457216,2.709216
7,gx,60,8.366000,9.993707,1.627707
7,gx,61,7.374000,10.238278,2.864278
7,gx,62,7.344000,9.127678,1.783678
7,gx,63,10.008000,10.499081,0.491081
7,gy,0,-2.664000,-10.112133,7.448133
7,gy,1,-3.565000,-10.400588,6.835588
7,gy,2,-4.962000,-10.295327,5.333327
7,gy,3,-7.298000,-11.259710,3.961710
7,gy,4,-9.473000,-12.270274,2.797274
7,gy,5,-9.603000,-10.793947,1.190947
7,gy,6,-9.267000,-9.348242,0.081242
7,gy,7,-8.595000,-11.305916,2.710916
7,gy,8,-7.115000,-12.556511,5.441511
7,gy,9,-6.542000,-14.300592,7.758592
7,gy,10,-8.046000,-14.057126,6.011126
7,gy,11,-10.008000,-12.810853,2.802853
7,gy,12,-9.611000,-9.552309,0.058691
7,gy,13,-7.107000,-8.042968,0.935968
7,gy,14,-5.542000,-8.929138,3.387138
7,gy,15,-4.855000,-8.874340,4.019340
7,gy,16,-4.824000,-10.376954,5.552954
7,gy,17,-6.267000,-13.239986,6.972986
7,gy,18,-9.053000,-16.666238,7.613238
7,gy,19,-11.695000,-18.768522,7.073522
7,gy,20,-12.420000,-18.968028,6.548028
7,gy,21,-12.595000,-17.060907,4.465907
7,gy,22,-13.885000,-14.796031,0.911031
7,gy,23,-15.954000,-17.615032,1.661032
7,gy,24,-17.366000,-18.821288,1.455288
7,gy,25,-15.992000,-20.115805,4.123805
7,gy,26,-13.947000,-20.345154,6.398154
7,gy,27,-15.237000,-20.186064,4.949064
7,gy,28,-17.160000,-18.436968,1.276968
7,gy,29,-17.382000,-17.322672,0.059328
7,gy,30,-15.397000,-14.811448,0.585552
7,gy,31,-12.214000,-11.546427,0.667573
7,gy,32,-10.061000,-9.207470,0.853530
7,gy,33,-10.382000,-9.691820,0.690180
7,gy,34,-12.779000,-9.654416,3.124584
7,gy,35,-15.542000,-10.356897,5.185103
7,gy,36,-17.405000,-10.979134,6.425866
7,gy,37,-19.527000,-12.184273,7.342727
7,gy,38,-21.649000,-13.861956,7.787044
7,gy,39,-22.290000,-17.247985,5.042015
7,gy,40,-20.733000,-18.934832,1.798168
7,gy,41,-17.916000,-16.896422,1.019578
7,gy,42,-16.107000,-15.486639,0.620361
7,gy,43,-15.901000,-14.022044,1.878956
7,gy,44,-17.008000,-12.072333,4.935667
7,gy,45,-18.588000,-13.121800,5.466200
7,gy,46,-19.733000,-14.334191,5.398809
7,gy,47,-19.969000,-16.648423,3.320577
7,gy,48,-19.229000,-17.007479,2.221521
7,gy,49,-17.046000,-16.615742,0.430258
7,gy,50,-13.603000,-11.767986,1.835014
7,gy,51,-10.603000,-8.419259,2.183741
7,gy,52,-9.344000,-6.341513,3.002487
7,gy,53,-10.450000,-5.242822,5.207178
7,gy,54,-12.710000,-6.186740,6.523260
7,gy,55,-14.397000,-8.641843,5.755157
7,gy,56,-15.053000,-11.773455,3.279545
7,gy,57,-15.168000,-13.010136,2.157864
7,gy,58,-15.298000,-14.937132,0.360868
7,gy,59,-16.611000,-15.789844,0.821156
7,gy,60,-18.450000,-13.861224,4.588776
7,gy,61,-19.672000,-12.861615,6.810385
7,gy,62,-19.901000,-13.302187,6.598813
7,gy,63,-19.092000,-13.424889,5.667111
7,gz,0,1.603000,-2.727139,4.330139
7,gz,1,2.038000,-0.984105,3.022105
7,gz,2,3.420000,-4.422814,7.842814
7,gz,3,4.122000,-2.882221,7.004221
7,gz,4,2.519000,-4.618824,7.137824
7,gz,5,0.206000,-5.063251,5.269251
7,gz,6,-1.466000,-4.705942,3.239942
7,gz,7,-0.634000,-5.373646,4.739646
7,gz,8,2.145000,-6.745862,8.890862
7,gz,9,4.298000,-5.841525,10.139525
7,gz,10,5.137000,-7.492926,12.629926
7,gz,11,5.855000,-5.132852,10.987852
7,gz,12,6.092000,-6.288413,12.380413
7,gz,13,5.855000,-7.654717,13.509717
7,gz,14,3.702000,-7.593279,11.295279
7,gz,15,0.542000,-10.684544,11.226544
7,gz,16,-1.466000,-8.183694,6.717694
7,gz,17,-2.901000,-10.214312,7.313312
7,gz,18,-4.107000,-12.293042,8.186042
7,gz,19,-4.107000,-11.491311,7.384311
7,gz,20,-2.817000,-13.777014,10.960014
7,gz,21,-2.786000,-12.872016,10.086016
7,gz,22,-3.725000,-10.392200,6.667200
7,gz,23,-4.618000,-12.161210,7.543210
7,gz,24,-5.756000,-9.065879,3.309879
7,gz,25,-5.885000,-10.146234,4.261234
7,gz,26,-4.305000,-9.709334,5.404334
7,gz,27,-2.351000,-7.880821,5.529821
7,gz,28,-0.458000,-7.110941,6.652941
7,gz,29,-0.924000,-7.797508,6.873508
7,gz,30,-3.588000,-4.884881,1.296881
7,gz,31,-5.870000,-7.892690,2.022690
7,gz,32,-8.015000,-5.156234,2.858766
7,gz,33,-11.008000,-8.383349,2.624651
7,gz,34,-13.496000,-5.952532,7.543468
7,gz,35,-14.687000,-4.507086,10.179914
7,gz,36,-13.947000,-4.494255,9.452745
7,gz,37,-11.634000,-3.783412,7.850588
7,gz,38,-9.763000,-5.556388,4.206612
7,gz,39,-9.389000,-6.079311,3.309689
7,gz,40,-11.122000,-3.448351,7.673649
7,gz,41,-13.626000,-3.906285,9.719715
7,gz,42,-15.573000,-2.175140,13.397860
7,gz,43,-16.290000,-1.360567,14.929433
7,gz,44,-15.756000,-4.384405,11.371595
7,gz,45,-14.298000,-2.248110,12.049890
7,gz,46,-11.786000,-2.332490,9.453510
7,gz,47,-9.282000,-2.167439,7.114561
7,gz,48,-8.328000,-0.374975,7.953025
7,gz,49,-8.840000,-3.815709,5.024291
7,gz,50,-10.412000,-3.394966,7.017034
7,gz,51,-12.412000,-5.832481,6.579519
7,gz,52,-13.786000,-7.689528,6.096472
7,gz,53,-14.053000,-8.243798,5.809202
7,gz,54,-14.000000,-9.764292,4.235708
7,gz,55,-14.427000,-9.698468,4.728532
7,gz,56,-15.969000,-10.458775,5.510225
7,gz,57,-17.916000,-12.608950,5.307050
7,gz,58,-18.779000,-11.121524,7.657476
7,gz,59,-18.000000,-11.070975,6.929025
7,gz,60,-16.763000,-10.048426,6.714574
7,gz,61,-16.107000,-6.788788,9.318212
7,gz,62,-15.718000,-9.883940,5.834060
7,gz,63,-13.756000,-8.351903,5.404097
8,ax,0,-0.839000,-1.163948,0.324948
8,ax,1,-1.061000,-1.212124,0.151124
8,ax,2,-1.478000,-1.332015,0.145985
8,ax,3,-1.339000,-1.084123,0.254877
8,ax,4,-1.140000,-0.952905,0.187095
8,ax,5,-0.968000,-0.813377,0.154623
8,ax,6,-0.817000,-0.863335,0.046335
8,ax,7,-0.858000,-0.963065,0.105065
8,ax,8,-1.090000,-1.085130,0.004870
8,ax,9,-1.210000,-1.275317,0.065317
8,ax,10,-1.432000,-1.105907,0.326093
8,ax,11,-1.571000,-1.035727,0.535273
8,ax,12,-1.535000,-1.084292,0.450708
8,ax,13,-1.387000,-1.183083,0.203917
8,ax,14,-1.200000,-1.357508,0.157508
8,ax,15,-1.059000,-1.248845,0.189845
8,ax,16,-1.035000,-1.017374,0.017626
8,ax,17,-1.092000,-1.079823,0.012177
8,ax,18,-1.066000,-0.973395,0.092605
8,ax,19,-1.217000,-0.996657,0.220343
8,ax,20,-0.865000,-0.839092,0.025908
8,ax,21,-0.719000,-0.876768,0.157768
8,ax,22,-0.654000,-0.656477,0.002477
8,ax,23,-0.652000,-0.734337,0.082337
8,ax,24,-0.712000,-0.854622,0.142622
8,ax,25,-0.906000,-1.026834,0.120834
8,ax,26,-1.116000,-1.427111,0.311111
8,ax,27,-1.198000,-1.343385,0.145385
8,ax,28,-1.112000,-1.194954,0.082954
8,ax,29,-1.035000,-1.234582,0.199582
8,ax,30,-0.961000,-1.022582,0.061582
8,ax,31,-0.930000,-1.033016,0.103016
8,ax,32,-0.707000,-0.786705,0.079705
8,ax,33,-0.568000,-0.637406,0.069406
8,ax,34,-0.621000,-0.544291,0.076709
8,ax,35,-0.604000,-0.774955,0.170955
8,ax,36,-0.762000,-0.935392,0.173392
8,ax,37,-1.183000,-1.046013,0.136987
8,ax,38,-1.212000,-1.206212,0.005788
8,ax,39,-1.016000,-0.951245,0.064755
8,ax,40,-1.023000,-0.876604,0.146396
8,ax,41,-0.760000,-0.798204,0.038204
8,ax,42,-0.477000,-0.593254,0.116254
8,ax,43,-0.484000,-0.745746,0.261746
8,ax,44,-0.484000,-0.773086,0.289086
8,ax,45,-0.520000,-0.708306,0.188306
8,ax,46,-0.762000,-0.952510,0.190510
8,ax,47,-0.920000,-1.020699,0.100699
8,ax,48,-1.080000,-1.432056,0.352056
8,ax,49,-1.459000,-1.291929,0.167071
8,ax,50,-1.564000,-1.160188,0.403812
8,ax,51,-1.035000,-0.564162,0.470838
8,ax,52,-0.961000,-0.582955,0.378045
8,ax,53,-0.721000,-0.488443,0.232557
8,ax,54,-0.532000,-0.445403,0.086597
8,ax,55,-0.094000,-0.587689,0.493689
8,ax,56,-0.192000,-0.590703,0.398703
8,ax,57,-0.561000,-0.789012,0.228012
8,ax,58,-0.982000,-0.937645,0.044355
8,ax,59,-1.387000,-0.856694,0.530306
8,ax,60,-1.746000,-1.141719,0.604281
8,ax,61,-1.281000,-1.069777,0.211223
8,ax,62,-0.683000,-0.879481,0.196481
8,ax,63,-0.151000,-0.559805,0.408805
8,ay,0,-0.062000,0.139418,0.201418
8,ay,1,-0.244000,-0.068978,0.175022
8,ay,2,-0.497000,0.061498,0.558498
8,ay,3,-0.524000,0.300574,0.824574
8,ay,4,-0.457000,0.343215,0.800215
8,ay,5,-0.239000,0.273086,0.512086
8,ay,6,-0.076000,0.341218,0.417218
8,ay,7,-0.088000,0.306239,0.394239
8,ay,8,-0.184000,-0.155560,0.028440
8,ay,9,-0.450000,-0.102030,0.347970
8,ay,10,-0.861000,-0.294799,0.566201
8,ay,11,-1.022000,-0.548847,0.473153
8,ay,12,-1.055000,-0.841495,0.213505
8,ay,13,-1.007000,-0.851449,0.155551
8,ay,14,-0.871000,-0.561118,0.309882
8,ay,15,-0.715000,-0.698123,0.016877
8,ay,16,-0.648000,-0.612661,0.035339
8,ay,17,-0.603000,-0.543506,0.059494
8,ay,18,-0.454000,-0.265139,0.188861
8,ay,19,-0.624000,-0.514371,0.109629
8,ay,20,-0.196000,-0.179405,0.016595
8,ay,21,-0.040000,-0.094702,0.054702
8,ay,22,-0.007000,-0.072212,0.065212
8,ay,23,0.104000,-0.146891,0.250891
8,ay,24,0.135000,0.310934,0.175934
8,ay,25,-0.004000,0.315817,0.319817
8,ay,26,0.027000,0.295826,0.268826
8,ay,27,-0.193000,0.228727,0.421727
8,ay,28,-0.205000,0.202588,0.407588
8,ay,29,-0.148000,0.294200,0.442200
8,ay,30,-0.169000,0.115533,0.284533
8,ay,31,-0.002000,0.393089,0.395089
8,ay,32,0.355000,0.225460,0.129540
8,ay,33,0.664000,0.414438,0.249562
8,ay,34,0.836000,0.348315,0.487685
8,ay,35,0.913000,0.525481,0.387519
8,ay,36,0.523000,0.357926,0.165074
8,ay,37,0.254000,0.020371,0.233629
8,ay,38,0.338000,-0.080117,0.418117
8,ay,39,-0.119000,-0.198800,0.079800
8,ay,40,0.039000,-0.287804,0.326804
8,ay,41,0.068000,-0.359236,0.427236
8,ay,42,0.032000,-0.218634,0.250634
8,ay,43,0.190000,-0.351288,0.541288
8,ay,44,0.032000,-0.467004,0.499004
8,ay,45,0.041000,-0.373238,0.414238
8,ay,46,0.039000,-0.551707,0.590707
8,ay,47,-0.222000,-1.021434,0.799434
8,ay,48,-0.727000,-1.104936,0.377936
8,ay,49,-1.125000,-1.122827,0.002173
8,ay,50,-0.964000,-0.970154,0.006154
8,ay,51,-0.880000,-0.750440,0.129560
8,ay,52,-0.612000,-0.494852,0.117148
8,ay,53,0.072000,-0.014289,0.086289
8,ay,54,0.467000,0.065810,0.401190
8,ay,55,0.980000,0.384514,0.595486
8,ay,56,0.858000,0.390315,0.467685
8,ay,57,0.812000,0.487802,0.324198
8,ay,58,0.331000,0.065976,0.265024
8,ay,59,0.113000,0.199605,0.086605
8,ay,60,0.053000,0.301822,0.248822
8,ay,61,0.341000,0.306897,0.034103
8,ay,62,0.621000,0.304876,0.316124
8,ay,63,0.877000,0.388476,0.488524
8,az,0,9.252000,9.199009,0.052991
8,az,1,9.403000,9.033383,0.369617
8,az,2,9.530000,9.032277,0.497723
8,az,3,9.307000,9.012616,0.294384
8,az,4,9.218000,9.136032,0.081968
8,az,5,9.146000,9.329452,0.183452
8,az,6,9.192000,9.123598,0.068402
8,az,7,9.379000,9.181114,0.197886
8,az,8,9.522000,9.693428,0.171428
8,az,9,9.312000,9.334792,0.022792
8,az,10,9.264000,9.121904,0.142096
8,az,11,9.173000,8.940477,0.232523
8,az,12,9.168000,9.121798,0.046202
8,az,13,9.204000,9.415395,0.211395
8,az,14,9.295000,9.435657,0.140657
8,az,15,9.460000,9.453230,0.006770
8,az,16,9.592000,9.262391,0.329609
8,az,17,9.652000,9.265757,0.386243
8,az,18,9.934000,9.471878,0.462122
8,az,19,9.788000,9.418202,0.369798
8,az,20,9.853000,9.326881,0.526119
8,az,21,9.822000,9.682833,0.139167
8,az,22,10.085000,10.066507,0.018493
8,az,23,10.071000,9.664309,0.406691
8,az,24,10.004000,9.674776,0.329224
8,az,25,10.035000,9.551121,0.483879
8,az,26,10.013000,9.774347,0.238653
8,az,27,9.941000,9.919412,0.021588
8,az,28,9.817000,9.883536,0.066536
8,az,29,9.877000,9.947121,0.070121
8,az,30,10.080000,10.028072,0.051928
8,az,31,10.186000,10.083853,0.102147
8,az,32,10.145000,10.191865,0.046865
8,az,33,10.265000,9.930872,0.334128
8,az,34,10.585000,9.903519,0.681481
8,az,35,10.353000,10.132149,0.220851
8,az,36,10.614000,10.530960,0.083040
8,az,37,10.863000,10.571926,0.291074
8,az,38,10.360000,10.380312,0.020312
8,az,39,10.265000,10.473062,0.208062
8,az,40,10.327000,10.641373,0.314373
8,az,41,10.238000,10.585630,0.347630
8,az,42,10.327000,10.540954,0.213954
8,az,43,10.648000,10.833661,0.185661
8,az,44,10.724000,10.793115,0.069115
8,az,45,10.458000,10.958623,0.500623
8,az,46,10.420000,11.143396,0.723396
8,az,47,10.284000,10.522768,0.238768
8,az,48,10.284000,10.592785,0.308785
8,az,49,10.870000,10.873777,0.003777
8,az,50,10.729000,11.092236,0.363236
8,az,51,10.470000,10.985691,0.515691
8,az,52,10.614000,10.996081,0.382081
8,az,53,10.909000,11.345505,0.436505
8,az,54,10.992000,11.364632,0.372632
8,az,55,10.791000,11.245567,0.454567
8,az,56,11.076000,11.171944,0.095944
8,az,57,11.375000,11.226473,0.148527
8,az,58,11.330000,11.265591,0.064409
8,az,59,11.605000,11.629806,0.024806
8,az,60,11.596000,11.499249,0.096751
8,az,61,10.856000,11.090772,0.234772
8,az,62,10.688000,11.200354,0.512354
8,az,63,10.794000,11.108192,0.314192
8,gx,0,-13.939000,-14.410608,0.471608
8,gx,1,-13.611000,-15.766858,2.155858
8,gx,2,-13.985000,-13.580814,0.404186
8,gx,3,-15.908000,-14.382699,1.525301
8,gx,4,-17.840000,-14.981369,2.858631
8,gx,5,-19.344000,-15.744618,3.599382
8,gx,6,-17.954000,-18.617260,0.663260
8,gx,7,-13.740000,-14.367395,0.627395
8,gx,8,-9.733000,-17.929413,8.196413
8,gx,9,-8.962000,-16.293702,7.331702
8,gx,10,-10.153000,-17.572267,7.419267
8,gx,11,-12.977000,-20.506204,7.529204
8,gx,12,-16.344000,-22.228802,5.884802
8,gx,13,-19.061000,-23.895519,4.834519
8,gx,14,-19.863000,-27.404249,7.541249
8,gx,15,-18.855000,-27.074886,8.219886
8,gx,16,-16.237000,-28.738888,12.501888
8,gx,17,-13.496000,-26.972688,13.476688
8,gx,18,-11.519000,-27.244410,15.725410
8,gx,19,-12.725000,-25.478612,12.753612
8,gx,20,-13.962000,-28.209389,14.247389
8,gx,21,-15.473000,-30.221540,14.748540
8,gx,22,-15.198000,-25.756104,10.558104
8,gx,23,-14.992000,-26.265163,11.273163
8,gx,24,-15.260000,-22.323001,7.063001
8,gx,25,-16.206000,-21.759014,5.553014
8,gx,26,-18.145000,-22.726490,4.581490
8,gx,27,-20.122000,-24.103264,3.981264
8,gx,28,-20.992000,-25.068083,4.076083
8,gx,29,-21.229000,-25.749285,4.520285
8,gx,30,-21.237000,-23.452943,2.215943
8,gx,31,-21.794000,-26.390513,4.596513
8,gx,32,-23.229000,-21.808984,1.420016
8,gx,33,-22.916000,-24.745666,1.829666
8,gx,34,-19.702000,-19.830280,0.128280
8,gx,35,-14.824000,-17.478434,2.654434
8,gx,36,-10.137000,-13.202827,3.065827
8,gx,37,-8.191000,-7.945586,0.245414
8,gx,38,-9.695000,-7.743606,1.951394
8,gx,39,-13.099000,-9.651269,3.447731
8,gx,40,-17.015000,-9.563006,7.451994
8,gx,41,-21.557000,-17.019929,4.537071
8,gx,42,-24.595000,-17.523060,7.071940
8,gx,43,-25.466000,-20.021628,5.444372
8,gx,44,-25.412000,-21.281094,4.130906
8,gx,45,-24.244000,-16.618003,7.625997
8,gx,46,-22.824000,-15.366963,7.457037
8,gx,47,-22.618000,-13.320700,9.297300
8,gx,48,-22.695000,-13.229173,9.465827
8,gx,49,-24.214000,-12.483129,11.730871
8,gx,50,-28.313000,-16.083719,12.229281
8,gx,51,-32.855000,-15.356191,17.498809
8,gx,52,-35.580000,-16.304909,19.275091
8,gx,53,-37.046000,-21.595059,15.450941
8,gx,54,-36.450000,-25.202112,11.247888
8,gx,55,-33.542000,-24.850233,8.691767
8,gx,56,-30.489000,-28.492023,1.996977
8,gx,57,-28.252000,-23.870919,4.381081
8,gx,58,-28.695000,-25.721839,2.973161
8,gx,59,-29.939000,-24.050933,5.888067
8,gx,60,-32.450000,-24.049170,8.400830
8,gx,61,-33.817000,-27.275901,6.541099
8,gx,62,-32.710000,-26.873248,5.836752
8,gx,63,-28.649000,-28.288356,0.360644
8,gy,0,-15.122000,-9.790150,5.331850
8,gy,1,-14.458000,-10.628141,3.829859
8,gy,2,-16.985000,-9.792619,7.192381
8,gy,3,-19.855000,-10.154368,9.700632
8,gy,4,-18.908000,-12.966682,5.941318
8,gy,5,-15.313000,-10.265513,5.047487
8,gy,6,-11.824000,-5.859782,5.964218
8,gy,7,-10.885000,-6.188128,4.696872
8,gy,8,-13.008000,-2.816755,10.191245
8,gy,9,-15.885000,-4.210051,11.674949
8,gy,10,-17.611000,-6.265697,11.345303
8,gy,11,-18.038000,-4.889070,13.148930
8,gy,12,-16.916000,-5.311764,11.604236
8,gy,13,-14.603000,-3.846639,10.756361
8,gy,14,-12.359000,-3.873495,8.485505
8,gy,15,-11.359000,-2.792701,8.566299
8,gy,16,-12.168000,2.075466,14.243466
8,gy,17,-14.244000,2.246384,16.490384
8,gy,18,-16.763000,5.839078,22.602078
8,gy,19,-18.679000,6.427974,25.106974
8,gy,20,-18.618000,3.172556,21.790556
8,gy,21,-16.489000,5.586395,22.075395
8,gy,22,-14.817000,1.033300,15.850300
8,gy,23,-14.427000,-3.251653,11.175347
8,gy,24,-13.664000,-7.577408,6.086592
8,gy,25,-12.435000,-7.319058,5.115942
8,gy,26,-11.450000,-4.167645,7.282355
8,gy,27,-10.214000,1.221308,11.435308
8,gy,28,-7.496000,5.963549,13.459549
8,gy,29,-3.550000,4.871396,8.421396
8,gy,30,-0.931000,0.597144,1.528144
8,gy,31,-0.809000,1.184231,1.993231
8,gy,32,-3.107000,-5.405264,2.298264
8,gy,33,-5.282000,-4.632401,0.649599
8,gy,34,-7.679000,-10.882583,3.203583
8,gy,35,-10.275000,-14.661793,4.386793
8,gy,36,-10.702000,-16.018031,5.316031
8,gy,37,-10.137000,-14.260465,4.123465
8,gy,38,-8.405000,-9.185572,0.780572
8,gy,39,-2.504000,-6.057475,3.553475
8,gy,40,4.321000,-5.482573,9.803573
8,gy,41,8.802000,-1.610963,10.412963
8,gy,42,9.992000,-7.275639,17.267639
8,gy,43,7.374000,-6.889177,14.263177
8,gy,44,2.397000,-12.062332,14.459332
8,gy,45,-1.626000,-16.490419,14.864419
8,gy,46,-2.580000,-16.730643,14.150643
8,gy,47,-0.809000,-16.041856,15.232856
8,gy,48,2.771000,-12.994453,15.765453
8,gy,49,5.527000,-7.612592,13.139592
8,gy,50,4.870000,-3.551719,8.421719
8,gy,51,6.321000,0.789155,5.531845
8,gy,52,10.779000,1.987024,8.791976
8,gy,53,13.313000,2.814130,10.498870
8,gy,54,12.573000,-2.154753,14.727753
8,gy,55,11.290000,-5.024440,16.314440
8,gy,56,11.214000,-6.215015,17.429015
8,gy,57,9.221000,-6.972528,16.193528
8,gy,58,5.710000,-4.536854,10.246854
8,gy,59,3.824000,-5.629808,9.453808
8,gy,60,4.695000,-4.696755,9.391755
8,gy,61,10.718000,1.335008,9.382992
8,gy,62,22.908000,6.023365,16.884635
8,gy,63,35.145000,12.659960,22.485040
8,gz,0,1.366000,-13.875915,15.241915
8,gz,1,-0.145000,-13.782122,13.637122
8,gz,2,-1.985000,-8.590874,6.605874
8,gz,3,-4.863000,-13.652431,8.789431
8,gz,4,-7.031000,-5.762695,1.268305
8,gz,5,-6.573000,-2.945042,3.627958
8,gz,6,-2.634000,-4.473368,1.839368
8,gz,7,2.992000,-1.888348,4.880348
8,gz,8,6.878000,2.128693,4.749307
8,gz,9,7.611000,0.921331,6.689669
8,gz,10,4.725000,-3.681409,8.406409
8,gz,11,0.397000,-5.730422,6.127422
8,gz,12,-1.618000,-10.334071,8.716071
8,gz,13,0.267000,-13.616254,13.883254
8,gz,14,5.092000,-11.132495,16.224495
8,gz,15,11.527000,2.124602,9.402398
8,gz,16,18.069000,3.764258,14.304742
8,gz,17,22.198000,8.002851,14.195149
8,gz,18,22.550000,19.089034,3.460966
8,gz,19,20.618000,19.110554,1.507446
8,gz,20,18.863000,10.669378,8.193622
8,gz,21,19.916000,6.341863,13.574137
8,gz,22,21.267000,7.540100,13.726900
8,gz,23,20.405000,0.837315,19.567685
8,gz,24,16.847000,-2.682436,19.529436
8,gz,25,10.656000,-2.295831,12.951831
8,gz,26,3.168000,-0.105321,3.273321
8,gz,27,-3.550000,-2.365598,1.184402
8,gz,28,-7.901000,3.660931,11.561931
8,gz,29,-8.504000,-1.073663,7.430337
8,gz,30,-5.053000,-12.107436,7.054436
8,gz,31,1.397000,-2.824471,4.221471
8,gz,32,8.588000,4.636065,3.951935
8,gz,33,15.046000,11.206597,3.839403
8,gz,34,20.427000,6.391429,14.035571
8,gz,35,23.466000,13.083218,10.382782
8,gz,36,23.405000,20.344329,3.060671
8,gz,37,18.389000,13.013562,5.375438
8,gz,38,9.885000,14.341053,4.456053
8,gz,39,2.221000,16.125503,13.904503
8,gz,40,-3.260000,18.641245,21.901245
8,gz,41,-4.229000,19.844106,24.073106
8,gz,42,-1.679000,20.450262,22.129262
8,gz,43,3.260000,16.920494,13.660494
8,gz,44,6.878000,18.481473,11.603473
8,gz,45,7.840000,23.344471,15.504471
8,gz,46,6.672000,27.503746,20.831746
8,gz,47,4.420000,17.415482,12.995482
8,gz,48,1.198000,4.255558,3.057558
8,gz,49,-2.252000,13.111082,15.363082
8,gz,50,-4.031000,19.372708,23.403708
8,gz,51,-0.450000,19.032143,19.482143
8,gz,52,7.641000,20.562770,12.921770
8,gz,53,17.580000,31.595803,14.015803
8,gz,54,29.427000,39.122639,9.695639
8,gz,55,37.740000,40.304617,2.564617
8,gz,56,42.817000,38.927980,3.889020
8,gz,57,41.557000,35.641682,5.915318
8,gz,58,33.496000,27.414749,6.081251
8,gz,59,19.527000,21.369937,1.842937
8,gz,60,4.153000,18.198848,14.045848
8,gz,61,-5.122000,-0.110176,5.011824
8,gz,62,-1.771000,3.447206,5.218206
8,gz,63,11.191000,15.698710,4.507710
9,ax,0,1.793000,1.729006,0.063994
9,ax,1,1.644000,1.526209,0.117791
9,ax,2,1.594000,1.272920,0.321080
9,ax,3,1.639000,1.407151,0.231849
9,ax,4,1.644000,1.505192,0.138808
9,ax,5,1.558000,1.333625,0.224375
9,ax,6,1.553000,1.388198,0.164802
9,ax,7,1.541000,1.380628,0.160372
9,ax,8,1.613000,1.089529,0.523471
9,ax,9,1.474000,1.039150,0.434850
9,ax,10,1.572000,1.004656,0.567344
9,ax,11,1.728000,1.098204,0.629796
9,ax,12,1.750000,1.303073,0.446927
9,ax,13,1.606000,1.236781,0.369219
9,ax,14,1.501000,1.066977,0.434023
9,ax,15,1.400000,0.861132,0.538868
9,ax,16,1.402000,0.617497,0.784503
9,ax,17,1.419000,0.636149,0.782851
9,ax,18,1.302000,0.862754,0.439246
9,ax,19,1.302000,0.827550,0.474450
9,ax,20,1.383000,0.749774,0.633226
9,ax,21,1.326000,0.794920,0.531080
9,ax,22,1.323000,0.829492,0.493508
9,ax,23,1.256000,0.794430,0.461570
9,ax,24,1.108000,0.849016,0.258984
9,ax,25,1.091000,0.757896,0.333104
9,ax,26,1.144000,1.016583,0.127417
9,ax,27,1.144000,0.944249,0.199751
9,ax,28,1.110000,0.734749,0.375251
9,ax,29,1.173000,0.848599,0.324401
9,ax,30,1.156000,1.059435,0.096565
9,ax,31,1.199000,1.122648,0.076352
9,ax,32,1.074000,1.409059,0.335059
9,ax,33,1.058000,1.286901,0.228901
9,ax,34,1.151000,1.274801,0.123801
9,ax,35,1.151000,1.321633,0.170633
9,ax,36,1.129000,1.351319,0.222319
9,ax,37,1.153000,1.337065,0.184065
9,ax,38,1.146000,1.371883,0.225883
9,ax,39,1.074000,1.340719,0.266719
9,ax,40,1.091000,1.616998,0.525998
9,ax,41,1.144000,1.661140,0.517140
9,ax,42,1.077000,1.387189,0.310189
9,ax,43,1.082000,1.354929,0.272929
9,ax,44,1.058000,1.463441,0.405441
9,ax,45,0.969000,1.451959,0.482959
9,ax,46,0.945000,1.504050,0.559050
9,ax,47,0.928000,1.480725,0.552725
9,ax,48,0.936000,1.453274,0.517274
9,ax,49,0.926000,1.514953,0.588953
9,ax,50,0.775000,1.268472,0.493472
9,ax,51,0.651000,1.106763,0.455763
9,ax,52,0.572000,1.118940,0.546940
9,ax,53,0.469000,1.125985,0.656985
9,ax,54,0.430000,1.069943,0.639943
9,ax,55,0.548000,1.102481,0.554481
9,ax,56,0.588000,0.842325,0.254325
9,ax,57,0.581000,0.711987,0.130987
9,ax,58,0.658000,0.882369,0.224369
9,ax,59,0.706000,1.043605,0.337605
9,ax,60,0.689000,1.076388,0.387388
9,ax,61,0.572000,0.878361,0.306361
9,ax,62,0.447000,0.552676,0.105676
9,ax,63,0.521000,0.717493,0.196493
9,ay,0,-0.124000,0.114857,0.238857
9,ay,1,-0.241000,-0.005059,0.235941
9,ay,2,-0.148000,-0.015582,0.132418
9,ay,3,-0.145000,0.025231,0.170231
9,ay,4,-0.229000,-0.189268,0.039732
9,ay,5,-0.186000,-0.157367,0.028633
9,ay,6,-0.052000,0.082075,0.134075
9,ay,7,-0.071000,0.116931,0.187931
9,ay,8,-0.136000,0.042522,0.178522
9,ay,9,-0.047000,0.064938,0.111938
9,ay,10,0.108000,0.164149,0.056149
9,ay,11,0.151000,0.214932,0.063932
9,ay,12,0.192000,0.285800,0.093800
9,ay,13,0.041000,0.184716,0.143716
9,ay,14,-0.023000,0.224213,0.247213
9,ay,15,-0.009000,0.184251,0.193251
9,ay,16,-0.086000,0.127290,0.213290
9,ay,17,-0.165000,0.063449,0.228449
9,ay,18,-0.112000,-0.052905,0.059095
9,ay,19,-0.016000,0.088205,0.104205
9,ay,20,-0.007000,0.287910,0.294910
9,ay,21,-0.014000,0.331957,0.345957
9,ay,22,-0.009000,0.046639,0.055639
9,ay,23,-0.122000,0.063156,0.185156
9,ay,24,-0.004000,0.101849,0.105849
9,ay,25,0.072000,0.052250,0.019750
9,ay,26,0.065000,-0.114865,0.179865
9,ay,27,0.034000,-0.210125,0.244125
9,ay,28,0.032000,-0.111165,0.143165
9,ay,29,-0.009000,-0.122308,0.113308
9,ay,30,0.029000,-0.169508,0.198508
9,ay,31,0.046000,-0.231612,0.277612
9,ay,32,0.037000,-0.104027,0.141027
9,ay,33,0.087000,-0.072659,0.159659
9,ay,34,0.020000,0.158347,0.138347
9,ay,35,0.089000,0.131475,0.042475
9,ay,36,0.044000,-0.097827,0.141827
9,ay,37,0.037000,-0.067361,0.104361
9,ay,38,0.053000,0.003247,0.049753
9,ay,39,0.084000,-0.130292,0.214292
9,ay,40,0.068000,-0.300122,0.368122
9,ay,41,0.202000,-0.137220,0.339220
9,ay,42,0.187000,0.012554,0.174446
9,ay,43,0.180000,0.107702,0.072298
9,ay,44,0.206000,0.053760,0.152240
9,ay,45,0.216000,0.043582,0.172418
9,ay,46,0.321000,0.079829,0.241171
9,ay,47,0.376000,0.253084,0.122916
9,ay,48,0.242000,0.292363,0.050363
9,ay,49,0.151000,0.104048,0.046952
9,ay,50,0.264000,0.075306,0.188694
9,ay,51,0.281000,0.042876,0.238124
9,ay,52,0.120000,-0.054206,0.174206
9,ay,53,-0.076000,-0.144567,0.068567
9,ay,54,-0.232000,-0.180880,0.051120
9,ay,55,-0.148000,-0.123403,0.024597
9,ay,56,-0.081000,0.048318,0.129318
9,ay,57,-0.129000,-0.010267,0.118733
9,ay,58,-0.196000,-0.156694,0.039306
9,ay,59,-0.150000,-0.157371,0.007371
9,ay,60,-0.076000,-0.142851,0.066851
9,ay,61,-0.136000,-0.158040,0.022040
9,ay,62,-0.124000,-0.164174,0.040174
9,ay,63,-0.215000,-0.180088,0.034912
9,az,0,10.379000,10.088263,0.290737
9,az,1,10.351000,10.274266,0.076734
9,az,2,10.332000,10.573025,0.241025
9,az,3,10.186000,10.308951,0.122951
9,az,4,10.554000,10.311073,0.242927
9,az,5,10.705000,10.642381,0.062619
9,az,6,10.616000,10.661864,0.045864
9,az,7,10.576000,10.472450,0.103550
9,az,8,10.593000,10.149570,0.443430
9,az,9,10.885000,10.198193,0.686807
9,az,10,10.643000,10.446256,0.196744
9,az,11,10.193000,10.244505,0.051505
9,az,12,10.324000,10.216930,0.107070
9,az,13,10.609000,10.232097,0.376903
9,az,14,10.660000,10.389194,0.270806
9,az,15,10.511000,10.558651,0.047651
9,az,16,10.212000,10.054960,0.157040
9,az,17,10.437000,10.160846,0.276154
9,az,18,10.427000,10.187015,0.239985
9,az,19,10.435000,10.228077,0.206923
9,az,20,10.243000,10.143590,0.099410
9,az,21,10.317000,10.013404,0.303596
9,az,22,10.109000,10.182030,0.073030
9,az,23,10.382000,10.413298,0.031298
9,az,24,10.454000,10.330721,0.123279
9,az,25,10.279000,10.245952,0.033048
9,az,26,10.097000,10.057821,0.039179
9,az,27,10.145000,10.183250,0.038250
9,az,28,10.265000,10.014131,0.250869
9,az,29,10.102000,9.828672,0.273328
9,az,30,9.814000,9.800918,0.013082
9,az,31,9.927000,9.942003,0.015003
9,az,32,9.965000,10.043244,0.078244
9,az,33,9.850000,10.133311,0.283311
9,az,34,9.798000,9.879142,0.081142
9,az,35,9.903000,10.032412,0.129412
9,az,36,9.848000,10.014954,0.166954
9,az,37,9.798000,9.998181,0.200181
9,az,38,9.757000,9.713399,0.043601
9,az,39,9.819000,9.738101,0.080899
9,az,40,9.702000,9.806537,0.104537
9,az,41,9.714000,9.890928,0.176928
9,az,42,9.781000,9.878200,0.097200
9,az,43,9.733000,9.838425,0.105425
9,az,44,9.577000,9.944994,0.367994
9,az,45,9.688000,9.997223,0.309223
9,az,46,9.508000,9.752810,0.244810
9,az,47,9.400000,9.527699,0.127699
9,az,48,9.331000,9.517754,0.186754
9,az,49,9.467000,9.591439,0.124439
9,az,50,9.640000,9.591119,0.048881
9,az,51,9.700000,9.548656,0.151344
9,az,52,9.716000,9.747497,0.031497
9,az,53,9.774000,9.807334,0.033334
9,az,54,9.606000,9.921704,0.315704
9,az,55,9.460000,9.758015,0.298015
9,az,56,9.403000,9.669834,0.266834
9,az,57,9.412000,9.757573,0.345573
9,az,58,9.489000,9.594373,0.105373
9,az,59,9.479000,9.474506,0.004494
9,az,60,9.599000,9.474577,0.124423
9,az,61,9.652000,9.611227,0.040773
9,az,62,9.357000,9.663043,0.306043
9,az,63,9.424000,9.655430,0.231430
9,gx,0,7.092000,10.310237,3.218237
9,gx,1,8.573000,11.773639,3.200639
9,gx,2,8.710000,12.099688,3.389688
9,gx,3,9.176000,11.508391,2.332391
9,gx,4,10.733000,12.275940,1.542940
9,gx,5,10.176000,13.856061,3.680061
9,gx,6,9.779000,13.906955,4.127955
9,gx,7,10.947000,16.353303,5.406303
9,gx,8,12.740000,15.796130,3.056130
9,gx,9,13.107000,15.177135,2.070135
9,gx,10,11.832000,15.263401,3.431401
9,gx,11,10.824000,12.371290,1.547290
9,gx,12,12.053000,10.194573,1.858427
9,gx,13,12.779000,10.716191,2.062809
9,gx,14,11.076000,10.207484,0.868516
9,gx,15,10.053000,11.220218,1.167218
9,gx,16,9.878000,12.516125,2.638125
9,gx,17,9.557000,13.402299,3.845299
9,gx,18,9.511000,14.223068,4.712068
9,gx,19,9.649000,15.056256,5.407256
9,gx,20,10.321000,13.415087,3.094087
9,gx,21,12.000000,13.227871,1.227871
9,gx,22,14.183000,14.688305,0.505305
9,gx,23,15.489000,13.486563,2.002437
9,gx,24,16.015000,11.998321,4.016679
9,gx,25,17.107000,15.483731,1.623269
9,gx,26,19.031000,14.057136,4.973864
9,gx,27,20.260000,16.371466,3.888534
9,gx,28,20.412000,18.214155,2.197845
9,gx,29,18.855000,14.335669,4.519331
9,gx,30,17.214000,14.945666,2.268334
9,gx,31,16.214000,13.628377,2.585623
9,gx,32,15.664000,10.605172,5.058828
9,gx,33,14.672000,10.578379,4.093621
9,gx,34,13.649000,11.189683,2.459317
9,gx,35,13.466000,11.044265,2.421735
9,gx,36,14.710000,12.754469,1.955531
9,gx,37,17.534000,15.166497,2.367503
9,gx,38,20.710000,16.557744,4.152256
9,gx,39,22.229000,19.636557,2.592443
9,gx,40,21.527000,21.376669,0.150331
9,gx,41,20.084000,19.497275,0.586725
9,gx,42,17.985000,19.923085,1.938085
9,gx,43,15.863000,17.382587,1.519587
9,gx,44,14.588000,12.551979,2.036021
9,gx,45,13.603000,11.047254,2.555746
9,gx,46,12.305000,9.365611,2.939389
9,gx,47,11.496000,8.039157,3.456843
9,gx,48,10.924000,11.845411,0.921411
9,gx,49,11.382000,12.860842,1.478842
9,gx,50,14.061000,15.307747,1.246747
9,gx,51,19.206000,19.841038,0.635038
9,gx,52,24.260000,21.951370,2.308630
9,gx,53,25.771000,21.666403,4.104597
9,gx,54,23.214000,21.679351,1.534649
9,gx,55,19.412000,17.828229,1.583771
9,gx,56,15.435000,14.482788,0.952212
9,gx,57,11.695000,11.501978,0.193022
9,gx,58,8.481000,10.775293,2.294293
9,gx,59,7.977000,11.459884,3.482884
9,gx,60,10.290000,13.127249,2.837249
9,gx,61,14.099000,16.664954,2.565954
9,gx,62,16.901000,17.893604,0.992604
9,gx,63,19.519000,20.396745,0.877745
9,gy,0,21.870000,16.393138,5.476862
9,gy,1,20.176000,12.695030,7.480970
9,gy,2,17.573000,7.128916,10.444084
9,gy,3,16.191000,7.991686,8.199314
9,gy,4,15.664000,10.972199,4.691801
9,gy,5,14.321000,8.572257,5.748743
9,gy,6,13.198000,8.162769,5.035231
9,gy,7,13.908000,6.507505,7.400495
9,gy,8,15.321000,7.405839,7.915161
9,gy,9,16.237000,8.664831,7.572169
9,gy,10,15.595000,2.409358,13.185642
9,gy,11,15.931000,4.081480,11.849520
9,gy,12,17.015000,3.510496,13.504504
9,gy,13,15.359000,3.195299,12.163701
9,gy,14,9.969000,2.383556,7.585444
9,gy,15,3.634000,-7.222869,10.856869
9,gy,16,2.168000,-6.558105,8.726105
9,gy,17,5.084000,-4.171100,9.255100
9,gy,18,8.626000,-5.021863,13.647863
9,gy,19,10.244000,-2.609734,12.853734
9,gy,20,9.878000,-8.054984,17.932984
9,gy,21,8.450000,-5.140931,13.590931
9,gy,22,6.229000,-2.185740,8.414740
9,gy,23,4.191000,-3.827006,8.018006
9,gy,24,1.679000,-2.972754,4.651754
9,gy,25,0.046000,-7.527227,7.573227
9,gy,26,2.198000,-4.000595,6.198595
9,gy,27,6.000000,-0.184695,6.184695
9,gy,28,7.802000,0.121735,7.680265
9,gy,29,6.725000,0.631903,6.093097
9,gy,30,5.267000,4.003197,1.263803
9,gy,31,4.947000,4.009569,0.937431
9,gy,32,4.550000,7.297821,2.747821
9,gy,33,3.832000,3.367148,0.464852
9,gy,34,4.198000,5.006617,0.808617
9,gy,35,4.992000,7.978774,2.986774
9,gy,36,5.443000,11.265214,5.822214
9,gy,37,4.962000,8.263027,3.301027
9,gy,38,4.092000,7.936516,3.844516
9,gy,39,3.244000,5.149442,1.905442
9,gy,40,2.527000,14.616797,12.089797
9,gy,41,1.687000,14.881559,13.194559
9,gy,42,-0.145000,16.923793,17.068793
9,gy,43,-3.130000,15.283421,18.413421
9,gy,44,-5.198000,9.972504,15.170504
9,gy,45,-5.908000,11.453522,17.361522
9,gy,46,-5.794000,8.086057,13.880057
9,gy,47,-5.198000,5.694984,10.892984
9,gy,48,-4.840000,7.995126,12.835126
9,gy,49,-5.565000,6.633239,12.198239
9,gy,50,-7.672000,8.911143,16.583143
9,gy,51,-10.221000,5.988444,16.209444
9,gy,52,-11.420000,2.020619,13.440619
9,gy,53,-10.344000,7.359576,17.703576
9,gy,54,-7.534000,4.176158,11.710158
9,gy,55,-4.260000,7.091525,11.351525
9,gy,56,-1.916000,0.698519,2.614519
9,gy,57,-2.115000,-3.280916,1.165916
9,gy,58,-4.450000,-2.834082,1.615918
9,gy,59,-7.023000,-3.790086,3.232914
9,gy,60,-8.733000,-5.899446,2.833554
9,gy,61,-9.695000,-5.409566,4.285434
9,gy,62,-9.710000,-6.376703,3.333297
9,gy,63,-7.977000,-3.631904,4.345096
9,gz,0,-18.290000,-21.421319,3.131319
9,gz,1,-17.473000,-20.811388,3.338388
9,gz,2,-17.321000,-19.677233,2.356233
9,gz,3,-16.244000,-19.272837,3.028837
9,gz,4,-14.336000,-15.491263,1.155263
9,gz,5,-12.916000,-15.607108,2.691108
9,gz,6,-10.985000,-13.570910,2.585910
9,gz,7,-8.366000,-10.289694,1.923694
9,gz,8,-6.656000,-7.923106,1.267106
9,gz,9,-6.160000,-7.072770,0.912770
9,gz,10,-6.221000,-4.467065,1.753935
9,gz,11,-5.916000,-3.698014,2.217986
9,gz,12,-4.947000,-3.530852,1.416148
9,gz,13,-4.557000,-4.026414,0.530586
9,gz,14,-6.137000,-6.908458,0.771458
9,gz,15,-8.168000,-7.505152,0.662848
9,gz,16,-9.534000,-11.715794,2.181794
9,gz,17,-11.130000,-13.268831,2.138831
9,gz,18,-12.969000,-16.309937,3.340937
9,gz,19,-14.137000,-17.666095,3.529095
9,gz,20,-14.275000,-16.512973,2.237973
9,gz,21,-13.489000,-15.987210,2.498210
9,gz,22,-12.282000,-16.307162,4.025162
9,gz,23,-11.099000,-13.457173,2.358173
9,gz,24,-10.397000,-12.777410,2.380410
9,gz,25,-9.901000,-12.889873,2.988873
9,gz,26,-9.878000,-12.789601,2.911601
9,gz,27,-10.771000,-13.908768,3.137768
9,gz,28,-11.389000,-13.092214,1.703214
9,gz,29,-11.771000,-14.241450,2.470450
9,gz,30,-12.206000,-14.857007,2.651007
9,gz,31,-12.298000,-13.724008,1.426008
9,gz,32,-11.679000,-12.640275,0.961275
9,gz,33,-10.809000,-10.742659,0.066341
9,gz,34,-9.817000,-9.079582,0.737418
9,gz,35,-8.802000,-8.774239,0.027761
9,gz,36,-7.870000,-5.791447,2.078553
9,gz,37,-6.840000,-5.214849,1.625151
9,gz,38,-5.573000,-5.544116,0.028884
9,gz,39,-4.779000,-5.558272,0.779272
9,gz,40,-5.695000,-4.802249,0.892751
9,gz,41,-7.664000,-5.263627,2.400373
9,gz,42,-9.328000,-7.374478,1.953522
9,gz,43,-10.557000,-8.989972,1.567028
9,gz,44,-11.710000,-10.234302,1.475698
9,gz,45,-13.588000,-11.946633,1.641367
9,gz,46,-15.977000,-14.200619,1.776381
9,gz,47,-17.634000,-15.773457,1.860543
9,gz,48,-18.176000,-17.424794,0.751206
9,gz,49,-18.511000,-16.363259,2.147741
9,gz,50,-18.359000,-18.252520,0.106480
9,gz,51,-17.115000,-18.786532,1.671532
9,gz,52,-16.282000,-18.200688,1.918688
9,gz,53,-17.038000,-17.831013,0.793013
9,gz,54,-19.504000,-17.578203,1.925797
9,gz,55,-22.008000,-19.638392,2.369608
9,gz,56,-22.870000,-17.684813,5.185187
9,gz,57,-21.847000,-16.609284,5.237716
9,gz,58,-19.305000,-14.890314,4.414686
9,gz,59,-16.160000,-13.063029,3.096971
9,gz,60,-12.527000,-9.239421,3.287579
9,gz,61,-9.939000,-6.995948,2.943052
9,gz,62,-9.863000,-2.703191,7.159809
9,gz,63,-11.817000,-3.916738,7.900262
10,ax,0,-1.588000,-1.622021,0.034021
10,ax,1,-1.598000,-1.646386,0.048386
10,ax,2,-1.607000,-1.699637,0.092637
10,ax,3,-1.614000,-1.842745,0.228745
10,ax,4,-1.461000,-1.669451,0.208451
10,ax,5,-1.523000,-1.657460,0.134460
10,ax,6,-1.693000,-1.689843,0.003157
10,ax,7,-1.590000,-1.720208,0.130208
10,ax,8,-1.511000,-1.779717,0.268717
10,ax,9,-1.463000,-2.036644,0.573644
10,ax,10,-1.375000,-1.887996,0.512996
10,ax,11,-1.569000,-1.859104,0.290104
10,ax,12,-1.626000,-1.854740,0.228740
10,ax,13,-1.712000,-2.143014,0.431014
10,ax,14,-1.679000,-1.959696,0.280696
10,ax,15,-1.722000,-1.866981,0.144981
10,ax,16,-1.655000,-2.277034,0.622034
10,ax,17,-1.590000,-2.306009,0.716009
10,ax,18,-1.485000,-1.963854,0.478854
10,ax,19,-1.313000,-1.628577,0.315577
10,ax,20,-1.511000,-1.929985,0.418985
10,ax,21,-1.643000,-2.233837,0.590837
10,ax,22,-1.602000,-1.871352,0.269352
10,ax,23,-1.495000,-1.698765,0.203765
10,ax,24,-1.502000,-1.890934,0.388934
10,ax,25,-1.504000,-1.788296,0.284296
10,ax,26,-1.475000,-1.596540,0.121540
10,ax,27,-1.430000,-1.342356,0.087644
10,ax,28,-1.416000,-1.840271,0.424271
10,ax,29,-1.578000,-1.890395,0.312395
10,ax,30,-1.650000,-1.685940,0.035940
10,ax,31,-1.724000,-1.714224,0.009776
10,ax,32,-1.758000,-1.570065,0.187935
10,ax,33,-1.756000,-1.706906,0.049094
10,ax,34,-1.787000,-1.632692,0.154308
10,ax,35,-1.949000,-1.870360,0.078640
10,ax,36,-2.117000,-2.039502,0.077498
10,ax,37,-2.079000,-1.883566,0.195434
10,ax,38,-1.926000,-1.850226,0.075774
10,ax,39,-1.916000,-1.779478,0.136522
10,ax,40,-1.959000,-1.660135,0.298865
10,ax,41,-2.110000,-1.909338,0.200662
10,ax,42,-2.316000,-1.875654,0.440346
10,ax,43,-2.325000,-2.237604,0.087396
10,ax,44,-2.273000,-1.998924,0.274076
10,ax,45,-2.287000,-1.834289,0.452711
10,ax,46,-2.335000,-1.814601,0.520399
10,ax,47,-2.254000,-1.853174,0.400826
10,ax,48,-2.172000,-2.146151,0.025849
10,ax,49,-2.177000,-2.106530,0.070470
10,ax,50,-2.378000,-2.130980,0.247020
10,ax,51,-2.740000,-2.233604,0.506396
10,ax,52,-2.522000,-2.110343,0.411657
10,ax,53,-2.206000,-1.896866,0.309134
10,ax,54,-2.127000,-1.724731,0.402269
10,ax,55,-2.280000,-1.948672,0.331328
10,ax,56,-2.368000,-2.398922,0.030922
10,ax,57,-2.301000,-1.987287,0.313713
10,ax,58,-2.297000,-1.719199,0.577801
10,ax,59,-2.230000,-1.663473,0.566527
10,ax,60,-1.973000,-1.733352,0.239648
10,ax,61,-1.878000,-1.491630,0.386370
10,ax,62,-1.945000,-1.453821,0.491179
10,ax,63,-2.148000,-1.927913,0.220087
10,ay,0,-0.701000,-0.931955,0.230955
10,ay,1,-0.687000,-0.891848,0.204848
10,ay,2,-0.682000,-0.706357,0.024357
10,ay,3,-0.564000,-0.739057,0.175057
10,ay,4,-0.466000,-0.558189,0.092189
10,ay,5,-0.608000,-0.747753,0.139753
10,ay,6,-0.493000,-0.578733,0.085733
10,ay,7,-0.572000,-0.785187,0.213187
10,ay,8,-0.466000,-0.280461,0.185539
10,ay,9,-0.275000,-0.246897,0.028103
10,ay,10,-0.359000,-0.210750,0.148250
10,ay,11,-0.476000,-0.233582,0.242418
10,ay,12,-0.404000,-0.117971,0.286029
10,ay,13,-0.392000,-0.290287,0.101713
10,ay,14,-0.347000,-0.183769,0.163231
10,ay,15,-0.433000,-0.245612,0.187388
10,ay,16,-0.387000,0.020352,0.407352
10,ay,17,-0.272000,0.100778,0.372778
10,ay,18,-0.021000,0.352666,0.373666
10,ay,19,-0.014000,0.296699,0.310699
10,ay,20,-0.066000,0.213052,0.279052
10,ay,21,-0.136000,0.201621,0.337621
10,ay,22,-0.177000,0.259073,0.436073
10,ay,23,0.051000,0.589740,0.538740
10,ay,24,0.065000,0.188840,0.123840
10,ay,25,0.003000,0.086724,0.083724
10,ay,26,-0.035000,-0.221209,0.186209
10,ay,27,-0.090000,-0.214506,0.124506
10,ay,28,-0.260000,-0.518313,0.258313
10,ay,29,-0.323000,-0.492877,0.169877
10,ay,30,-0.610000,-0.524820,0.085180
10,ay,31,-0.732000,-0.406147,0.325853
10,ay,32,-0.766000,-0.387189,0.378811
10,ay,33,-0.687000,-0.184677,0.502323
10,ay,34,-0.677000,-0.458515,0.218485
10,ay,35,-0.854000,-0.717917,0.136083
10,ay,36,-0.962000,-0.573895,0.388105
10,ay,37,-0.900000,-0.475724,0.424276
10,ay,38,-0.871000,-0.531642,0.339358
10,ay,39,-0.907000,-0.714708,0.192292
10,ay,40,-0.756000,-0.936718,0.180718
10,ay,41,-0.603000,-0.895677,0.292677
10,ay,42,-0.476000,-0.919730,0.443730
10,ay,43,-0.399000,-0.911310,0.512310
10,ay,44,-0.399000,-0.571689,0.172689
10,ay,45,-0.303000,-0.659454,0.356454
10,ay,46,-0.083000,-0.435333,0.352333
10,ay,47,0.125000,-0.322911,0.447911
10,ay,48,0.149000,-0.298750,0.447750
10,ay,49,0.022000,-0.630253,0.652253
10,ay,50,-0.052000,-0.547496,0.495496
10,ay,51,0.003000,-0.339106,0.342106
10,ay,52,0.305000,-0.298618,0.603618
10,ay,53,0.341000,-0.294084,0.635084
10,ay,54,0.075000,-0.369711,0.444711
10,ay,55,-0.181000,-0.291878,0.110878
10,ay,56,-0.169000,-0.369572,0.200572
10,ay,57,-0.311000,-0.292515,0.018485
10,ay,58,-0.356000,0.041773,0.397773
10,ay,59,-0.105000,0.024983,0.129983
10,ay,60,0.202000,0.075416,0.126584
10,ay,61,0.017000,0.244177,0.227177
10,ay,62,-0.086000,0.135298,0.221298
10,ay,63,-0.138000,-0.011843,0.126157
10,az,0,8.919000,10.072790,1.153790
10,az,1,8.931000,9.965380,1.034380
10,az,2,8.960000,9.666658,0.706658
10,az,3,8.833000,9.452554,0.619554
10,az,4,8.581000,9.512910,0.931910
10,az,5,8.708000,9.551402,0.843402
10,az,6,8.723000,9.154716,0.431716
10,az,7,8.814000,9.503396,0.689396
10,az,8,8.885000,9.546179,0.661179
10,az,9,8.962000,9.416546,0.454546
10,az,10,9.051000,9.040172,0.010828
10,az,11,9.237000,9.239112,0.002112
10,az,12,9.166000,9.628175,0.462175
10,az,13,9.010000,9.437020,0.427020
10,az,14,9.020000,9.156600,0.136600
10,az,15,8.962000,9.218194,0.256194
10,az,16,9.060000,9.472682,0.412682
10,az,17,9.075000,9.420360,0.345360
10,az,18,9.082000,9.592268,0.510268
10,az,19,8.931000,9.649784,0.718784
10,az,20,9.099000,9.911648,0.812648
10,az,21,9.199000,9.716325,0.517325
10,az,22,9.130000,9.374788,0.244788
10,az,23,9.089000,9.665355,0.576355
10,az,24,9.225000,9.597512,0.372512
10,az,25,9.326000,9.724321,0.398321
10,az,26,9.163000,9.640213,0.477213
10,az,27,9.235000,9.668780,0.433780
10,az,28,9.395000,9.673384,0.278384
10,az,29,9.436000,9.786062,0.350062
10,az,30,9.482000,9.754959,0.272959
10,az,31,9.575000,9.724604,0.149604
10,az,32,9.522000,9.200610,0.321390
10,az,33,9.644000,9.292611,0.351389
10,az,34,9.656000,9.450290,0.205710
10,az,35,9.860000,9.401299,0.458701
10,az,36,10.095000,9.297293,0.797707
10,az,37,9.956000,9.437922,0.518078
10,az,38,9.893000,9.612543,0.280457
10,az,39,9.745000,9.346730,0.398270
10,az,40,9.908000,9.164825,0.743175
10,az,41,10.135000,9.418223,0.716777
10,az,42,10.212000,9.600868,0.611132
10,az,43,10.044000,9.262871,0.781129
10,az,44,9.920000,9.143565,0.776435
10,az,45,10.169000,9.392709,0.776291
10,az,46,10.205000,9.556225,0.648775
10,az,47,10.198000,9.710968,0.487032
10,az,48,10.042000,9.729459,0.312541
10,az,49,9.941000,10.034673,0.093673
10,az,50,10.217000,9.798961,0.418039
10,az,51,10.585000,9.912215,0.672785
10,az,52,10.269000,9.837487,0.431513
10,az,53,9.561000,9.482169,0.078831
10,az,54,9.589000,9.464995,0.124005
10,az,55,10.121000,9.616794,0.504206
10,az,56,10.016000,9.712427,0.303573
10,az,57,9.879000,9.535347,0.343653
10,az,58,10.107000,9.434623,0.672377
10,az,59,10.233000,9.669351,0.563649
10,az,60,9.846000,9.467668,0.378332
10,az,61,9.678000,9.044239,0.633761
10,az,62,10.047000,9.189614,0.857386
10,az,63,10.068000,9.445571,0.622429
10,gx,0,-6.038000,-3.787536,2.250464
10,gx,1,-7.389000,-5.998288,1.390712
10,gx,2,-9.137000,-6.867750,2.269250
10,gx,3,-9.168000,-7.465156,1.702844
10,gx,4,-6.809000,-7.529197,0.720197
10,gx,5,-4.305000,-5.344490,1.039490
10,gx,6,-4.664000,-6.592795,1.928795
10,gx,7,-7.466000,-7.282794,0.183206
10,gx,8,-9.641000,-9.363453,0.277547
10,gx,9,-9.122000,-8.938672,0.183328
10,gx,10,-7.435000,-8.861172,1.426172
10,gx,11,-6.595000,-9.575532,2.980532
10,gx,12,-7.573000,-10.093442,2.520442
10,gx,13,-8.893000,-9.737311,0.844311
10,gx,14,-9.275000,-10.781180,1.506180
10,gx,15,-9.534000,-11.405715,1.871715
10,gx,16,-10.748000,-9.787752,0.960248
10,gx,17,-12.710000,-10.928173,1.781827
10,gx,18,-12.466000,-9.841698,2.624302
10,gx,19,-9.519000,-7.651543,1.867457
10,gx,20,-6.565000,-6.184913,0.380087
10,gx,21,-6.221000,-6.720811,0.499811
10,gx,22,-8.771000,-6.404533,2.366467
10,gx,23,-10.023000,-7.904427,2.118573
10,gx,24,-9.496000,-3.827931,5.668069
10,gx,25,-8.412000,-2.457333,5.954667
10,gx,26,-7.145000,-4.277708,2.867292
10,gx,27,-5.802000,-2.420129,3.381871
10,gx,28,-5.550000,-5.517892,0.032108
10,gx,29,-5.977000,-5.835841,0.141159
10,gx,30,-7.031000,-3.685159,3.345841
10,gx,31,-8.992000,-5.862597,3.129403
10,gx,32,-10.863000,-8.025369,2.837631
10,gx,33,-11.450000,-9.523799,1.926201
10,gx,34,-10.534000,-12.867901,2.333901
10,gx,35,-8.847000,-9.542585,0.695585
10,gx,36,-7.489000,-11.551915,4.062915
10,gx,37,-8.053000,-13.104118,5.051118
10,gx,38,-10.084000,-10.779312,0.695312
10,gx,39,-12.573000,-12.492787,0.080213
10,gx,40,-14.252000,-10.775493,3.476507
10,gx,41,-13.718000,-8.954177,4.763823
10,gx,42,-11.031000,-10.091338,0.939662
10,gx,43,-8.344000,-8.867778,0.523778
10,gx,44,-6.313000,-5.594079,0.718921
10,gx,45,-6.046000,-5.449358,0.596642
10,gx,46,-6.740000,-4.202537,2.537463
10,gx,47,-6.855000,-4.894689,1.960311
10,gx,48,-5.076000,-5.434826,0.358826
10,gx,49,-1.939000,-4.863364,2.924364
10,gx,50,-0.656000,-2.094029,1.438029
10,gx,51,-3.107000,-3.716608,0.609608
10,gx,52,-6.550000,-6.208252,0.341748
10,gx,53,-7.550000,-8.089878,0.539878
10,gx,54,-5.267000,-10.190253,4.923253
10,gx,55,-3.496000,-6.398894,2.902894
10,gx,56,-4.733000,-7.488521,2.755521
10,gx,57,-6.847000,-8.479308,1.632308
10,gx,58,-8.092000,-7.422157,0.669843
10,gx,59,-8.756000,-10.714115,1.958115
10,gx,60,-9.282000,-10.646866,1.364866
10,gx,61,-6.847000,-6.674440,0.172560
10,gx,62,-2.771000,-10.501118,7.730118
10,gx,63,-0.511000,-8.547215,8.036215
10,gy,0,-25.756000,-34.519826,8.763826
10,gy,1,-22.901000,-33.646607,10.745607
10,gy,2,-21.359000,-32.589098,11.230098
10,gy,3,-21.962000,-31.203293,9.241293
10,gy,4,-23.305000,-34.563307,11.258307
10,gy,5,-24.084000,-35.620497,11.536497
10,gy,6,-25.779000,-34.462495,8.683495
10,gy,7,-28.374000,-37.665390,9.291390
10,gy,8,-29.779000,-35.665154,5.886154
10,gy,9,-29.901000,-35.210974,5.309974
10,gy,10,-29.206000,-35.344463,6.138463
10,gy,11,-27.916000,-33.742873,5.826873
10,gy,12,-26.954000,-33.372003,6.418003
10,gy,13,-26.443000,-32.672703,6.229703
10,gy,14,-26.183000,-30.757382,4.574382
10,gy,15,-25.771000,-31.056121,5.285121
10,gy,16,-25.038000,-28.298155,3.260155
10,gy,17,-24.519000,-29.058904,4.539904
10,gy,18,-24.603000,-28.693938,4.090938
10,gy,19,-24.435000,-27.875932,3.440932
10,gy,20,-24.420000,-30.275225,5.855225
10,gy,21,-26.084000,-31.072817,4.988817
10,gy,22,-28.305000,-29.323785,1.018785
10,gy,23,-28.725000,-31.770011,3.045011
10,gy,24,-28.305000,-28.570626,0.265626
10,gy,25,-28.443000,-29.346334,0.903334
10,gy,26,-27.344000,-29.983236,2.639236
10,gy,27,-24.687000,-25.838994,1.151994
10,gy,28,-22.939000,-26.455341,3.516341
10,gy,29,-23.473000,-26.732017,3.259017
10,gy,30,-24.924000,-24.757583,0.166417
10,gy,31,-26.649000,-25.983507,0.665493
10,gy,32,-28.122000,-21.676216,6.445784
10,gy,33,-28.687000,-19.030528,9.656472
10,gy,34,-28.702000,-17.547043,11.154957
10,gy,35,-28.443000,-17.909665,10.533335
10,gy,36,-28.870000,-19.356339,9.513661
10,gy,37,-29.046000,-17.493005,11.552995
10,gy,38,-27.107000,-17.723056,9.383944
10,gy,39,-24.099000,-17.183175,6.915825
10,gy,40,-22.084000,-15.586010,6.497990
10,gy,41,-22.450000,-18.359063,4.090937
10,gy,42,-24.573000,-18.892266,5.680734
10,gy,43,-26.351000,-17.339014,9.011986
10,gy,44,-25.420000,-16.860029,8.559971
10,gy,45,-22.511000,-15.859001,6.651999
10,gy,46,-20.496000,-15.089100,5.406900
10,gy,47,-19.160000,-13.765257,5.394743
10,gy,48,-16.969000,-12.440811,4.528189
10,gy,49,-13.962000,-8.931701,5.030299
10,gy,50,-12.084000,-6.595694,5.488306
10,gy,51,-13.672000,-9.417753,4.254247
10,gy,52,-17.282000,-10.874511,6.407489
10,gy,53,-16.374000,-7.979099,8.394901
10,gy,54,-9.947000,-6.892523,3.054477
10,gy,55,-4.489000,-2.908991,1.580009
10,gy,56,-4.580000,-2.665491,1.914509
10,gy,57,-6.374000,-7.887063,1.513063
10,gy,58,-7.618000,-7.782136,0.164136
10,gy,59,-9.267000,-7.784901,1.482099
10,gy,60,-10.359000,-7.050819,3.308181
10,gy,61,-8.557000,-5.062987,3.494013
10,gy,62,-6.351000,-9.442902,3.091902
10,gy,63,-7.092000,-10.165259,3.073259
10,gz,0,-5.252000,-3.883849,1.368151
10,gz,1,-7.405000,-5.348850,2.056150
10,gz,2,-8.069000,-4.064579,4.004421
10,gz,3,-7.160000,-1.744726,5.415274
10,gz,4,-4.649000,-2.031512,2.617488
10,gz,5,-1.611000,1.040613,2.651613
10,gz,6,0.366000,3.264344,2.898344
10,gz,7,1.221000,4.166799,2.945799
10,gz,8,1.305000,3.937809,2.632809
10,gz,9,1.221000,5.603591,4.382591
10,gz,10,1.679000,5.699847,4.020847
10,gz,11,1.473000,6.093386,4.620386
10,gz,12,-0.649000,2.470557,3.119557
10,gz,13,-2.618000,1.398580,4.016580
10,gz,14,-3.847000,0.674069,4.521069
10,gz,15,-3.977000,-0.348587,3.628413
10,gz,16,-3.366000,0.183494,3.549494
10,gz,17,-2.008000,0.581599,2.589599
10,gz,18,0.382000,-0.969365,1.351365
10,gz,19,2.763000,-0.786661,3.549661
10,gz,20,3.458000,1.564009,1.893991
10,gz,21,1.840000,1.564644,0.275356
10,gz,22,-1.397000,0.584120,1.981120
10,gz,23,-3.519000,-1.951955,1.567045
10,gz,24,-3.305000,-0.503678,2.801322
10,gz,25,-2.427000,-1.589736,0.837264
10,gz,26,-1.893000,-3.865012,1.972012
10,gz,27,-2.229000,-5.579195,3.350195
10,gz,28,-3.817000,-4.679902,0.862902
10,gz,29,-5.908000,-6.480867,0.572867
10,gz,30,-6.687000,-8.022303,1.335303
10,gz,31,-7.344000,-8.361407,1.017407
10,gz,32,-7.992000,-8.614626,0.622626
10,gz,33,-7.069000,-8.261476,1.192476
10,gz,34,-5.046000,-6.635787,1.589787
10,gz,35,-2.931000,-5.314900,2.383900
10,gz,36,-2.443000,-7.787919,5.344919
10,gz,37,-3.015000,-5.954626,2.939626
10,gz,38,-2.740000,-2.936946,0.196946
10,gz,39,-1.847000,-0.968697,0.878303
10,gz,40,-0.992000,-4.798088,3.806088
10,gz,41,0.763000,-4.792425,5.555425
10,gz,42,3.427000,-2.473098,5.900098
10,gz,43,5.481000,0.149209,5.331791
10,gz,44,7.099000,0.217019,6.881981
10,gz,45,7.748000,1.854699,5.893301
10,gz,46,7.885000,2.568782,5.316218
10,gz,47,8.267000,5.499035,2.767965
10,gz,48,8.802000,7.873377,0.928623
10,gz,49,7.763000,7.027584,0.735416
10,gz,50,5.405000,6.254028,0.849028
10,gz,51,2.649000,3.799899,1.150899
10,gz,52,0.290000,2.720857,2.430857
10,gz,53,-0.588000,1.249355,1.837355
10,gz,54,-1.076000,-2.228051,1.152051
10,gz,55,-2.389000,-5.084539,2.695539
10,gz,56,-3.634000,-1.945468,1.688532
10,gz,57,-3.557000,-2.675004,0.881996
10,gz,58,-3.168000,-3.851651,0.683651
10,gz,59,-2.985000,-2.703641,0.281359
10,gz,60,-1.252000,1.037520,2.289520
10,gz,61,2.115000,2.657218,0.542218
10,gz,62,4.061000,2.974704,1.086296
10,gz,63,4.084000,2.224378,1.859622
