host_ts,topic,payload_len,payload
2026-07-17T06:02:46,health_monitor/node_2/cs_ppg,310,"{""ts"":9011,""hr"":79,""spo2"":98.0,""ppg_valid"":true,""finger"":true,""mean_ir"":0.5500,""ir"":[0.6600,0.7141,0.7646,0.8090,0.8451,0.8710,0.8854,0.8873,0.8765,0.8533,0.8184,0.7734,0.7201,0.6607,0.5979,0.5342,0.4726,0.4156,0.3657,0.3249,0.2950,0.2772,0.2720,0.2795,0.2991,0.3297,0.3697,0.4171,0.4694,0.5243,0.5789,0.6307]}"
2026-07-17T06:02:46,health_monitor/node_1/cs_imu,1516,"{""ts"":9033,""finger"":true,""mean_ax"":0.1000,""ax"":[0.1900,0.2258,0.2605,0.2928,0.3219,0.3467,0.3664,0.3804,0.3883,0.3898,0.3848,0.3735,0.3563,0.3337,0.3065,0.2755,0.2417,0.2063,0.1704,0.1350,0.1015,0.0708,0.0440,0.0219,0.0052,-0.0055,-0.0099,-0.0078,0.0006,0.0152,0.0354,0.0607],""mean_ay"":0.2000,""ay"":[0.4583,0.4749,0.4856,0.4899,0.4878,0.4793,0.4646,0.4444,0.4191,0.3897,0.3570,0.3222,0.2863,0.2506,0.2161,0.1840,0.1554,0.1311,0.1119,0.0985,0.0913,0.0905,0.0961,0.1080,0.1258,0.1489,0.1765,0.2079,0.2418,0.2774,0.3133,0.3485],""mean_az"":0.3000,""az"":[0.5719,0.5540,0.5309,0.5032,0.4718,0.4378,0.4023,0.3664,0.3312,0.2979,0.2676,0.2413,0.2197,0.2037,0.1937,0.1900,0.1928,0.2020,0.2172,0.2380,0.2637,0.2936,0.3265,0.3615,0.3974,0.4330,0.4673,0.4991,0.5273,0.5511,0.5697,0.5825],""mean_gx"":0.4000,""gx"":[0.5182,0.4823,0.4467,0.4124,0.3807,0.3524,0.3287,0.3101,0.2974,0.2909,0.2908,0.2971,0.3097,0.3281,0.3518,0.3799,0.4115,0.4457,0.4814,0.5173,0.5523,0.5853,0.6153,0.6412,0.6622,0.6776,0.6870,0.6900,0.6865,0.6768,0.6609,0.6396],""mean_gy"":0.5000,""gy"":[0.4386,0.4177,0.4023,0.3930,0.3900,0.3935,0.4034,0.4192,0.4406,0.4669,0.4971,0.5303,0.5654,0.6014,0.6369,0.6710,0.7024,0.7302,0.7535,0.7715,0.7836,0.7895,0.7889,0.7819,0.7687,0.7497,0.7256,0.6970,0.6651,0.6307,0.5950,0.5591],""mean_gz"":0.6000,""gz"":[0.4982,0.5115,0.5305,0.5547,0.5832,0.6152,0.6496,0.6854,0.7212,0.7561,0.7888,0.8184,0.8437,0.8642,0.8789,0.8876,0.8899,0.8858,0.8753,0.8588,0.8369,0.8102,0.7796,0.7462,0.7109,0.6750,0.6395,0.6057,0.5746,0.5472,0.5244,0.5070]}"
2026-07-17T06:02:49,health_monitor/node_2/cs_ppg,311,"{""ts"":12020,""hr"":79,""spo2"":98.0,""ppg_valid"":true,""finger"":true,""mean_ir"":0.5500,""ir"":[0.6700,0.7241,0.7746,0.8190,0.8551,0.8810,0.8954,0.8973,0.8865,0.8633,0.8284,0.7834,0.7301,0.6707,0.6079,0.5442,0.4826,0.4256,0.3757,0.3349,0.3050,0.2872,0.2820,0.2895,0.3091,0.3397,0.3797,0.4271,0.4794,0.5343,0.5889,0.6407]}"
2026-07-17T06:02:49,health_monitor/node_1/cs_imu,1514,"{""ts"":12062,""finger"":true,""mean_ax"":0.1000,""ax"":[0.2200,0.2558,0.2905,0.3228,0.3519,0.3767,0.3964,0.4104,0.4183,0.4198,0.4148,0.4035,0.3863,0.3637,0.3365,0.3055,0.2717,0.2363,0.2004,0.1650,0.1315,0.1008,0.0740,0.0519,0.0352,0.0245,0.0201,0.0222,0.0306,0.0452,0.0654,0.0907],""mean_ay"":0.2000,""ay"":[0.4883,0.5049,0.5156,0.5199,0.5178,0.5093,0.4946,0.4744,0.4491,0.4197,0.3870,0.3522,0.3163,0.2806,0.2461,0.2140,0.1854,0.1611,0.1419,0.1285,0.1213,0.1205,0.1261,0.1380,0.1558,0.1789,0.2065,0.2379,0.2718,0.3074,0.3433,0.3785],""mean_az"":0.3000,""az"":[0.6019,0.5840,0.5609,0.5332,0.5018,0.4678,0.4323,0.3964,0.3612,0.3279,0.2976,0.2713,0.2497,0.2337,0.2237,0.2200,0.2228,0.2320,0.2472,0.2680,0.2937,0.3236,0.3565,0.3915,0.4274,0.4630,0.4973,0.5291,0.5573,0.5811,0.5997,0.6125],""mean_gx"":0.4000,""gx"":[0.5482,0.5123,0.4767,0.4424,0.4107,0.3824,0.3587,0.3401,0.3274,0.3209,0.3208,0.3271,0.3397,0.3581,0.3818,0.4099,0.4415,0.4757,0.5114,0.5473,0.5823,0.6153,0.6453,0.6712,0.6922,0.7076,0.7170,0.7200,0.7165,0.7068,0.6909,0.6696],""mean_gy"":0.5000,""gy"":[0.4686,0.4477,0.4323,0.4230,0.4200,0.4235,0.4334,0.4492,0.4706,0.4969,0.5271,0.5603,0.5954,0.6314,0.6669,0.7010,0.7324,0.7602,0.7835,0.8015,0.8136,0.8195,0.8189,0.8119,0.7987,0.7797,0.7556,0.7270,0.6951,0.6607,0.6250,0.5891],""mean_gz"":0.6000,""gz"":[0.5282,0.5415,0.5605,0.5847,0.6132,0.6452,0.6796,0.7154,0.7512,0.7861,0.8188,0.8484,0.8737,0.8942,0.9089,0.9176,0.9199,0.9158,0.9053,0.8888,0.8669,0.8402,0.8096,0.7762,0.7409,0.7050,0.6695,0.6357,0.6046,0.5772,0.5544,0.5370]}"
2026-07-17T06:02:52,health_monitor/node_2/cs_ppg,311,"{""ts"":15047,""hr"":79,""spo2"":98.0,""ppg_valid"":true,""finger"":true,""mean_ir"":0.5500,""ir"":[0.6800,0.7341,0.7846,0.8290,0.8651,0.8910,0.9054,0.9073,0.8965,0.8733,0.8384,0.7934,0.7401,0.6807,0.6179,0.5542,0.4926,0.4356,0.3857,0.3449,0.3150,0.2972,0.2920,0.2995,0.3191,0.3497,0.3897,0.4371,0.4894,0.5443,0.5989,0.6507]}"
2026-07-17T06:02:52,health_monitor/node_1/cs_imu,1514,"{""ts"":15088,""finger"":true,""mean_ax"":0.1000,""ax"":[0.2500,0.2858,0.3205,0.3528,0.3819,0.4067,0.4264,0.4404,0.4483,0.4498,0.4448,0.4335,0.4163,0.3937,0.3665,0.3355,0.3017,0.2663,0.2304,0.1950,0.1615,0.1308,0.1040,0.0819,0.0652,0.0545,0.0501,0.0522,0.0606,0.0752,0.0954,0.1207],""mean_ay"":0.2000,""ay"":[0.5183,0.5349,0.5456,0.5499,0.5478,0.5393,0.5246,0.5044,0.4791,0.4497,0.4170,0.3822,0.3463,0.3106,0.2761,0.2440,0.2154,0.1911,0.1719,0.1585,0.1513,0.1505,0.1561,0.1680,0.1858,0.2089,0.2365,0.2679,0.3018,0.3374,0.3733,0.4085],""mean_az"":0.3000,""az"":[0.6319,0.6140,0.5909,0.5632,0.5318,0.4978,0.4623,0.4264,0.3912,0.3579,0.3276,0.3013,0.2797,0.2637,0.2537,0.2500,0.2528,0.2620,0.2772,0.2980,0.3237,0.3536,0.3865,0.4215,0.4574,0.4930,0.5273,0.5591,0.5873,0.6111,0.6297,0.6425],""mean_gx"":0.4000,""gx"":[0.5782,0.5423,0.5067,0.4724,0.4407,0.4124,0.3887,0.3701,0.3574,0.3509,0.3508,0.3571,0.3697,0.3881,0.4118,0.4399,0.4715,0.5057,0.5414,0.5773,0.6123,0.6453,0.6753,0.7012,0.7222,0.7376,0.7470,0.7500,0.7465,0.7368,0.7209,0.6996],""mean_gy"":0.5000,""gy"":[0.4986,0.4777,0.4623,0.4530,0.4500,0.4535,0.4634,0.4792,0.5006,0.5269,0.5571,0.5903,0.6254,0.6614,0.6969,0.7310,0.7624,0.7902,0.8135,0.8315,0.8436,0.8495,0.8489,0.8419,0.8287,0.8097,0.7856,0.7570,0.7251,0.6907,0.6550,0.6191],""mean_gz"":0.6000,""gz"":[0.5582,0.5715,0.5905,0.6147,0.6432,0.6752,0.7096,0.7454,0.7812,0.8161,0.8488,0.8784,0.9037,0.9242,0.9389,0.9476,0.9499,0.9458,0.9353,0.9188,0.8969,0.8702,0.8396,0.8062,0.7709,0.7350,0.6995,0.6657,0.6346,0.6072,0.5844,0.5670]}"
2026-07-17T06:02:55,health_monitor/node_2/cs_ppg,311,"{""ts"":18084,""hr"":79,""spo2"":98.0,""ppg_valid"":true,""finger"":true,""mean_ir"":0.5500,""ir"":[0.6900,0.7441,0.7946,0.8390,0.8751,0.9010,0.9154,0.9173,0.9065,0.8833,0.8484,0.8034,0.7501,0.6907,0.6279,0.5642,0.5026,0.4456,0.3957,0.3549,0.3250,0.3072,0.3020,0.3095,0.3291,0.3597,0.3997,0.4471,0.4994,0.5543,0.6089,0.6607]}"
2026-07-17T06:02:55,health_monitor/node_1/cs_imu,1514,"{""ts"":18105,""finger"":true,""mean_ax"":0.1000,""ax"":[0.2800,0.3158,0.3505,0.3828,0.4119,0.4367,0.4564,0.4704,0.4783,0.4798,0.4748,0.4635,0.4463,0.4237,0.3965,0.3655,0.3317,0.2963,0.2604,0.2250,0.1915,0.1608,0.1340,0.1119,0.0952,0.0845,0.0801,0.0822,0.0906,0.1052,0.1254,0.1507],""mean_ay"":0.2000,""ay"":[0.5483,0.5649,0.5756,0.5799,0.5778,0.5693,0.5546,0.5344,0.5091,0.4797,0.4470,0.4122,0.3763,0.3406,0.3061,0.2740,0.2454,0.2211,0.2019,0.1885,0.1813,0.1805,0.1861,0.1980,0.2158,0.2389,0.2665,0.2979,0.3318,0.3674,0.4033,0.4385],""mean_az"":0.3000,""az"":[0.6619,0.6440,0.6209,0.5932,0.5618,0.5278,0.4923,0.4564,0.4212,0.3879,0.3576,0.3313,0.3097,0.2937,0.2837,0.2800,0.2828,0.2920,0.3072,0.3280,0.3537,0.3836,0.4165,0.4515,0.4874,0.5230,0.5573,0.5891,0.6173,0.6411,0.6597,0.6725],""mean_gx"":0.4000,""gx"":[0.6082,0.5723,0.5367,0.5024,0.4707,0.4424,0.4187,0.4001,0.3874,0.3809,0.3808,0.3871,0.3997,0.4181,0.4418,0.4699,0.5015,0.5357,0.5714,0.6073,0.6423,0.6753,0.7053,0.7312,0.7522,0.7676,0.7770,0.7800,0.7765,0.7668,0.7509,0.7296],""mean_gy"":0.5000,""gy"":[0.5286,0.5077,0.4923,0.4830,0.4800,0.4835,0.4934,0.5092,0.5306,0.5569,0.5871,0.6203,0.6554,0.6914,0.7269,0.7610,0.7924,0.8202,0.8435,0.8615,0.8736,0.8795,0.8789,0.8719,0.8587,0.8397,0.8156,0.7870,0.7551,0.7207,0.6850,0.6491],""mean_gz"":0.6000,""gz"":[0.5882,0.6015,0.6205,0.6447,0.6732,0.7052,0.7396,0.7754,0.8112,0.8461,0.8788,0.9084,0.9337,0.9542,0.9689,0.9776,0.9799,0.9758,0.9653,0.9488,0.9269,0.9002,0.8696,0.8362,0.8009,0.7650,0.7295,0.6957,0.6646,0.6372,0.6144,0.5970]}"
2026-07-17T06:02:58,health_monitor/node_2/cs_ppg,311,"{""ts"":21108,""hr"":79,""spo2"":98.0,""ppg_valid"":true,""finger"":true,""mean_ir"":0.5500,""ir"":[0.7000,0.7541,0.8046,0.8490,0.8851,0.9110,0.9254,0.9273,0.9165,0.8933,0.8584,0.8134,0.7601,0.7007,0.6379,0.5742,0.5126,0.4556,0.4057,0.3649,0.3350,0.3172,0.3120,0.3195,0.3391,0.3697,0.4097,0.4571,0.5094,0.5643,0.6189,0.6707]}"
2026-07-17T06:02:58,health_monitor/node_1/cs_imu,1529,"{""ts"":21125,""finger"":true,""mean_ax"":0.1000,""ax"":[0.3100,0.3458,0.3805,0.4128,0.4419,0.4667,0.4864,0.5004,0.5083,0.5098,0.5048,0.4935,0.4763,0.4537,0.4265,0.3955,0.3617,0.3263,0.2904,0.2550,0.2215,0.1908,0.1640,0.1419,0.1252,0.1145,0.1101,0.1122,0.1206,0.1352,0.1554,0.1807],""mean_ay"":0.2000,""ay"":[0.5783,0.5949,0.6056,0.6099,0.6078,0.5993,0.5846,0.5644,0.5391,0.5097,0.4770,0.4422,0.4063,0.3706,0.3361,0.3040,0.2754,0.2511,0.2319,0.2185,0.2113,0.2105,0.2161,0.2280,0.2458,0.2689,0.2965,0.3279,0.3618,0.3974,0.4333,0.4685],""mean_az"":0.3000,""az"":[0.6919,0.6740,0.6509,0.6232,0.5918,0.5578,0.5223,0.4864,0.4512,0.4179,0.3876,0.3613,0.3397,0.3237,0.3137,0.3100,0.3128,0.3220,0.3372,0.3580,0.3837,0.4136,0.4465,0.4815,0.5174,0.5530,0.5873,0.6191,0.6473,0.6711,0.6897,0.7025],""mean_gx"":0.4000,""gx"":[0.6382,0.6023,0.5667,0.5324,0.5007,0.4724,0.4487,0.4301,0.4174,0.4109,0.4108,0.4171,0.4297,0.4481,0.4718,0.4999,0.5315,0.5657,0.6014,0.6373,0.6723,0.7053,0.7353,0.7612,0.7822,0.7976,0.8070,0.8100,0.8065,0.7968,0.7809,0.7596],""mean_gy"":0.5000,""gy"":[0.5586,0.5377,0.5223,0.5130,0.5100,0.5135,0.5234,0.5392,0.5606,0.5869,0.6171,0.6503,0.6854,0.7214,0.7569,0.7910,0.8224,0.8502,0.8735,0.8915,0.9036,0.9095,0.9089,0.9019,0.8887,0.8697,0.8456,0.8170,0.7851,0.7507,0.7150,0.6791],""mean_gz"":0.6000,""gz"":[0.6182,0.6315,0.6505,0.6747,0.7032,0.7352,0.7696,0.8054,0.8412,0.8761,0.9088,0.9384,0.9637,0.9842,0.9989,1.0076,1.0099,1.0058,0.9953,0.9788,0.9569,0.9302,0.8996,0.8662,0.8309,0.7950,0.7595,0.7257,0.6946,0.6672,0.6444,0.6270],""relayed_by"":2}"
2026-07-17T06:03:01,health_monitor/node_2/cs_ppg,311,"{""ts"":24118,""hr"":79,""spo2"":98.0,""ppg_valid"":true,""finger"":true,""mean_ir"":0.5500,""ir"":[0.7100,0.7641,0.8146,0.8590,0.8951,0.9210,0.9354,0.9373,0.9265,0.9033,0.8684,0.8234,0.7701,0.7107,0.6479,0.5842,0.5226,0.4656,0.4157,0.3749,0.3450,0.3272,0.3220,0.3295,0.3491,0.3797,0.4197,0.4671,0.5194,0.5743,0.6289,0.6807]}"
2026-07-17T06:03:01,health_monitor/node_1/cs_imu,1529,"{""ts"":24147,""finger"":true,""mean_ax"":0.1000,""ax"":[0.3400,0.3758,0.4105,0.4428,0.4719,0.4967,0.5164,0.5304,0.5383,0.5398,0.5348,0.5235,0.5063,0.4837,0.4565,0.4255,0.3917,0.3563,0.3204,0.2850,0.2515,0.2208,0.1940,0.1719,0.1552,0.1445,0.1401,0.1422,0.1506,0.1652,0.1854,0.2107],""mean_ay"":0.2000,""ay"":[0.6083,0.6249,0.6356,0.6399,0.6378,0.6293,0.6146,0.5944,0.5691,0.5397,0.5070,0.4722,0.4363,0.4006,0.3661,0.3340,0.3054,0.2811,0.2619,0.2485,0.2413,0.2405,0.2461,0.2580,0.2758,0.2989,0.3265,0.3579,0.3918,0.4274,0.4633,0.4985],""mean_az"":0.3000,""az"":[0.7219,0.7040,0.6809,0.6532,0.6218,0.5878,0.5523,0.5164,0.4812,0.4479,0.4176,0.3913,0.3697,0.3537,0.3437,0.3400,0.3428,0.3520,0.3672,0.3880,0.4137,0.4436,0.4765,0.5115,0.5474,0.5830,0.6173,0.6491,0.6773,0.7011,0.7197,0.7325],""mean_gx"":0.4000,""gx"":[0.6682,0.6323,0.5967,0.5624,0.5307,0.5024,0.4787,0.4601,0.4474,0.4409,0.4408,0.4471,0.4597,0.4781,0.5018,0.5299,0.5615,0.5957,0.6314,0.6673,0.7023,0.7353,0.7653,0.7912,0.8122,0.8276,0.8370,0.8400,0.8365,0.8268,0.8109,0.7896],""mean_gy"":0.5000,""gy"":[0.5886,0.5677,0.5523,0.5430,0.5400,0.5435,0.5534,0.5692,0.5906,0.6169,0.6471,0.6803,0.7154,0.7514,0.7869,0.8210,0.8524,0.8802,0.9035,0.9215,0.9336,0.9395,0.9389,0.9319,0.9187,0.8997,0.8756,0.8470,0.8151,0.7807,0.7450,0.7091],""mean_gz"":0.6000,""gz"":[0.6482,0.6615,0.6805,0.7047,0.7332,0.7652,0.7996,0.8354,0.8712,0.9061,0.9388,0.9684,0.9937,1.0142,1.0289,1.0376,1.0399,1.0358,1.0253,1.0088,0.9869,0.9602,0.9296,0.8962,0.8609,0.8250,0.7895,0.7557,0.7246,0.6972,0.6744,0.6570],""relayed_by"":2}"
2026-07-17T06:03:04,health_monitor/node_2/cs_ppg,311,"{""ts"":27141,""hr"":79,""spo2"":98.0,""ppg_valid"":true,""finger"":true,""mean_ir"":0.5500,""ir"":[0.7200,0.7741,0.8246,0.8690,0.9051,0.9310,0.9454,0.9473,0.9365,0.9133,0.8784,0.8334,0.7801,0.7207,0.6579,0.5942,0.5326,0.4756,0.4257,0.3849,0.3550,0.3372,0.3320,0.3395,0.3591,0.3897,0.4297,0.4771,0.5294,0.5843,0.6389,0.6907]}"
2026-07-17T06:03:04,health_monitor/node_1/cs_imu,1529,"{""ts"":27173,""finger"":true,""mean_ax"":0.1000,""ax"":[0.3700,0.4058,0.4405,0.4728,0.5019,0.5267,0.5464,0.5604,0.5683,0.5698,0.5648,0.5535,0.5363,0.5137,0.4865,0.4555,0.4217,0.3863,0.3504,0.3150,0.2815,0.2508,0.2240,0.2019,0.1852,0.1745,0.1701,0.1722,0.1806,0.1952,0.2154,0.2407],""mean_ay"":0.2000,""ay"":[0.6383,0.6549,0.6656,0.6699,0.6678,0.6593,0.6446,0.6244,0.5991,0.5697,0.5370,0.5022,0.4663,0.4306,0.3961,0.3640,0.3354,0.3111,0.2919,0.2785,0.2713,0.2705,0.2761,0.2880,0.3058,0.3289,0.3565,0.3879,0.4218,0.4574,0.4933,0.5285],""mean_az"":0.3000,""az"":[0.7519,0.7340,0.7109,0.6832,0.6518,0.6178,0.5823,0.5464,0.5112,0.4779,0.4476,0.4213,0.3997,0.3837,0.3737,0.3700,0.3728,0.3820,0.3972,0.4180,0.4437,0.4736,0.5065,0.5415,0.5774,0.6130,0.6473,0.6791,0.7073,0.7311,0.7497,0.7625],""mean_gx"":0.4000,""gx"":[0.6982,0.6623,0.6267,0.5924,0.5607,0.5324,0.5087,0.4901,0.4774,0.4709,0.4708,0.4771,0.4897,0.5081,0.5318,0.5599,0.5915,0.6257,0.6614,0.6973,0.7323,0.7653,0.7953,0.8212,0.8422,0.8576,0.8670,0.8700,0.8665,0.8568,0.8409,0.8196],""mean_gy"":0.5000,""gy"":[0.6186,0.5977,0.5823,0.5730,0.5700,0.5735,0.5834,0.5992,0.6206,0.6469,0.6771,0.7103,0.7454,0.7814,0.8169,0.8510,0.8824,0.9102,0.9335,0.9515,0.9636,0.9695,0.9689,0.9619,0.9487,0.9297,0.9056,0.8770,0.8451,0.8107,0.7750,0.7391],""mean_gz"":0.6000,""gz"":[0.6782,0.6915,0.7105,0.7347,0.7632,0.7952,0.8296,0.8654,0.9012,0.9361,0.9688,0.9984,1.0237,1.0442,1.0589,1.0676,1.0699,1.0658,1.0553,1.0388,1.0169,0.9902,0.9596,0.9262,0.8909,0.8550,0.8195,0.7857,0.7546,0.7272,0.7044,0.6870],""relayed_by"":2}"
2026-07-17T06:03:07,health_monitor/node_2/cs_ppg,311,"{""ts"":30164,""hr"":79,""spo2"":98.0,""ppg_valid"":true,""finger"":true,""mean_ir"":0.5500,""ir"":[0.6300,0.6841,0.7346,0.7790,0.8151,0.8410,0.8554,0.8573,0.8465,0.8233,0.7884,0.7434,0.6901,0.6307,0.5679,0.5042,0.4426,0.3856,0.3357,0.2949,0.2650,0.2472,0.2420,0.2495,0.2691,0.2997,0.3397,0.3871,0.4394,0.4943,0.5489,0.6007]}"
2026-07-17T06:03:07,health_monitor/node_1/cs_imu,1529,"{""ts"":30197,""finger"":true,""mean_ax"":0.1000,""ax"":[0.4000,0.4358,0.4705,0.5028,0.5319,0.5567,0.5764,0.5904,0.5983,0.5998,0.5948,0.5835,0.5663,0.5437,0.5165,0.4855,0.4517,0.4163,0.3804,0.3450,0.3115,0.2808,0.2540,0.2319,0.2152,0.2045,0.2001,0.2022,0.2106,0.2252,0.2454,0.2707],""mean_ay"":0.2000,""ay"":[0.6683,0.6849,0.6956,0.6999,0.6978,0.6893,0.6746,0.6544,0.6291,0.5997,0.5670,0.5322,0.4963,0.4606,0.4261,0.3940,0.3654,0.3411,0.3219,0.3085,0.3013,0.3005,0.3061,0.3180,0.3358,0.3589,0.3865,0.4179,0.4518,0.4874,0.5233,0.5585],""mean_az"":0.3000,""az"":[0.7819,0.7640,0.7409,0.7132,0.6818,0.6478,0.6123,0.5764,0.5412,0.5079,0.4776,0.4513,0.4297,0.4137,0.4037,0.4000,0.4028,0.4120,0.4272,0.4480,0.4737,0.5036,0.5365,0.5715,0.6074,0.6430,0.6773,0.7091,0.7373,0.7611,0.7797,0.7925],""mean_gx"":0.4000,""gx"":[0.7282,0.6923,0.6567,0.6224,0.5907,0.5624,0.5387,0.5201,0.5074,0.5009,0.5008,0.5071,0.5197,0.5381,0.5618,0.5899,0.6215,0.6557,0.6914,0.7273,0.7623,0.7953,0.8253,0.8512,0.8722,0.8876,0.8970,0.9000,0.8965,0.8868,0.8709,0.8496],""mean_gy"":0.5000,""gy"":[0.6486,0.6277,0.6123,0.6030,0.6000,0.6035,0.6134,0.6292,0.6506,0.6769,0.7071,0.7403,0.7754,0.8114,0.8469,0.8810,0.9124,0.9402,0.9635,0.9815,0.9936,0.9995,0.9989,0.9919,0.9787,0.9597,0.9356,0.9070,0.8751,0.8407,0.8050,0.7691],""mean_gz"":0.6000,""gz"":[0.7082,0.7215,0.7405,0.7647,0.7932,0.8252,0.8596,0.8954,0.9312,0.9661,0.9988,1.0284,1.0537,1.0742,1.0889,1.0976,1.0999,1.0958,1.0853,1.0688,1.0469,1.0202,0.9896,0.9562,0.9209,0.8850,0.8495,0.8157,0.7846,0.7572,0.7344,0.7170],""relayed_by"":2}"
2026-07-17T06:03:10,health_monitor/node_2/cs_ppg,311,"{""ts"":33202,""hr"":79,""spo2"":98.0,""ppg_valid"":true,""finger"":true,""mean_ir"":0.5500,""ir"":[0.6400,0.6941,0.7446,0.7890,0.8251,0.8510,0.8654,0.8673,0.8565,0.8333,0.7984,0.7534,0.7001,0.6407,0.5779,0.5142,0.4526,0.3956,0.3457,0.3049,0.2750,0.2572,0.2520,0.2595,0.2791,0.3097,0.3497,0.3971,0.4494,0.5043,0.5589,0.6107]}"
2026-07-17T06:03:10,health_monitor/node_1/cs_imu,1529,"{""ts"":33226,""finger"":true,""mean_ax"":0.1000,""ax"":[0.4300,0.4658,0.5005,0.5328,0.5619,0.5867,0.6064,0.6204,0.6283,0.6298,0.6248,0.6135,0.5963,0.5737,0.5465,0.5155,0.4817,0.4463,0.4104,0.3750,0.3415,0.3108,0.2840,0.2619,0.2452,0.2345,0.2301,0.2322,0.2406,0.2552,0.2754,0.3007],""mean_ay"":0.2000,""ay"":[0.6983,0.7149,0.7256,0.7299,0.7278,0.7193,0.7046,0.6844,0.6591,0.6297,0.5970,0.5622,0.5263,0.4906,0.4561,0.4240,0.3954,0.3711,0.3519,0.3385,0.3313,0.3305,0.3361,0.3480,0.3658,0.3889,0.4165,0.4479,0.4818,0.5174,0.5533,0.5885],""mean_az"":0.3000,""az"":[0.8119,0.7940,0.7709,0.7432,0.7118,0.6778,0.6423,0.6064,0.5712,0.5379,0.5076,0.4813,0.4597,0.4437,0.4337,0.4300,0.4328,0.4420,0.4572,0.4780,0.5037,0.5336,0.5665,0.6015,0.6374,0.6730,0.7073,0.7391,0.7673,0.7911,0.8097,0.8225],""mean_gx"":0.4000,""gx"":[0.7582,0.7223,0.6867,0.6524,0.6207,0.5924,0.5687,0.5501,0.5374,0.5309,0.5308,0.5371,0.5497,0.5681,0.5918,0.6199,0.6515,0.6857,0.7214,0.7573,0.7923,0.8253,0.8553,0.8812,0.9022,0.9176,0.9270,0.9300,0.9265,0.9168,0.9009,0.8796],""mean_gy"":0.5000,""gy"":[0.6786,0.6577,0.6423,0.6330,0.6300,0.6335,0.6434,0.6592,0.6806,0.7069,0.7371,0.7703,0.8054,0.8414,0.8769,0.9110,0.9424,0.9702,0.9935,1.0115,1.0236,1.0295,1.0289,1.0219,1.0087,0.9897,0.9656,0.9370,0.9051,0.8707,0.8350,0.7991],""mean_gz"":0.6000,""gz"":[0.7382,0.7515,0.7705,0.7947,0.8232,0.8552,0.8896,0.9254,0.9612,0.9961,1.0288,1.0584,1.0837,1.1042,1.1189,1.1276,1.1299,1.1258,1.1153,1.0988,1.0769,1.0502,1.0196,0.9862,0.9509,0.9150,0.8795,0.8457,0.8146,0.7872,0.7644,0.7470],""relayed_by"":2}"
2026-07-17T06:03:13,health_monitor/node_2/cs_ppg,311,"{""ts"":36222,""hr"":79,""spo2"":98.0,""ppg_valid"":true,""finger"":true,""mean_ir"":0.5500,""ir"":[0.6500,0.7041,0.7546,0.7990,0.8351,0.8610,0.8754,0.8773,0.8665,0.8433,0.8084,0.7634,0.7101,0.6507,0.5879,0.5242,0.4626,0.4056,0.3557,0.3149,0.2850,0.2672,0.2620,0.2695,0.2891,0.3197,0.3597,0.4071,0.4594,0.5143,0.5689,0.6207]}"
2026-07-17T06:03:13,health_monitor/node_1/cs_imu,1529,"{""ts"":36252,""finger"":true,""mean_ax"":0.1000,""ax"":[0.4600,0.4958,0.5305,0.5628,0.5919,0.6167,0.6364,0.6504,0.6583,0.6598,0.6548,0.6435,0.6263,0.6037,0.5765,0.5455,0.5117,0.4763,0.4404,0.4050,0.3715,0.3408,0.3140,0.2919,0.2752,0.2645,0.2601,0.2622,0.2706,0.2852,0.3054,0.3307],""mean_ay"":0.2000,""ay"":[0.7283,0.7449,0.7556,0.7599,0.7578,0.7493,0.7346,0.7144,0.6891,0.6597,0.6270,0.5922,0.5563,0.5206,0.4861,0.4540,0.4254,0.4011,0.3819,0.3685,0.3613,0.3605,0.3661,0.3780,0.3958,0.4189,0.4465,0.4779,0.5118,0.5474,0.5833,0.6185],""mean_az"":0.3000,""az"":[0.8419,0.8240,0.8009,0.7732,0.7418,0.7078,0.6723,0.6364,0.6012,0.5679,0.5376,0.5113,0.4897,0.4737,0.4637,0.4600,0.4628,0.4720,0.4872,0.5080,0.5337,0.5636,0.5965,0.6315,0.6674,0.7030,0.7373,0.7691,0.7973,0.8211,0.8397,0.8525],""mean_gx"":0.4000,""gx"":[0.7882,0.7523,0.7167,0.6824,0.6507,0.6224,0.5987,0.5801,0.5674,0.5609,0.5608,0.5671,0.5797,0.5981,0.6218,0.6499,0.6815,0.7157,0.7514,0.7873,0.8223,0.8553,0.8853,0.9112,0.9322,0.9476,0.9570,0.9600,0.9565,0.9468,0.9309,0.9096],""mean_gy"":0.5000,""gy"":[0.7086,0.6877,0.6723,0.6630,0.6600,0.6635,0.6734,0.6892,0.7106,0.7369,0.7671,0.8003,0.8354,0.8714,0.9069,0.9410,0.9724,1.0002,1.0235,1.0415,1.0536,1.0595,1.0589,1.0519,1.0387,1.0197,0.9956,0.9670,0.9351,0.9007,0.8650,0.8291],""mean_gz"":0.6000,""gz"":[0.7682,0.7815,0.8005,0.8247,0.8532,0.8852,0.9196,0.9554,0.9912,1.0261,1.0588,1.0884,1.1137,1.1342,1.1489,1.1576,1.1599,1.1558,1.1453,1.1288,1.1069,1.0802,1.0496,1.0162,0.9809,0.9450,0.9095,0.8757,0.8446,0.8172,0.7944,0.7770],""relayed_by"":2}"
2026-07-17T06:03:16,health_monitor/node_2/cs_ppg,311,"{""ts"":39245,""hr"":79,""spo2"":98.0,""ppg_valid"":true,""finger"":true,""mean_ir"":0.5500,""ir"":[0.6600,0.7141,0.7646,0.8090,0.8451,0.8710,0.8854,0.8873,0.8765,0.8533,0.8184,0.7734,0.7201,0.6607,0.5979,0.5342,0.4726,0.4156,0.3657,0.3249,0.2950,0.2772,0.2720,0.2795,0.2991,0.3297,0.3697,0.4171,0.4694,0.5243,0.5789,0.6307]}"
2026-07-17T06:03:16,health_monitor/node_1/cs_imu,1529,"{""ts"":39276,""finger"":true,""mean_ax"":0.1000,""ax"":[0.4900,0.5258,0.5605,0.5928,0.6219,0.6467,0.6664,0.6804,0.6883,0.6898,0.6848,0.6735,0.6563,0.6337,0.6065,0.5755,0.5417,0.5063,0.4704,0.4350,0.4015,0.3708,0.3440,0.3219,0.3052,0.2945,0.2901,0.2922,0.3006,0.3152,0.3354,0.3607],""mean_ay"":0.2000,""ay"":[0.7583,0.7749,0.7856,0.7899,0.7878,0.7793,0.7646,0.7444,0.7191,0.6897,0.6570,0.6222,0.5863,0.5506,0.5161,0.4840,0.4554,0.4311,0.4119,0.3985,0.3913,0.3905,0.3961,0.4080,0.4258,0.4489,0.4765,0.5079,0.5418,0.5774,0.6133,0.6485],""mean_az"":0.3000,""az"":[0.8719,0.8540,0.8309,0.8032,0.7718,0.7378,0.7023,0.6664,0.6312,0.5979,0.5676,0.5413,0.5197,0.5037,0.4937,0.4900,0.4928,0.5020,0.5172,0.5380,0.5637,0.5936,0.6265,0.6615,0.6974,0.7330,0.7673,0.7991,0.8273,0.8511,0.8697,0.8825],""mean_gx"":0.4000,""gx"":[0.8182,0.7823,0.7467,0.7124,0.6807,0.6524,0.6287,0.6101,0.5974,0.5909,0.5908,0.5971,0.6097,0.6281,0.6518,0.6799,0.7115,0.7457,0.7814,0.8173,0.8523,0.8853,0.9153,0.9412,0.9622,0.9776,0.9870,0.9900,0.9865,0.9768,0.9609,0.9396],""mean_gy"":0.5000,""gy"":[0.7386,0.7177,0.7023,0.6930,0.6900,0.6935,0.7034,0.7192,0.7406,0.7669,0.7971,0.8303,0.8654,0.9014,0.9369,0.9710,1.0024,1.0302,1.0535,1.0715,1.0836,1.0895,1.0889,1.0819,1.0687,1.0497,1.0256,0.9970,0.9651,0.9307,0.8950,0.8591],""mean_gz"":0.6000,""gz"":[0.7982,0.8115,0.8305,0.8547,0.8832,0.9152,0.9496,0.9854,1.0212,1.0561,1.0888,1.1184,1.1437,1.1642,1.1789,1.1876,1.1899,1.1858,1.1753,1.1588,1.1369,1.1102,1.0796,1.0462,1.0109,0.9750,0.9395,0.9057,0.8746,0.8472,0.8244,0.8070],""relayed_by"":2}"
2026-07-17T06:03:19,health_monitor/node_2/cs_ppg,311,"{""ts"":42275,""hr"":79,""spo2"":98.0,""ppg_valid"":true,""finger"":true,""mean_ir"":0.5500,""ir"":[0.6700,0.7241,0.7746,0.8190,0.8551,0.8810,0.8954,0.8973,0.8865,0.8633,0.8284,0.7834,0.7301,0.6707,0.6079,0.5442,0.4826,0.4256,0.3757,0.3349,0.3050,0.2872,0.2820,0.2895,0.3091,0.3397,0.3797,0.4271,0.4794,0.5343,0.5889,0.6407]}"
2026-07-17T06:03:19,health_monitor/node_1/cs_imu,1529,"{""ts"":42301,""finger"":true,""mean_ax"":0.1000,""ax"":[0.5200,0.5558,0.5905,0.6228,0.6519,0.6767,0.6964,0.7104,0.7183,0.7198,0.7148,0.7035,0.6863,0.6637,0.6365,0.6055,0.5717,0.5363,0.5004,0.4650,0.4315,0.4008,0.3740,0.3519,0.3352,0.3245,0.3201,0.3222,0.3306,0.3452,0.3654,0.3907],""mean_ay"":0.2000,""ay"":[0.7883,0.8049,0.8156,0.8199,0.8178,0.8093,0.7946,0.7744,0.7491,0.7197,0.6870,0.6522,0.6163,0.5806,0.5461,0.5140,0.4854,0.4611,0.4419,0.4285,0.4213,0.4205,0.4261,0.4380,0.4558,0.4789,0.5065,0.5379,0.5718,0.6074,0.6433,0.6785],""mean_az"":0.3000,""az"":[0.9019,0.8840,0.8609,0.8332,0.8018,0.7678,0.7323,0.6964,0.6612,0.6279,0.5976,0.5713,0.5497,0.5337,0.5237,0.5200,0.5228,0.5320,0.5472,0.5680,0.5937,0.6236,0.6565,0.6915,0.7274,0.7630,0.7973,0.8291,0.8573,0.8811,0.8997,0.9125],""mean_gx"":0.4000,""gx"":[0.8482,0.8123,0.7767,0.7424,0.7107,0.6824,0.6587,0.6401,0.6274,0.6209,0.6208,0.6271,0.6397,0.6581,0.6818,0.7099,0.7415,0.7757,0.8114,0.8473,0.8823,0.9153,0.9453,0.9712,0.9922,1.0076,1.0170,1.0200,1.0165,1.0068,0.9909,0.9696],""mean_gy"":0.5000,""gy"":[0.7686,0.7477,0.7323,0.7230,0.7200,0.7235,0.7334,0.7492,0.7706,0.7969,0.8271,0.8603,0.8954,0.9314,0.9669,1.0010,1.0324,1.0602,1.0835,1.1015,1.1136,1.1195,1.1189,1.1119,1.0987,1.0797,1.0556,1.0270,0.9951,0.9607,0.9250,0.8891],""mean_gz"":0.6000,""gz"":[0.8282,0.8415,0.8605,0.8847,0.9132,0.9452,0.9796,1.0154,1.0512,1.0861,1.1188,1.1484,1.1737,1.1942,1.2089,1.2176,1.2199,1.2158,1.2053,1.1888,1.1669,1.1402,1.1096,1.0762,1.0409,1.0050,0.9695,0.9357,0.9046,0.8772,0.8544,0.8370],""relayed_by"":2}"
2026-07-17T06:03:22,health_monitor/node_2/cs_ppg,311,"{""ts"":45302,""hr"":79,""spo2"":98.0,""ppg_valid"":true,""finger"":true,""mean_ir"":0.5500,""ir"":[0.6800,0.7341,0.7846,0.8290,0.8651,0.8910,0.9054,0.9073,0.8965,0.8733,0.8384,0.7934,0.7401,0.6807,0.6179,0.5542,0.4926,0.4356,0.3857,0.3449,0.3150,0.2972,0.2920,0.2995,0.3191,0.3497,0.3897,0.4371,0.4894,0.5443,0.5989,0.6507]}"
2026-07-17T06:03:22,health_monitor/node_1/cs_imu,1529,"{""ts"":45325,""finger"":true,""mean_ax"":0.1000,""ax"":[0.5500,0.5858,0.6205,0.6528,0.6819,0.7067,0.7264,0.7404,0.7483,0.7498,0.7448,0.7335,0.7163,0.6937,0.6665,0.6355,0.6017,0.5663,0.5304,0.4950,0.4615,0.4308,0.4040,0.3819,0.3652,0.3545,0.3501,0.3522,0.3606,0.3752,0.3954,0.4207],""mean_ay"":0.2000,""ay"":[0.8183,0.8349,0.8456,0.8499,0.8478,0.8393,0.8246,0.8044,0.7791,0.7497,0.7170,0.6822,0.6463,0.6106,0.5761,0.5440,0.5154,0.4911,0.4719,0.4585,0.4513,0.4505,0.4561,0.4680,0.4858,0.5089,0.5365,0.5679,0.6018,0.6374,0.6733,0.7085],""mean_az"":0.3000,""az"":[0.9319,0.9140,0.8909,0.8632,0.8318,0.7978,0.7623,0.7264,0.6912,0.6579,0.6276,0.6013,0.5797,0.5637,0.5537,0.5500,0.5528,0.5620,0.5772,0.5980,0.6237,0.6536,0.6865,0.7215,0.7574,0.7930,0.8273,0.8591,0.8873,0.9111,0.9297,0.9425],""mean_gx"":0.4000,""gx"":[0.8782,0.8423,0.8067,0.7724,0.7407,0.7124,0.6887,0.6701,0.6574,0.6509,0.6508,0.6571,0.6697,0.6881,0.7118,0.7399,0.7715,0.8057,0.8414,0.8773,0.9123,0.9453,0.9753,1.0012,1.0222,1.0376,1.0470,1.0500,1.0465,1.0368,1.0209,0.9996],""mean_gy"":0.5000,""gy"":[0.7986,0.7777,0.7623,0.7530,0.7500,0.7535,0.7634,0.7792,0.8006,0.8269,0.8571,0.8903,0.9254,0.9614,0.9969,1.0310,1.0624,1.0902,1.1135,1.1315,1.1436,1.1495,1.1489,1.1419,1.1287,1.1097,1.0856,1.0570,1.0251,0.9907,0.9550,0.9191],""mean_gz"":0.6000,""gz"":[0.8582,0.8715,0.8905,0.9147,0.9432,0.9752,1.0096,1.0454,1.0812,1.1161,1.1488,1.1784,1.2037,1.2242,1.2389,1.2476,1.2499,1.2458,1.2353,1.2188,1.1969,1.1702,1.1396,1.1062,1.0709,1.0350,0.9995,0.9657,0.9346,0.9072,0.8844,0.8670],""relayed_by"":2}"
2026-07-17T06:03:25,health_monitor/node_2/cs_ppg,311,"{""ts"":48328,""hr"":79,""spo2"":98.0,""ppg_valid"":true,""finger"":true,""mean_ir"":0.5500,""ir"":[0.6900,0.7441,0.7946,0.8390,0.8751,0.9010,0.9154,0.9173,0.9065,0.8833,0.8484,0.8034,0.7501,0.6907,0.6279,0.5642,0.5026,0.4456,0.3957,0.3549,0.3250,0.3072,0.3020,0.3095,0.3291,0.3597,0.3997,0.4471,0.4994,0.5543,0.6089,0.6607]}"
2026-07-17T06:03:25,health_monitor/node_1/cs_imu,1529,"{""ts"":48350,""finger"":true,""mean_ax"":0.1000,""ax"":[0.5800,0.6158,0.6505,0.6828,0.7119,0.7367,0.7564,0.7704,0.7783,0.7798,0.7748,0.7635,0.7463,0.7237,0.6965,0.6655,0.6317,0.5963,0.5604,0.5250,0.4915,0.4608,0.4340,0.4119,0.3952,0.3845,0.3801,0.3822,0.3906,0.4052,0.4254,0.4507],""mean_ay"":0.2000,""ay"":[0.8483,0.8649,0.8756,0.8799,0.8778,0.8693,0.8546,0.8344,0.8091,0.7797,0.7470,0.7122,0.6763,0.6406,0.6061,0.5740,0.5454,0.5211,0.5019,0.4885,0.4813,0.4805,0.4861,0.4980,0.5158,0.5389,0.5665,0.5979,0.6318,0.6674,0.7033,0.7385],""mean_az"":0.3000,""az"":[0.9619,0.9440,0.9209,0.8932,0.8618,0.8278,0.7923,0.7564,0.7212,0.6879,0.6576,0.6313,0.6097,0.5937,0.5837,0.5800,0.5828,0.5920,0.6072,0.6280,0.6537,0.6836,0.7165,0.7515,0.7874,0.8230,0.8573,0.8891,0.9173,0.9411,0.9597,0.9725],""mean_gx"":0.4000,""gx"":[0.9082,0.8723,0.8367,0.8024,0.7707,0.7424,0.7187,0.7001,0.6874,0.6809,0.6808,0.6871,0.6997,0.7181,0.7418,0.7699,0.8015,0.8357,0.8714,0.9073,0.9423,0.9753,1.0053,1.0312,1.0522,1.0676,1.0770,1.0800,1.0765,1.0668,1.0509,1.0296],""mean_gy"":0.5000,""gy"":[0.8286,0.8077,0.7923,0.7830,0.7800,0.7835,0.7934,0.8092,0.8306,0.8569,0.8871,0.9203,0.9554,0.9914,1.0269,1.0610,1.0924,1.1202,1.1435,1.1615,1.1736,1.1795,1.1789,1.1719,1.1587,1.1397,1.1156,1.0870,1.0551,1.0207,0.9850,0.9491],""mean_gz"":0.6000,""gz"":[0.8882,0.9015,0.9205,0.9447,0.9732,1.0052,1.0396,1.0754,1.1112,1.1461,1.1788,1.2084,1.2337,1.2542,1.2689,1.2776,1.2799,1.2758,1.2653,1.2488,1.2269,1.2002,1.1696,1.1362,1.1009,1.0650,1.0295,0.9957,0.9646,0.9372,0.9144,0.8970],""relayed_by"":2}"
2026-07-17T06:03:28,health_monitor/node_2/cs_ppg,311,"{""ts"":51350,""hr"":79,""spo2"":98.0,""ppg_valid"":true,""finger"":true,""mean_ir"":0.5500,""ir"":[0.7000,0.7541,0.8046,0.8490,0.8851,0.9110,0.9254,0.9273,0.9165,0.8933,0.8584,0.8134,0.7601,0.7007,0.6379,0.5742,0.5126,0.4556,0.4057,0.3649,0.3350,0.3172,0.3120,0.3195,0.3391,0.3697,0.4097,0.4571,0.5094,0.5643,0.6189,0.6707]}"
2026-07-17T06:03:28,health_monitor/node_1/cs_imu,1529,"{""ts"":51378,""finger"":true,""mean_ax"":0.1000,""ax"":[0.6100,0.6458,0.6805,0.7128,0.7419,0.7667,0.7864,0.8004,0.8083,0.8098,0.8048,0.7935,0.7763,0.7537,0.7265,0.6955,0.6617,0.6263,0.5904,0.5550,0.5215,0.4908,0.4640,0.4419,0.4252,0.4145,0.4101,0.4122,0.4206,0.4352,0.4554,0.4807],""mean_ay"":0.2000,""ay"":[0.8783,0.8949,0.9056,0.9099,0.9078,0.8993,0.8846,0.8644,0.8391,0.8097,0.7770,0.7422,0.7063,0.6706,0.6361,0.6040,0.5754,0.5511,0.5319,0.5185,0.5113,0.5105,0.5161,0.5280,0.5458,0.5689,0.5965,0.6279,0.6618,0.6974,0.7333,0.7685],""mean_az"":0.3000,""az"":[0.9919,0.9740,0.9509,0.9232,0.8918,0.8578,0.8223,0.7864,0.7512,0.7179,0.6876,0.6613,0.6397,0.6237,0.6137,0.6100,0.6128,0.6220,0.6372,0.6580,0.6837,0.7136,0.7465,0.7815,0.8174,0.8530,0.8873,0.9191,0.9473,0.9711,0.9897,1.0025],""mean_gx"":0.4000,""gx"":[0.9382,0.9023,0.8667,0.8324,0.8007,0.7724,0.7487,0.7301,0.7174,0.7109,0.7108,0.7171,0.7297,0.7481,0.7718,0.7999,0.8315,0.8657,0.9014,0.9373,0.9723,1.0053,1.0353,1.0612,1.0822,1.0976,1.1070,1.1100,1.1065,1.0968,1.0809,1.0596],""mean_gy"":0.5000,""gy"":[0.8586,0.8377,0.8223,0.8130,0.8100,0.8135,0.8234,0.8392,0.8606,0.8869,0.9171,0.9503,0.9854,1.0214,1.0569,1.0910,1.1224,1.1502,1.1735,1.1915,1.2036,1.2095,1.2089,1.2019,1.1887,1.1697,1.1456,1.1170,1.0851,1.0507,1.0150,0.9791],""mean_gz"":0.6000,""gz"":[0.9182,0.9315,0.9505,0.9747,1.0032,1.0352,1.0696,1.1054,1.1412,1.1761,1.2088,1.2384,1.2637,1.2842,1.2989,1.3076,1.3099,1.3058,1.2953,1.2788,1.2569,1.2302,1.1996,1.1662,1.1309,1.0950,1.0595,1.0257,0.9946,0.9672,0.9444,0.9270],""relayed_by"":2}"
2026-07-17T06:03:31,health_monitor/node_2/cs_ppg,311,"{""ts"":54378,""hr"":79,""spo2"":98.0,""ppg_valid"":true,""finger"":true,""mean_ir"":0.5500,""ir"":[0.7100,0.7641,0.8146,0.8590,0.8951,0.9210,0.9354,0.9373,0.9265,0.9033,0.8684,0.8234,0.7701,0.7107,0.6479,0.5842,0.5226,0.4656,0.4157,0.3749,0.3450,0.3272,0.3220,0.3295,0.3491,0.3797,0.4197,0.4671,0.5194,0.5743,0.6289,0.6807]}"
2026-07-17T06:03:31,health_monitor/node_1/cs_imu,1529,"{""ts"":54401,""finger"":true,""mean_ax"":0.1000,""ax"":[0.6400,0.6758,0.7105,0.7428,0.7719,0.7967,0.8164,0.8304,0.8383,0.8398,0.8348,0.8235,0.8063,0.7837,0.7565,0.7255,0.6917,0.6563,0.6204,0.5850,0.5515,0.5208,0.4940,0.4719,0.4552,0.4445,0.4401,0.4422,0.4506,0.4652,0.4854,0.5107],""mean_ay"":0.2000,""ay"":[0.9083,0.9249,0.9356,0.9399,0.9378,0.9293,0.9146,0.8944,0.8691,0.8397,0.8070,0.7722,0.7363,0.7006,0.6661,0.6340,0.6054,0.5811,0.5619,0.5485,0.5413,0.5405,0.5461,0.5580,0.5758,0.5989,0.6265,0.6579,0.6918,0.7274,0.7633,0.7985],""mean_az"":0.3000,""az"":[1.0219,1.0040,0.9809,0.9532,0.9218,0.8878,0.8523,0.8164,0.7812,0.7479,0.7176,0.6913,0.6697,0.6537,0.6437,0.6400,0.6428,0.6520,0.6672,0.6880,0.7137,0.7436,0.7765,0.8115,0.8474,0.8830,0.9173,0.9491,0.9773,1.0011,1.0197,1.0325],""mean_gx"":0.4000,""gx"":[0.9682,0.9323,0.8967,0.8624,0.8307,0.8024,0.7787,0.7601,0.7474,0.7409,0.7408,0.7471,0.7597,0.7781,0.8018,0.8299,0.8615,0.8957,0.9314,0.9673,1.0023,1.0353,1.0653,1.0912,1.1122,1.1276,1.1370,1.1400,1.1365,1.1268,1.1109,1.0896],""mean_gy"":0.5000,""gy"":[0.8886,0.8677,0.8523,0.8430,0.8400,0.8435,0.8534,0.8692,0.8906,0.9169,0.9471,0.9803,1.0154,1.0514,1.0869,1.1210,1.1524,1.1802,1.2035,1.2215,1.2336,1.2395,1.2389,1.2319,1.2187,1.1997,1.1756,1.1470,1.1151,1.0807,1.0450,1.0091],""mean_gz"":0.6000,""gz"":[0.9482,0.9615,0.9805,1.0047,1.0332,1.0652,1.0996,1.1354,1.1712,1.2061,1.2388,1.2684,1.2937,1.3142,1.3289,1.3376,1.3399,1.3358,1.3253,1.3088,1.2869,1.2602,1.2296,1.1962,1.1609,1.1250,1.0895,1.0557,1.0246,0.9972,0.9744,0.9570],""relayed_by"":2}"
2026-07-17T06:03:34,health_monitor/node_2/cs_ppg,311,"{""ts"":57401,""hr"":79,""spo2"":98.0,""ppg_valid"":true,""finger"":true,""mean_ir"":0.5500,""ir"":[0.7200,0.7741,0.8246,0.8690,0.9051,0.9310,0.9454,0.9473,0.9365,0.9133,0.8784,0.8334,0.7801,0.7207,0.6579,0.5942,0.5326,0.4756,0.4257,0.3849,0.3550,0.3372,0.3320,0.3395,0.3591,0.3897,0.4297,0.4771,0.5294,0.5843,0.6389,0.6907]}"
2026-07-17T06:03:34,health_monitor/node_1/cs_imu,1529,"{""ts"":57425,""finger"":true,""mean_ax"":0.1000,""ax"":[0.6700,0.7058,0.7405,0.7728,0.8019,0.8267,0.8464,0.8604,0.8683,0.8698,0.8648,0.8535,0.8363,0.8137,0.7865,0.7555,0.7217,0.6863,0.6504,0.6150,0.5815,0.5508,0.5240,0.5019,0.4852,0.4745,0.4701,0.4722,0.4806,0.4952,0.5154,0.5407],""mean_ay"":0.2000,""ay"":[0.9383,0.9549,0.9656,0.9699,0.9678,0.9593,0.9446,0.9244,0.8991,0.8697,0.8370,0.8022,0.7663,0.7306,0.6961,0.6640,0.6354,0.6111,0.5919,0.5785,0.5713,0.5705,0.5761,0.5880,0.6058,0.6289,0.6565,0.6879,0.7218,0.7574,0.7933,0.8285],""mean_az"":0.3000,""az"":[1.0519,1.0340,1.0109,0.9832,0.9518,0.9178,0.8823,0.8464,0.8112,0.7779,0.7476,0.7213,0.6997,0.6837,0.6737,0.6700,0.6728,0.6820,0.6972,0.7180,0.7437,0.7736,0.8065,0.8415,0.8774,0.9130,0.9473,0.9791,1.0073,1.0311,1.0497,1.0625],""mean_gx"":0.4000,""gx"":[0.9982,0.9623,0.9267,0.8924,0.8607,0.8324,0.8087,0.7901,0.7774,0.7709,0.7708,0.7771,0.7897,0.8081,0.8318,0.8599,0.8915,0.9257,0.9614,0.9973,1.0323,1.0653,1.0953,1.1212,1.1422,1.1576,1.1670,1.1700,1.1665,1.1568,1.1409,1.1196],""mean_gy"":0.5000,""gy"":[0.9186,0.8977,0.8823,0.8730,0.8700,0.8735,0.8834,0.8992,0.9206,0.9469,0.9771,1.0103,1.0454,1.0814,1.1169,1.1510,1.1824,1.2102,1.2335,1.2515,1.2636,1.2695,1.2689,1.2619,1.2487,1.2297,1.2056,1.1770,1.1451,1.1107,1.0750,1.0391],""mean_gz"":0.6000,""gz"":[0.9782,0.9915,1.0105,1.0347,1.0632,1.0952,1.1296,1.1654,1.2012,1.2361,1.2688,1.2984,1.3237,1.3442,1.3589,1.3676,1.3699,1.3658,1.3553,1.3388,1.3169,1.2902,1.2596,1.2262,1.1909,1.1550,1.1195,1.0857,1.0546,1.0272,1.0044,0.9870],""relayed_by"":2}"
2026-07-17T06:03:37,health_monitor/node_2/cs_ppg,311,"{""ts"":60429,""hr"":79,""spo2"":98.0,""ppg_valid"":true,""finger"":true,""mean_ir"":0.5500,""ir"":[0.6300,0.6841,0.7346,0.7790,0.8151,0.8410,0.8554,0.8573,0.8465,0.8233,0.7884,0.7434,0.6901,0.6307,0.5679,0.5042,0.4426,0.3856,0.3357,0.2949,0.2650,0.2472,0.2420,0.2495,0.2691,0.2997,0.3397,0.3871,0.4394,0.4943,0.5489,0.6007]}"
2026-07-17T06:03:37,health_monitor/node_1/cs_imu,1514,"{""ts"":60448,""finger"":true,""mean_ax"":0.1000,""ax"":[0.7000,0.7358,0.7705,0.8028,0.8319,0.8567,0.8764,0.8904,0.8983,0.8998,0.8948,0.8835,0.8663,0.8437,0.8165,0.7855,0.7517,0.7163,0.6804,0.6450,0.6115,0.5808,0.5540,0.5319,0.5152,0.5045,0.5001,0.5022,0.5106,0.5252,0.5454,0.5707],""mean_ay"":0.2000,""ay"":[0.9683,0.9849,0.9956,0.9999,0.9978,0.9893,0.9746,0.9544,0.9291,0.8997,0.8670,0.8322,0.7963,0.7606,0.7261,0.6940,0.6654,0.6411,0.6219,0.6085,0.6013,0.6005,0.6061,0.6180,0.6358,0.6589,0.6865,0.7179,0.7518,0.7874,0.8233,0.8585],""mean_az"":0.3000,""az"":[1.0819,1.0640,1.0409,1.0132,0.9818,0.9478,0.9123,0.8764,0.8412,0.8079,0.7776,0.7513,0.7297,0.7137,0.7037,0.7000,0.7028,0.7120,0.7272,0.7480,0.7737,0.8036,0.8365,0.8715,0.9074,0.9430,0.9773,1.0091,1.0373,1.0611,1.0797,1.0925],""mean_gx"":0.4000,""gx"":[1.0282,0.9923,0.9567,0.9224,0.8907,0.8624,0.8387,0.8201,0.8074,0.8009,0.8008,0.8071,0.8197,0.8381,0.8618,0.8899,0.9215,0.9557,0.9914,1.0273,1.0623,1.0953,1.1253,1.1512,1.1722,1.1876,1.1970,1.2000,1.1965,1.1868,1.1709,1.1496],""mean_gy"":0.5000,""gy"":[0.9486,0.9277,0.9123,0.9030,0.9000,0.9035,0.9134,0.9292,0.9506,0.9769,1.0071,1.0403,1.0754,1.1114,1.1469,1.1810,1.2124,1.2402,1.2635,1.2815,1.2936,1.2995,1.2989,1.2919,1.2787,1.2597,1.2356,1.2070,1.1751,1.1407,1.1050,1.0691],""mean_gz"":0.6000,""gz"":[1.0082,1.0215,1.0405,1.0647,1.0932,1.1252,1.1596,1.1954,1.2312,1.2661,1.2988,1.3284,1.3537,1.3742,1.3889,1.3976,1.3999,1.3958,1.3853,1.3688,1.3469,1.3202,1.2896,1.2562,1.2209,1.1850,1.1495,1.1157,1.0846,1.0572,1.0344,1.0170]}"
2026-07-17T06:03:40,health_monitor/node_2/cs_ppg,311,"{""ts"":63454,""hr"":79,""spo2"":98.0,""ppg_valid"":true,""finger"":true,""mean_ir"":0.5500,""ir"":[0.6400,0.6941,0.7446,0.7890,0.8251,0.8510,0.8654,0.8673,0.8565,0.8333,0.7984,0.7534,0.7001,0.6407,0.5779,0.5142,0.4526,0.3956,0.3457,0.3049,0.2750,0.2572,0.2520,0.2595,0.2791,0.3097,0.3497,0.3971,0.4494,0.5043,0.5589,0.6107]}"
2026-07-17T06:03:40,health_monitor/node_1/cs_imu,1514,"{""ts"":63469,""finger"":true,""mean_ax"":0.1000,""ax"":[0.7300,0.7658,0.8005,0.8328,0.8619,0.8867,0.9064,0.9204,0.9283,0.9298,0.9248,0.9135,0.8963,0.8737,0.8465,0.8155,0.7817,0.7463,0.7104,0.6750,0.6415,0.6108,0.5840,0.5619,0.5452,0.5345,0.5301,0.5322,0.5406,0.5552,0.5754,0.6007],""mean_ay"":0.2000,""ay"":[0.9983,1.0149,1.0256,1.0299,1.0278,1.0193,1.0046,0.9844,0.9591,0.9297,0.8970,0.8622,0.8263,0.7906,0.7561,0.7240,0.6954,0.6711,0.6519,0.6385,0.6313,0.6305,0.6361,0.6480,0.6658,0.6889,0.7165,0.7479,0.7818,0.8174,0.8533,0.8885],""mean_az"":0.3000,""az"":[1.1119,1.0940,1.0709,1.0432,1.0118,0.9778,0.9423,0.9064,0.8712,0.8379,0.8076,0.7813,0.7597,0.7437,0.7337,0.7300,0.7328,0.7420,0.7572,0.7780,0.8037,0.8336,0.8665,0.9015,0.9374,0.9730,1.0073,1.0391,1.0673,1.0911,1.1097,1.1225],""mean_gx"":0.4000,""gx"":[1.0582,1.0223,0.9867,0.9524,0.9207,0.8924,0.8687,0.8501,0.8374,0.8309,0.8308,0.8371,0.8497,0.8681,0.8918,0.9199,0.9515,0.9857,1.0214,1.0573,1.0923,1.1253,1.1553,1.1812,1.2022,1.2176,1.2270,1.2300,1.2265,1.2168,1.2009,1.1796],""mean_gy"":0.5000,""gy"":[0.9786,0.9577,0.9423,0.9330,0.9300,0.9335,0.9434,0.9592,0.9806,1.0069,1.0371,1.0703,1.1054,1.1414,1.1769,1.2110,1.2424,1.2702,1.2935,1.3115,1.3236,1.3295,1.3289,1.3219,1.3087,1.2897,1.2656,1.2370,1.2051,1.1707,1.1350,1.0991],""mean_gz"":0.6000,""gz"":[1.0382,1.0515,1.0705,1.0947,1.1232,1.1552,1.1896,1.2254,1.2612,1.2961,1.3288,1.3584,1.3837,1.4042,1.4189,1.4276,1.4299,1.4258,1.4153,1.3988,1.3769,1.3502,1.3196,1.2862,1.2509,1.2150,1.1795,1.1457,1.1146,1.0872,1.0644,1.0470]}"
2026-07-17T06:03:43,health_monitor/node_2/cs_ppg,311,"{""ts"":66478,""hr"":79,""spo2"":98.0,""ppg_valid"":true,""finger"":true,""mean_ir"":0.5500,""ir"":[0.6500,0.7041,0.7546,0.7990,0.8351,0.8610,0.8754,0.8773,0.8665,0.8433,0.8084,0.7634,0.7101,0.6507,0.5879,0.5242,0.4626,0.4056,0.3557,0.3149,0.2850,0.2672,0.2620,0.2695,0.2891,0.3197,0.3597,0.4071,0.4594,0.5143,0.5689,0.6207]}"
2026-07-17T06:03:43,health_monitor/node_1/cs_imu,1514,"{""ts"":66488,""finger"":true,""mean_ax"":0.1000,""ax"":[0.7600,0.7958,0.8305,0.8628,0.8919,0.9167,0.9364,0.9504,0.9583,0.9598,0.9548,0.9435,0.9263,0.9037,0.8765,0.8455,0.8117,0.7763,0.7404,0.7050,0.6715,0.6408,0.6140,0.5919,0.5752,0.5645,0.5601,0.5622,0.5706,0.5852,0.6054,0.6307],""mean_ay"":0.2000,""ay"":[1.0283,1.0449,1.0556,1.0599,1.0578,1.0493,1.0346,1.0144,0.9891,0.9597,0.9270,0.8922,0.8563,0.8206,0.7861,0.7540,0.7254,0.7011,0.6819,0.6685,0.6613,0.6605,0.6661,0.6780,0.6958,0.7189,0.7465,0.7779,0.8118,0.8474,0.8833,0.9185],""mean_az"":0.3000,""az"":[1.1419,1.1240,1.1009,1.0732,1.0418,1.0078,0.9723,0.9364,0.9012,0.8679,0.8376,0.8113,0.7897,0.7737,0.7637,0.7600,0.7628,0.7720,0.7872,0.8080,0.8337,0.8636,0.8965,0.9315,0.9674,1.0030,1.0373,1.0691,1.0973,1.1211,1.1397,1.1525],""mean_gx"":0.4000,""gx"":[1.0882,1.0523,1.0167,0.9824,0.9507,0.9224,0.8987,0.8801,0.8674,0.8609,0.8608,0.8671,0.8797,0.8981,0.9218,0.9499,0.9815,1.0157,1.0514,1.0873,1.1223,1.1553,1.1853,1.2112,1.2322,1.2476,1.2570,1.2600,1.2565,1.2468,1.2309,1.2096],""mean_gy"":0.5000,""gy"":[1.0086,0.9877,0.9723,0.9630,0.9600,0.9635,0.9734,0.9892,1.0106,1.0369,1.0671,1.1003,1.1354,1.1714,1.2069,1.2410,1.2724,1.3002,1.3235,1.3415,1.3536,1.3595,1.3589,1.3519,1.3387,1.3197,1.2956,1.2670,1.2351,1.2007,1.1650,1.1291],""mean_gz"":0.6000,""gz"":[1.0682,1.0815,1.1005,1.1247,1.1532,1.1852,1.2196,1.2554,1.2912,1.3261,1.3588,1.3884,1.4137,1.4342,1.4489,1.4576,1.4599,1.4558,1.4453,1.4288,1.4069,1.3802,1.3496,1.3162,1.2809,1.2450,1.2095,1.1757,1.1446,1.1172,1.0944,1.0770]}"
2026-07-17T06:03:46,health_monitor/node_2/cs_ppg,311,"{""ts"":69506,""hr"":79,""spo2"":98.0,""ppg_valid"":true,""finger"":true,""mean_ir"":0.5500,""ir"":[0.6600,0.7141,0.7646,0.8090,0.8451,0.8710,0.8854,0.8873,0.8765,0.8533,0.8184,0.7734,0.7201,0.6607,0.5979,0.5342,0.4726,0.4156,0.3657,0.3249,0.2950,0.2772,0.2720,0.2795,0.2991,0.3297,0.3697,0.4171,0.4694,0.5243,0.5789,0.6307]}"
2026-07-17T06:03:47,health_monitor/node_1/cs_imu,1514,"{""ts"":69502,""finger"":true,""mean_ax"":0.1000,""ax"":[0.7900,0.8258,0.8605,0.8928,0.9219,0.9467,0.9664,0.9804,0.9883,0.9898,0.9848,0.9735,0.9563,0.9337,0.9065,0.8755,0.8417,0.8063,0.7704,0.7350,0.7015,0.6708,0.6440,0.6219,0.6052,0.5945,0.5901,0.5922,0.6006,0.6152,0.6354,0.6607],""mean_ay"":0.2000,""ay"":[1.0583,1.0749,1.0856,1.0899,1.0878,1.0793,1.0646,1.0444,1.0191,0.9897,0.9570,0.9222,0.8863,0.8506,0.8161,0.7840,0.7554,0.7311,0.7119,0.6985,0.6913,0.6905,0.6961,0.7080,0.7258,0.7489,0.7765,0.8079,0.8418,0.8774,0.9133,0.9485],""mean_az"":0.3000,""az"":[1.1719,1.1540,1.1309,1.1032,1.0718,1.0378,1.0023,0.9664,0.9312,0.8979,0.8676,0.8413,0.8197,0.8037,0.7937,0.7900,0.7928,0.8020,0.8172,0.8380,0.8637,0.8936,0.9265,0.9615,0.9974,1.0330,1.0673,1.0991,1.1273,1.1511,1.1697,1.1825],""mean_gx"":0.4000,""gx"":[1.1182,1.0823,1.0467,1.0124,0.9807,0.9524,0.9287,0.9101,0.8974,0.8909,0.8908,0.8971,0.9097,0.9281,0.9518,0.9799,1.0115,1.0457,1.0814,1.1173,1.1523,1.1853,1.2153,1.2412,1.2622,1.2776,1.2870,1.2900,1.2865,1.2768,1.2609,1.2396],""mean_gy"":0.5000,""gy"":[1.0386,1.0177,1.0023,0.9930,0.9900,0.9935,1.0034,1.0192,1.0406,1.0669,1.0971,1.1303,1.1654,1.2014,1.2369,1.2710,1.3024,1.3302,1.3535,1.3715,1.3836,1.3895,1.3889,1.3819,1.3687,1.3497,1.3256,1.2970,1.2651,1.2307,1.1950,1.1591],""mean_gz"":0.6000,""gz"":[1.0982,1.1115,1.1305,1.1547,1.1832,1.2152,1.2496,1.2854,1.3212,1.3561,1.3888,1.4184,1.4437,1.4642,1.4789,1.4876,1.4899,1.4858,1.4753,1.4588,1.4369,1.4102,1.3796,1.3462,1.3109,1.2750,1.2395,1.2057,1.1746,1.1472,1.1244,1.1070]}"
2026-07-17T06:03:49,health_monitor/node_2/cs_ppg,311,"{""ts"":72526,""hr"":79,""spo2"":98.0,""ppg_valid"":true,""finger"":true,""mean_ir"":0.5500,""ir"":[0.6700,0.7241,0.7746,0.8190,0.8551,0.8810,0.8954,0.8973,0.8865,0.8633,0.8284,0.7834,0.7301,0.6707,0.6079,0.5442,0.4826,0.4256,0.3757,0.3349,0.3050,0.2872,0.2820,0.2895,0.3091,0.3397,0.3797,0.4271,0.4794,0.5343,0.5889,0.6407]}"
2026-07-17T06:03:49,health_monitor/node_1/cs_imu,1514,"{""ts"":72525,""finger"":true,""mean_ax"":0.1000,""ax"":[0.8200,0.8558,0.8905,0.9228,0.9519,0.9767,0.9964,1.0104,1.0183,1.0198,1.0148,1.0035,0.9863,0.9637,0.9365,0.9055,0.8717,0.8363,0.8004,0.7650,0.7315,0.7008,0.6740,0.6519,0.6352,0.6245,0.6201,0.6222,0.6306,0.6452,0.6654,0.6907],""mean_ay"":0.2000,""ay"":[1.0883,1.1049,1.1156,1.1199,1.1178,1.1093,1.0946,1.0744,1.0491,1.0197,0.9870,0.9522,0.9163,0.8806,0.8461,0.8140,0.7854,0.7611,0.7419,0.7285,0.7213,0.7205,0.7261,0.7380,0.7558,0.7789,0.8065,0.8379,0.8718,0.9074,0.9433,0.9785],""mean_az"":0.3000,""az"":[1.2019,1.1840,1.1609,1.1332,1.1018,1.0678,1.0323,0.9964,0.9612,0.9279,0.8976,0.8713,0.8497,0.8337,0.8237,0.8200,0.8228,0.8320,0.8472,0.8680,0.8937,0.9236,0.9565,0.9915,1.0274,1.0630,1.0973,1.1291,1.1573,1.1811,1.1997,1.2125],""mean_gx"":0.4000,""gx"":[1.1482,1.1123,1.0767,1.0424,1.0107,0.9824,0.9587,0.9401,0.9274,0.9209,0.9208,0.9271,0.9397,0.9581,0.9818,1.0099,1.0415,1.0757,1.1114,1.1473,1.1823,1.2153,1.2453,1.2712,1.2922,1.3076,1.3170,1.3200,1.3165,1.3068,1.2909,1.2696],""mean_gy"":0.5000,""gy"":[1.0686,1.0477,1.0323,1.0230,1.0200,1.0235,1.0334,1.0492,1.0706,1.0969,1.1271,1.1603,1.1954,1.2314,1.2669,1.3010,1.3324,1.3602,1.3835,1.4015,1.4136,1.4195,1.4189,1.4119,1.3987,1.3797,1.3556,1.3270,1.2951,1.2607,1.2250,1.1891],""mean_gz"":0.6000,""gz"":[1.1282,1.1415,1.1605,1.1847,1.2132,1.2452,1.2796,1.3154,1.3512,1.3861,1.4188,1.4484,1.4737,1.4942,1.5089,1.5176,1.5199,1.5158,1.5053,1.4888,1.4669,1.4402,1.4096,1.3762,1.3409,1.3050,1.2695,1.2357,1.2046,1.1772,1.1544,1.1370]}"
2026-07-17T06:03:52,health_monitor/node_2/cs_ppg,311,"{""ts"":75550,""hr"":79,""spo2"":98.0,""ppg_valid"":true,""finger"":true,""mean_ir"":0.5500,""ir"":[0.6800,0.7341,0.7846,0.8290,0.8651,0.8910,0.9054,0.9073,0.8965,0.8733,0.8384,0.7934,0.7401,0.6807,0.6179,0.5542,0.4926,0.4356,0.3857,0.3449,0.3150,0.2972,0.2920,0.2995,0.3191,0.3497,0.3897,0.4371,0.4894,0.5443,0.5989,0.6507]}"
2026-07-17T06:03:52,health_monitor/node_1/cs_imu,1514,"{""ts"":75542,""finger"":true,""mean_ax"":0.1000,""ax"":[0.8500,0.8858,0.9205,0.9528,0.9819,1.0067,1.0264,1.0404,1.0483,1.0498,1.0448,1.0335,1.0163,0.9937,0.9665,0.9355,0.9017,0.8663,0.8304,0.7950,0.7615,0.7308,0.7040,0.6819,0.6652,0.6545,0.6501,0.6522,0.6606,0.6752,0.6954,0.7207],""mean_ay"":0.2000,""ay"":[1.1183,1.1349,1.1456,1.1499,1.1478,1.1393,1.1246,1.1044,1.0791,1.0497,1.0170,0.9822,0.9463,0.9106,0.8761,0.8440,0.8154,0.7911,0.7719,0.7585,0.7513,0.7505,0.7561,0.7680,0.7858,0.8089,0.8365,0.8679,0.9018,0.9374,0.9733,1.0085],""mean_az"":0.3000,""az"":[1.2319,1.2140,1.1909,1.1632,1.1318,1.0978,1.0623,1.0264,0.9912,0.9579,0.9276,0.9013,0.8797,0.8637,0.8537,0.8500,0.8528,0.8620,0.8772,0.8980,0.9237,0.9536,0.9865,1.0215,1.0574,1.0930,1.1273,1.1591,1.1873,1.2111,1.2297,1.2425],""mean_gx"":0.4000,""gx"":[1.1782,1.1423,1.1067,1.0724,1.0407,1.0124,0.9887,0.9701,0.9574,0.9509,0.9508,0.9571,0.9697,0.9881,1.0118,1.0399,1.0715,1.1057,1.1414,1.1773,1.2123,1.2453,1.2753,1.3012,1.3222,1.3376,1.3470,1.3500,1.3465,1.3368,1.3209,1.2996],""mean_gy"":0.5000,""gy"":[1.0986,1.0777,1.0623,1.0530,1.0500,1.0535,1.0634,1.0792,1.1006,1.1269,1.1571,1.1903,1.2254,1.2614,1.2969,1.3310,1.3624,1.3902,1.4135,1.4315,1.4436,1.4495,1.4489,1.4419,1.4287,1.4097,1.3856,1.3570,1.3251,1.2907,1.2550,1.2191],""mean_gz"":0.6000,""gz"":[1.1582,1.1715,1.1905,1.2147,1.2432,1.2752,1.3096,1.3454,1.3812,1.4161,1.4488,1.4784,1.5037,1.5242,1.5389,1.5476,1.5499,1.5458,1.5353,1.5188,1.4969,1.4702,1.4396,1.4062,1.3709,1.3350,1.2995,1.2657,1.2346,1.2072,1.1844,1.1670]}"
2026-07-17T06:03:55,health_monitor/node_2/cs_ppg,311,"{""ts"":78581,""hr"":79,""spo2"":98.0,""ppg_valid"":true,""finger"":true,""mean_ir"":0.5500,""ir"":[0.6900,0.7441,0.7946,0.8390,0.8751,0.9010,0.9154,0.9173,0.9065,0.8833,0.8484,0.8034,0.7501,0.6907,0.6279,0.5642,0.5026,0.4456,0.3957,0.3549,0.3250,0.3072,0.3020,0.3095,0.3291,0.3597,0.3997,0.4471,0.4994,0.5543,0.6089,0.6607]}"
2026-07-17T06:03:55,health_monitor/node_1/cs_imu,1514,"{""ts"":78559,""finger"":true,""mean_ax"":0.1000,""ax"":[0.8800,0.9158,0.9505,0.9828,1.0119,1.0367,1.0564,1.0704,1.0783,1.0798,1.0748,1.0635,1.0463,1.0237,0.9965,0.9655,0.9317,0.8963,0.8604,0.8250,0.7915,0.7608,0.7340,0.7119,0.6952,0.6845,0.6801,0.6822,0.6906,0.7052,0.7254,0.7507],""mean_ay"":0.2000,""ay"":[1.1483,1.1649,1.1756,1.1799,1.1778,1.1693,1.1546,1.1344,1.1091,1.0797,1.0470,1.0122,0.9763,0.9406,0.9061,0.8740,0.8454,0.8211,0.8019,0.7885,0.7813,0.7805,0.7861,0.7980,0.8158,0.8389,0.8665,0.8979,0.9318,0.9674,1.0033,1.0385],""mean_az"":0.3000,""az"":[1.2619,1.2440,1.2209,1.1932,1.1618,1.1278,1.0923,1.0564,1.0212,0.9879,0.9576,0.9313,0.9097,0.8937,0.8837,0.8800,0.8828,0.8920,0.9072,0.9280,0.9537,0.9836,1.0165,1.0515,1.0874,1.1230,1.1573,1.1891,1.2173,1.2411,1.2597,1.2725],""mean_gx"":0.4000,""gx"":[1.2082,1.1723,1.1367,1.1024,1.0707,1.0424,1.0187,1.0001,0.9874,0.9809,0.9808,0.9871,0.9997,1.0181,1.0418,1.0699,1.1015,1.1357,1.1714,1.2073,1.2423,1.2753,1.3053,1.3312,1.3522,1.3676,1.3770,1.3800,1.3765,1.3668,1.3509,1.3296],""mean_gy"":0.5000,""gy"":[1.1286,1.1077,1.0923,1.0830,1.0800,1.0835,1.0934,1.1092,1.1306,1.1569,1.1871,1.2203,1.2554,1.2914,1.3269,1.3610,1.3924,1.4202,1.4435,1.4615,1.4736,1.4795,1.4789,1.4719,1.4587,1.4397,1.4156,1.3870,1.3551,1.3207,1.2850,1.2491],""mean_gz"":0.6000,""gz"":[1.1882,1.2015,1.2205,1.2447,1.2732,1.3052,1.3396,1.3754,1.4112,1.4461,1.4788,1.5084,1.5337,1.5542,1.5689,1.5776,1.5799,1.5758,1.5653,1.5488,1.5269,1.5002,1.4696,1.4362,1.4009,1.3650,1.3295,1.2957,1.2646,1.2372,1.2144,1.1970]}"
2026-07-17T06:03:58,health_monitor/node_2/cs_ppg,311,"{""ts"":81608,""hr"":79,""spo2"":98.0,""ppg_valid"":true,""finger"":true,""mean_ir"":0.5500,""ir"":[0.7000,0.7541,0.8046,0.8490,0.8851,0.9110,0.9254,0.9273,0.9165,0.8933,0.8584,0.8134,0.7601,0.7007,0.6379,0.5742,0.5126,0.4556,0.4057,0.3649,0.3350,0.3172,0.3120,0.3195,0.3391,0.3697,0.4097,0.4571,0.5094,0.5643,0.6189,0.6707]}"
2026-07-17T06:03:58,health_monitor/node_1/cs_imu,1514,"{""ts"":81582,""finger"":true,""mean_ax"":0.1000,""ax"":[0.9100,0.9458,0.9805,1.0128,1.0419,1.0667,1.0864,1.1004,1.1083,1.1098,1.1048,1.0935,1.0763,1.0537,1.0265,0.9955,0.9617,0.9263,0.8904,0.8550,0.8215,0.7908,0.7640,0.7419,0.7252,0.7145,0.7101,0.7122,0.7206,0.7352,0.7554,0.7807],""mean_ay"":0.2000,""ay"":[1.1783,1.1949,1.2056,1.2099,1.2078,1.1993,1.1846,1.1644,1.1391,1.1097,1.0770,1.0422,1.0063,0.9706,0.9361,0.9040,0.8754,0.8511,0.8319,0.8185,0.8113,0.8105,0.8161,0.8280,0.8458,0.8689,0.8965,0.9279,0.9618,0.9974,1.0333,1.0685],""mean_az"":0.3000,""az"":[1.2919,1.2740,1.2509,1.2232,1.1918,1.1578,1.1223,1.0864,1.0512,1.0179,0.9876,0.9613,0.9397,0.9237,0.9137,0.9100,0.9128,0.9220,0.9372,0.9580,0.9837,1.0136,1.0465,1.0815,1.1174,1.1530,1.1873,1.2191,1.2473,1.2711,1.2897,1.3025],""mean_gx"":0.4000,""gx"":[1.2382,1.2023,1.1667,1.1324,1.1007,1.0724,1.0487,1.0301,1.0174,1.0109,1.0108,1.0171,1.0297,1.0481,1.0718,1.0999,1.1315,1.1657,1.2014,1.2373,1.2723,1.3053,1.3353,1.3612,1.3822,1.3976,1.4070,1.4100,1.4065,1.3968,1.3809,1.3596],""mean_gy"":0.5000,""gy"":[1.1586,1.1377,1.1223,1.1130,1.1100,1.1135,1.1234,1.1392,1.1606,1.1869,1.2171,1.2503,1.2854,1.3214,1.3569,1.3910,1.4224,1.4502,1.4735,1.4915,1.5036,1.5095,1.5089,1.5019,1.4887,1.4697,1.4456,1.4170,1.3851,1.3507,1.3150,1.2791],""mean_gz"":0.6000,""gz"":[1.2182,1.2315,1.2505,1.2747,1.3032,1.3352,1.3696,1.4054,1.4412,1.4761,1.5088,1.5384,1.5637,1.5842,1.5989,1.6076,1.6099,1.6058,1.5953,1.5788,1.5569,1.5302,1.4996,1.4662,1.4309,1.3950,1.3595,1.3257,1.2946,1.2672,1.2444,1.2270]}"
2026-07-17T06:04:01,health_monitor/node_2/cs_ppg,311,"{""ts"":84626,""hr"":79,""spo2"":98.0,""ppg_valid"":true,""finger"":true,""mean_ir"":0.5500,""ir"":[0.7100,0.7641,0.8146,0.8590,0.8951,0.9210,0.9354,0.9373,0.9265,0.9033,0.8684,0.8234,0.7701,0.7107,0.6479,0.5842,0.5226,0.4656,0.4157,0.3749,0.3450,0.3272,0.3220,0.3295,0.3491,0.3797,0.4197,0.4671,0.5194,0.5743,0.6289,0.6807]}"
2026-07-17T06:04:02,health_monitor/node_1/cs_imu,1514,"{""ts"":84601,""finger"":true,""mean_ax"":0.1000,""ax"":[0.9400,0.9758,1.0105,1.0428,1.0719,1.0967,1.1164,1.1304,1.1383,1.1398,1.1348,1.1235,1.1063,1.0837,1.0565,1.0255,0.9917,0.9563,0.9204,0.8850,0.8515,0.8208,0.7940,0.7719,0.7552,0.7445,0.7401,0.7422,0.7506,0.7652,0.7854,0.8107],""mean_ay"":0.2000,""ay"":[1.2083,1.2249,1.2356,1.2399,1.2378,1.2293,1.2146,1.1944,1.1691,1.1397,1.1070,1.0722,1.0363,1.0006,0.9661,0.9340,0.9054,0.8811,0.8619,0.8485,0.8413,0.8405,0.8461,0.8580,0.8758,0.8989,0.9265,0.9579,0.9918,1.0274,1.0633,1.0985],""mean_az"":0.3000,""az"":[1.3219,1.3040,1.2809,1.2532,1.2218,1.1878,1.1523,1.1164,1.0812,1.0479,1.0176,0.9913,0.9697,0.9537,0.9437,0.9400,0.9428,0.9520,0.9672,0.9880,1.0137,1.0436,1.0765,1.1115,1.1474,1.1830,1.2173,1.2491,1.2773,1.3011,1.3197,1.3325],""mean_gx"":0.4000,""gx"":[1.2682,1.2323,1.1967,1.1624,1.1307,1.1024,1.0787,1.0601,1.0474,1.0409,1.0408,1.0471,1.0597,1.0781,1.1018,1.1299,1.1615,1.1957,1.2314,1.2673,1.3023,1.3353,1.3653,1.3912,1.4122,1.4276,1.4370,1.4400,1.4365,1.4268,1.4109,1.3896],""mean_gy"":0.5000,""gy"":[1.1886,1.1677,1.1523,1.1430,1.1400,1.1435,1.1534,1.1692,1.1906,1.2169,1.2471,1.2803,1.3154,1.3514,1.3869,1.4210,1.4524,1.4802,1.5035,1.5215,1.5336,1.5395,1.5389,1.5319,1.5187,1.4997,1.4756,1.4470,1.4151,1.3807,1.3450,1.3091],""mean_gz"":0.6000,""gz"":[1.2482,1.2615,1.2805,1.3047,1.3332,1.3652,1.3996,1.4354,1.4712,1.5061,1.5388,1.5684,1.5937,1.6142,1.6289,1.6376,1.6399,1.6358,1.6253,1.6088,1.5869,1.5602,1.5296,1.4962,1.4609,1.4250,1.3895,1.3557,1.3246,1.2972,1.2744,1.2570]}"
2026-07-17T06:04:04,health_monitor/node_2/cs_ppg,311,"{""ts"":87648,""hr"":79,""spo2"":98.0,""ppg_valid"":true,""finger"":true,""mean_ir"":0.5500,""ir"":[0.7200,0.7741,0.8246,0.8690,0.9051,0.9310,0.9454,0.9473,0.9365,0.9133,0.8784,0.8334,0.7801,0.7207,0.6579,0.5942,0.5326,0.4756,0.4257,0.3849,0.3550,0.3372,0.3320,0.3395,0.3591,0.3897,0.4297,0.4771,0.5294,0.5843,0.6389,0.6907]}"
2026-07-17T06:04:04,health_monitor/node_1/cs_imu,1514,"{""ts"":87621,""finger"":true,""mean_ax"":0.1000,""ax"":[0.9700,1.0058,1.0405,1.0728,1.1019,1.1267,1.1464,1.1604,1.1683,1.1698,1.1648,1.1535,1.1363,1.1137,1.0865,1.0555,1.0217,0.9863,0.9504,0.9150,0.8815,0.8508,0.8240,0.8019,0.7852,0.7745,0.7701,0.7722,0.7806,0.7952,0.8154,0.8407],""mean_ay"":0.2000,""ay"":[1.2383,1.2549,1.2656,1.2699,1.2678,1.2593,1.2446,1.2244,1.1991,1.1697,1.1370,1.1022,1.0663,1.0306,0.9961,0.9640,0.9354,0.9111,0.8919,0.8785,0.8713,0.8705,0.8761,0.8880,0.9058,0.9289,0.9565,0.9879,1.0218,1.0574,1.0933,1.1285],""mean_az"":0.3000,""az"":[1.3519,1.3340,1.3109,1.2832,1.2518,1.2178,1.1823,1.1464,1.1112,1.0779,1.0476,1.0213,0.9997,0.9837,0.9737,0.9700,0.9728,0.9820,0.9972,1.0180,1.0437,1.0736,1.1065,1.1415,1.1774,1.2130,1.2473,1.2791,1.3073,1.3311,1.3497,1.3625],""mean_gx"":0.4000,""gx"":[1.2982,1.2623,1.2267,1.1924,1.1607,1.1324,1.1087,1.0901,1.0774,1.0709,1.0708,1.0771,1.0897,1.1081,1.1318,1.1599,1.1915,1.2257,1.2614,1.2973,1.3323,1.3653,1.3953,1.4212,1.4422,1.4576,1.4670,1.4700,1.4665,1.4568,1.4409,1.4196],""mean_gy"":0.5000,""gy"":[1.2186,1.1977,1.1823,1.1730,1.1700,1.1735,1.1834,1.1992,1.2206,1.2469,1.2771,1.3103,1.3454,1.3814,1.4169,1.4510,1.4824,1.5102,1.5335,1.5515,1.5636,1.5695,1.5689,1.5619,1.5487,1.5297,1.5056,1.4770,1.4451,1.4107,1.3750,1.3391],""mean_gz"":0.6000,""gz"":[1.2782,1.2915,1.3105,1.3347,1.3632,1.3952,1.4296,1.4654,1.5012,1.5361,1.5688,1.5984,1.6237,1.6442,1.6589,1.6676,1.6699,1.6658,1.6553,1.6388,1.6169,1.5902,1.5596,1.5262,1.4909,1.4550,1.4195,1.3857,1.3546,1.3272,1.3044,1.2870]}"
2026-07-17T06:04:07,health_monitor/node_2/cs_ppg,311,"{""ts"":90677,""hr"":79,""spo2"":98.0,""ppg_valid"":true,""finger"":true,""mean_ir"":0.5500,""ir"":[0.6300,0.6841,0.7346,0.7790,0.8151,0.8410,0.8554,0.8573,0.8465,0.8233,0.7884,0.7434,0.6901,0.6307,0.5679,0.5042,0.4426,0.3856,0.3357,0.2949,0.2650,0.2472,0.2420,0.2495,0.2691,0.2997,0.3397,0.3871,0.4394,0.4943,0.5489,0.6007]}"
2026-07-17T06:04:07,health_monitor/node_1/cs_imu,1514,"{""ts"":90639,""finger"":true,""mean_ax"":0.1000,""ax"":[1.0000,1.0358,1.0705,1.1028,1.1319,1.1567,1.1764,1.1904,1.1983,1.1998,1.1948,1.1835,1.1663,1.1437,1.1165,1.0855,1.0517,1.0163,0.9804,0.9450,0.9115,0.8808,0.8540,0.8319,0.8152,0.8045,0.8001,0.8022,0.8106,0.8252,0.8454,0.8707],""mean_ay"":0.2000,""ay"":[1.2683,1.2849,1.2956,1.2999,1.2978,1.2893,1.2746,1.2544,1.2291,1.1997,1.1670,1.1322,1.0963,1.0606,1.0261,0.9940,0.9654,0.9411,0.9219,0.9085,0.9013,0.9005,0.9061,0.9180,0.9358,0.9589,0.9865,1.0179,1.0518,1.0874,1.1233,1.1585],""mean_az"":0.3000,""az"":[1.3819,1.3640,1.3409,1.3132,1.2818,1.2478,1.2123,1.1764,1.1412,1.1079,1.0776,1.0513,1.0297,1.0137,1.0037,1.0000,1.0028,1.0120,1.0272,1.0480,1.0737,1.1036,1.1365,1.1715,1.2074,1.2430,1.2773,1.3091,1.3373,1.3611,1.3797,1.3925],""mean_gx"":0.4000,""gx"":[1.3282,1.2923,1.2567,1.2224,1.1907,1.1624,1.1387,1.1201,1.1074,1.1009,1.1008,1.1071,1.1197,1.1381,1.1618,1.1899,1.2215,1.2557,1.2914,1.3273,1.3623,1.3953,1.4253,1.4512,1.4722,1.4876,1.4970,1.5000,1.4965,1.4868,1.4709,1.4496],""mean_gy"":0.5000,""gy"":[1.2486,1.2277,1.2123,1.2030,1.2000,1.2035,1.2134,1.2292,1.2506,1.2769,1.3071,1.3403,1.3754,1.4114,1.4469,1.4810,1.5124,1.5402,1.5635,1.5815,1.5936,1.5995,1.5989,1.5919,1.5787,1.5597,1.5356,1.5070,1.4751,1.4407,1.4050,1.3691],""mean_gz"":0.6000,""gz"":[1.3082,1.3215,1.3405,1.3647,1.3932,1.4252,1.4596,1.4954,1.5312,1.5661,1.5988,1.6284,1.6537,1.6742,1.6889,1.6976,1.6999,1.6958,1.6853,1.6688,1.6469,1.6202,1.5896,1.5562,1.5209,1.4850,1.4495,1.4157,1.3846,1.3572,1.3344,1.3170]}"
2026-07-17T06:04:10,health_monitor/node_2/cs_ppg,311,"{""ts"":93701,""hr"":79,""spo2"":98.0,""ppg_valid"":true,""finger"":true,""mean_ir"":0.5500,""ir"":[0.6400,0.6941,0.7446,0.7890,0.8251,0.8510,0.8654,0.8673,0.8565,0.8333,0.7984,0.7534,0.7001,0.6407,0.5779,0.5142,0.4526,0.3956,0.3457,0.3049,0.2750,0.2572,0.2520,0.2595,0.2791,0.3097,0.3497,0.3971,0.4494,0.5043,0.5589,0.6107]}"
2026-07-17T06:04:10,health_monitor/node_1/cs_imu,1514,"{""ts"":93658,""finger"":true,""mean_ax"":0.1000,""ax"":[1.0300,1.0658,1.1005,1.1328,1.1619,1.1867,1.2064,1.2204,1.2283,1.2298,1.2248,1.2135,1.1963,1.1737,1.1465,1.1155,1.0817,1.0463,1.0104,0.9750,0.9415,0.9108,0.8840,0.8619,0.8452,0.8345,0.8301,0.8322,0.8406,0.8552,0.8754,0.9007],""mean_ay"":0.2000,""ay"":[1.2983,1.3149,1.3256,1.3299,1.3278,1.3193,1.3046,1.2844,1.2591,1.2297,1.1970,1.1622,1.1263,1.0906,1.0561,1.0240,0.9954,0.9711,0.9519,0.9385,0.9313,0.9305,0.9361,0.9480,0.9658,0.9889,1.0165,1.0479,1.0818,1.1174,1.1533,1.1885],""mean_az"":0.3000,""az"":[1.4119,1.3940,1.3709,1.3432,1.3118,1.2778,1.2423,1.2064,1.1712,1.1379,1.1076,1.0813,1.0597,1.0437,1.0337,1.0300,1.0328,1.0420,1.0572,1.0780,1.1037,1.1336,1.1665,1.2015,1.2374,1.2730,1.3073,1.3391,1.3673,1.3911,1.4097,1.4225],""mean_gx"":0.4000,""gx"":[1.3582,1.3223,1.2867,1.2524,1.2207,1.1924,1.1687,1.1501,1.1374,1.1309,1.1308,1.1371,1.1497,1.1681,1.1918,1.2199,1.2515,1.2857,1.3214,1.3573,1.3923,1.4253,1.4553,1.4812,1.5022,1.5176,1.5270,1.5300,1.5265,1.5168,1.5009,1.4796],""mean_gy"":0.5000,""gy"":[1.2786,1.2577,1.2423,1.2330,1.2300,1.2335,1.2434,1.2592,1.2806,1.3069,1.3371,1.3703,1.4054,1.4414,1.4769,1.5110,1.5424,1.5702,1.5935,1.6115,1.6236,1.6295,1.6289,1.6219,1.6087,1.5897,1.5656,1.5370,1.5051,1.4707,1.4350,1.3991],""mean_gz"":0.6000,""gz"":[1.3382,1.3515,1.3705,1.3947,1.4232,1.4552,1.4896,1.5254,1.5612,1.5961,1.6288,1.6584,1.6837,1.7042,1.7189,1.7276,1.7299,1.7258,1.7153,1.6988,1.6769,1.6502,1.6196,1.5862,1.5509,1.5150,1.4795,1.4457,1.4146,1.3872,1.3644,1.3470]}"
2026-07-17T06:04:13,health_monitor/node_2/cs_ppg,311,"{""ts"":96720,""hr"":79,""spo2"":98.0,""ppg_valid"":true,""finger"":true,""mean_ir"":0.5500,""ir"":[0.6500,0.7041,0.7546,0.7990,0.8351,0.8610,0.8754,0.8773,0.8665,0.8433,0.8084,0.7634,0.7101,0.6507,0.5879,0.5242,0.4626,0.4056,0.3557,0.3149,0.2850,0.2672,0.2620,0.2695,0.2891,0.3197,0.3597,0.4071,0.4594,0.5143,0.5689,0.6207]}"
2026-07-17T06:04:13,health_monitor/node_1/cs_imu,1514,"{""ts"":96674,""finger"":true,""mean_ax"":0.1000,""ax"":[1.0600,1.0958,1.1305,1.1628,1.1919,1.2167,1.2364,1.2504,1.2583,1.2598,1.2548,1.2435,1.2263,1.2037,1.1765,1.1455,1.1117,1.0763,1.0404,1.0050,0.9715,0.9408,0.9140,0.8919,0.8752,0.8645,0.8601,0.8622,0.8706,0.8852,0.9054,0.9307],""mean_ay"":0.2000,""ay"":[1.3283,1.3449,1.3556,1.3599,1.3578,1.3493,1.3346,1.3144,1.2891,1.2597,1.2270,1.1922,1.1563,1.1206,1.0861,1.0540,1.0254,1.0011,0.9819,0.9685,0.9613,0.9605,0.9661,0.9780,0.9958,1.0189,1.0465,1.0779,1.1118,1.1474,1.1833,1.2185],""mean_az"":0.3000,""az"":[1.4419,1.4240,1.4009,1.3732,1.3418,1.3078,1.2723,1.2364,1.2012,1.1679,1.1376,1.1113,1.0897,1.0737,1.0637,1.0600,1.0628,1.0720,1.0872,1.1080,1.1337,1.1636,1.1965,1.2315,1.2674,1.3030,1.3373,1.3691,1.3973,1.4211,1.4397,1.4525],""mean_gx"":0.4000,""gx"":[1.3882,1.3523,1.3167,1.2824,1.2507,1.2224,1.1987,1.1801,1.1674,1.1609,1.1608,1.1671,1.1797,1.1981,1.2218,1.2499,1.2815,1.3157,1.3514,1.3873,1.4223,1.4553,1.4853,1.5112,1.5322,1.5476,1.5570,1.5600,1.5565,1.5468,1.5309,1.5096],""mean_gy"":0.5000,""gy"":[1.3086,1.2877,1.2723,1.2630,1.2600,1.2635,1.2734,1.2892,1.3106,1.3369,1.3671,1.4003,1.4354,1.4714,1.5069,1.5410,1.5724,1.6002,1.6235,1.6415,1.6536,1.6595,1.6589,1.6519,1.6387,1.6197,1.5956,1.5670,1.5351,1.5007,1.4650,1.4291],""mean_gz"":0.6000,""gz"":[1.3682,1.3815,1.4005,1.4247,1.4532,1.4852,1.5196,1.5554,1.5912,1.6261,1.6588,1.6884,1.7137,1.7342,1.7489,1.7576,1.7599,1.7558,1.7453,1.7288,1.7069,1.6802,1.6496,1.6162,1.5809,1.5450,1.5095,1.4757,1.4446,1.4172,1.3944,1.3770]}"
2026-07-17T06:04:16,health_monitor/node_2/cs_ppg,311,"{""ts"":99741,""hr"":79,""spo2"":98.0,""ppg_valid"":true,""finger"":true,""mean_ir"":0.5500,""ir"":[0.6600,0.7141,0.7646,0.8090,0.8451,0.8710,0.8854,0.8873,0.8765,0.8533,0.8184,0.7734,0.7201,0.6607,0.5979,0.5342,0.4726,0.4156,0.3657,0.3249,0.2950,0.2772,0.2720,0.2795,0.2991,0.3297,0.3697,0.4171,0.4694,0.5243,0.5789,0.6307]}"
2026-07-17T06:04:16,health_monitor/node_1/cs_imu,1514,"{""ts"":99698,""finger"":true,""mean_ax"":0.1000,""ax"":[1.0900,1.1258,1.1605,1.1928,1.2219,1.2467,1.2664,1.2804,1.2883,1.2898,1.2848,1.2735,1.2563,1.2337,1.2065,1.1755,1.1417,1.1063,1.0704,1.0350,1.0015,0.9708,0.9440,0.9219,0.9052,0.8945,0.8901,0.8922,0.9006,0.9152,0.9354,0.9607],""mean_ay"":0.2000,""ay"":[1.3583,1.3749,1.3856,1.3899,1.3878,1.3793,1.3646,1.3444,1.3191,1.2897,1.2570,1.2222,1.1863,1.1506,1.1161,1.0840,1.0554,1.0311,1.0119,0.9985,0.9913,0.9905,0.9961,1.0080,1.0258,1.0489,1.0765,1.1079,1.1418,1.1774,1.2133,1.2485],""mean_az"":0.3000,""az"":[1.4719,1.4540,1.4309,1.4032,1.3718,1.3378,1.3023,1.2664,1.2312,1.1979,1.1676,1.1413,1.1197,1.1037,1.0937,1.0900,1.0928,1.1020,1.1172,1.1380,1.1637,1.1936,1.2265,1.2615,1.2974,1.3330,1.3673,1.3991,1.4273,1.4511,1.4697,1.4825],""mean_gx"":0.4000,""gx"":[1.4182,1.3823,1.3467,1.3124,1.2807,1.2524,1.2287,1.2101,1.1974,1.1909,1.1908,1.1971,1.2097,1.2281,1.2518,1.2799,1.3115,1.3457,1.3814,1.4173,1.4523,1.4853,1.5153,1.5412,1.5622,1.5776,1.5870,1.5900,1.5865,1.5768,1.5609,1.5396],""mean_gy"":0.5000,""gy"":[1.3386,1.3177,1.3023,1.2930,1.2900,1.2935,1.3034,1.3192,1.3406,1.3669,1.3971,1.4303,1.4654,1.5014,1.5369,1.5710,1.6024,1.6302,1.6535,1.6715,1.6836,1.6895,1.6889,1.6819,1.6687,1.6497,1.6256,1.5970,1.5651,1.5307,1.4950,1.4591],""mean_gz"":0.6000,""gz"":[1.3982,1.4115,1.4305,1.4547,1.4832,1.5152,1.5496,1.5854,1.6212,1.6561,1.6888,1.7184,1.7437,1.7642,1.7789,1.7876,1.7899,1.7858,1.7753,1.7588,1.7369,1.7102,1.6796,1.6462,1.6109,1.5750,1.5395,1.5057,1.4746,1.4472,1.4244,1.4070]}"
2026-07-17T06:04:19,health_monitor/node_2/cs_ppg,312,"{""ts"":102764,""hr"":79,""spo2"":98.0,""ppg_valid"":true,""finger"":true,""mean_ir"":0.5500,""ir"":[0.6700,0.7241,0.7746,0.8190,0.8551,0.8810,0.8954,0.8973,0.8865,0.8633,0.8284,0.7834,0.7301,0.6707,0.6079,0.5442,0.4826,0.4256,0.3757,0.3349,0.3050,0.2872,0.2820,0.2895,0.3091,0.3397,0.3797,0.4271,0.4794,0.5343,0.5889,0.6407]}"
2026-07-17T06:04:20,health_monitor/node_1/cs_imu,1530,"{""ts"":102718,""finger"":true,""mean_ax"":0.1000,""ax"":[1.1200,1.1558,1.1905,1.2228,1.2519,1.2767,1.2964,1.3104,1.3183,1.3198,1.3148,1.3035,1.2863,1.2637,1.2365,1.2055,1.1717,1.1363,1.1004,1.0650,1.0315,1.0008,0.9740,0.9519,0.9352,0.9245,0.9201,0.9222,0.9306,0.9452,0.9654,0.9907],""mean_ay"":0.2000,""ay"":[1.3883,1.4049,1.4156,1.4199,1.4178,1.4093,1.3946,1.3744,1.3491,1.3197,1.2870,1.2522,1.2163,1.1806,1.1461,1.1140,1.0854,1.0611,1.0419,1.0285,1.0213,1.0205,1.0261,1.0380,1.0558,1.0789,1.1065,1.1379,1.1718,1.2074,1.2433,1.2785],""mean_az"":0.3000,""az"":[1.5019,1.4840,1.4609,1.4332,1.4018,1.3678,1.3323,1.2964,1.2612,1.2279,1.1976,1.1713,1.1497,1.1337,1.1237,1.1200,1.1228,1.1320,1.1472,1.1680,1.1937,1.2236,1.2565,1.2915,1.3274,1.3630,1.3973,1.4291,1.4573,1.4811,1.4997,1.5125],""mean_gx"":0.4000,""gx"":[1.4482,1.4123,1.3767,1.3424,1.3107,1.2824,1.2587,1.2401,1.2274,1.2209,1.2208,1.2271,1.2397,1.2581,1.2818,1.3099,1.3415,1.3757,1.4114,1.4473,1.4823,1.5153,1.5453,1.5712,1.5922,1.6076,1.6170,1.6200,1.6165,1.6068,1.5909,1.5696],""mean_gy"":0.5000,""gy"":[1.3686,1.3477,1.3323,1.3230,1.3200,1.3235,1.3334,1.3492,1.3706,1.3969,1.4271,1.4603,1.4954,1.5314,1.5669,1.6010,1.6324,1.6602,1.6835,1.7015,1.7136,1.7195,1.7189,1.7119,1.6987,1.6797,1.6556,1.6270,1.5951,1.5607,1.5250,1.4891],""mean_gz"":0.6000,""gz"":[1.4282,1.4415,1.4605,1.4847,1.5132,1.5452,1.5796,1.6154,1.6512,1.6861,1.7188,1.7484,1.7737,1.7942,1.8089,1.8176,1.8199,1.8158,1.8053,1.7888,1.7669,1.7402,1.7096,1.6762,1.6409,1.6050,1.5695,1.5357,1.5046,1.4772,1.4544,1.4370],""relayed_by"":2}"
2026-07-17T06:04:22,health_monitor/node_2/cs_ppg,312,"{""ts"":105785,""hr"":79,""spo2"":98.0,""ppg_valid"":true,""finger"":true,""mean_ir"":0.5500,""ir"":[0.6800,0.7341,0.7846,0.8290,0.8651,0.8910,0.9054,0.9073,0.8965,0.8733,0.8384,0.7934,0.7401,0.6807,0.6179,0.5542,0.4926,0.4356,0.3857,0.3449,0.3150,0.2972,0.2920,0.2995,0.3191,0.3497,0.3897,0.4371,0.4894,0.5443,0.5989,0.6507]}"
2026-07-17T06:04:23,health_monitor/node_1/cs_imu,1530,"{""ts"":105741,""finger"":true,""mean_ax"":0.1000,""ax"":[1.1500,1.1858,1.2205,1.2528,1.2819,1.3067,1.3264,1.3404,1.3483,1.3498,1.3448,1.3335,1.3163,1.2937,1.2665,1.2355,1.2017,1.1663,1.1304,1.0950,1.0615,1.0308,1.0040,0.9819,0.9652,0.9545,0.9501,0.9522,0.9606,0.9752,0.9954,1.0207],""mean_ay"":0.2000,""ay"":[1.4183,1.4349,1.4456,1.4499,1.4478,1.4393,1.4246,1.4044,1.3791,1.3497,1.3170,1.2822,1.2463,1.2106,1.1761,1.1440,1.1154,1.0911,1.0719,1.0585,1.0513,1.0505,1.0561,1.0680,1.0858,1.1089,1.1365,1.1679,1.2018,1.2374,1.2733,1.3085],""mean_az"":0.3000,""az"":[1.5319,1.5140,1.4909,1.4632,1.4318,1.3978,1.3623,1.3264,1.2912,1.2579,1.2276,1.2013,1.1797,1.1637,1.1537,1.1500,1.1528,1.1620,1.1772,1.1980,1.2237,1.2536,1.2865,1.3215,1.3574,1.3930,1.4273,1.4591,1.4873,1.5111,1.5297,1.5425],""mean_gx"":0.4000,""gx"":[1.4782,1.4423,1.4067,1.3724,1.3407,1.3124,1.2887,1.2701,1.2574,1.2509,1.2508,1.2571,1.2697,1.2881,1.3118,1.3399,1.3715,1.4057,1.4414,1.4773,1.5123,1.5453,1.5753,1.6012,1.6222,1.6376,1.6470,1.6500,1.6465,1.6368,1.6209,1.5996],""mean_gy"":0.5000,""gy"":[1.3986,1.3777,1.3623,1.3530,1.3500,1.3535,1.3634,1.3792,1.4006,1.4269,1.4571,1.4903,1.5254,1.5614,1.5969,1.6310,1.6624,1.6902,1.7135,1.7315,1.7436,1.7495,1.7489,1.7419,1.7287,1.7097,1.6856,1.6570,1.6251,1.5907,1.5550,1.5191],""mean_gz"":0.6000,""gz"":[1.4582,1.4715,1.4905,1.5147,1.5432,1.5752,1.6096,1.6454,1.6812,1.7161,1.7488,1.7784,1.8037,1.8242,1.8389,1.8476,1.8499,1.8458,1.8353,1.8188,1.7969,1.7702,1.7396,1.7062,1.6709,1.6350,1.5995,1.5657,1.5346,1.5072,1.4844,1.4670],""relayed_by"":2}"
2026-07-17T06:04:25,health_monitor/node_2/cs_ppg,312,"{""ts"":108806,""hr"":79,""spo2"":98.0,""ppg_valid"":true,""finger"":true,""mean_ir"":0.5500,""ir"":[0.6900,0.7441,0.7946,0.8390,0.8751,0.9010,0.9154,0.9173,0.9065,0.8833,0.8484,0.8034,0.7501,0.6907,0.6279,0.5642,0.5026,0.4456,0.3957,0.3549,0.3250,0.3072,0.3020,0.3095,0.3291,0.3597,0.3997,0.4471,0.4994,0.5543,0.6089,0.6607]}"
2026-07-17T06:04:26,health_monitor/node_1/cs_imu,1530,"{""ts"":108777,""finger"":true,""mean_ax"":0.1000,""ax"":[1.1800,1.2158,1.2505,1.2828,1.3119,1.3367,1.3564,1.3704,1.3783,1.3798,1.3748,1.3635,1.3463,1.3237,1.2965,1.2655,1.2317,1.1963,1.1604,1.1250,1.0915,1.0608,1.0340,1.0119,0.9952,0.9845,0.9801,0.9822,0.9906,1.0052,1.0254,1.0507],""mean_ay"":0.2000,""ay"":[1.4483,1.4649,1.4756,1.4799,1.4778,1.4693,1.4546,1.4344,1.4091,1.3797,1.3470,1.3122,1.2763,1.2406,1.2061,1.1740,1.1454,1.1211,1.1019,1.0885,1.0813,1.0805,1.0861,1.0980,1.1158,1.1389,1.1665,1.1979,1.2318,1.2674,1.3033,1.3385],""mean_az"":0.3000,""az"":[1.5619,1.5440,1.5209,1.4932,1.4618,1.4278,1.3923,1.3564,1.3212,1.2879,1.2576,1.2313,1.2097,1.1937,1.1837,1.1800,1.1828,1.1920,1.2072,1.2280,1.2537,1.2836,1.3165,1.3515,1.3874,1.4230,1.4573,1.4891,1.5173,1.5411,1.5597,1.5725],""mean_gx"":0.4000,""gx"":[1.5082,1.4723,1.4367,1.4024,1.3707,1.3424,1.3187,1.3001,1.2874,1.2809,1.2808,1.2871,1.2997,1.3181,1.3418,1.3699,1.4015,1.4357,1.4714,1.5073,1.5423,1.5753,1.6053,1.6312,1.6522,1.6676,1.6770,1.6800,1.6765,1.6668,1.6509,1.6296],""mean_gy"":0.5000,""gy"":[1.4286,1.4077,1.3923,1.3830,1.3800,1.3835,1.3934,1.4092,1.4306,1.4569,1.4871,1.5203,1.5554,1.5914,1.6269,1.6610,1.6924,1.7202,1.7435,1.7615,1.7736,1.7795,1.7789,1.7719,1.7587,1.7397,1.7156,1.6870,1.6551,1.6207,1.5850,1.5491],""mean_gz"":0.6000,""gz"":[1.4882,1.5015,1.5205,1.5447,1.5732,1.6052,1.6396,1.6754,1.7112,1.7461,1.7788,1.8084,1.8337,1.8542,1.8689,1.8776,1.8799,1.8758,1.8653,1.8488,1.8269,1.8002,1.7696,1.7362,1.7009,1.6650,1.6295,1.5957,1.5646,1.5372,1.5144,1.4970],""relayed_by"":2}"
2026-07-17T06:04:28,health_monitor/node_2/cs_ppg,312,"{""ts"":111832,""hr"":79,""spo2"":98.0,""ppg_valid"":true,""finger"":true,""mean_ir"":0.5500,""ir"":[0.7000,0.7541,0.8046,0.8490,0.8851,0.9110,0.9254,0.9273,0.9165,0.8933,0.8584,0.8134,0.7601,0.7007,0.6379,0.5742,0.5126,0.4556,0.4057,0.3649,0.3350,0.3172,0.3120,0.3195,0.3391,0.3697,0.4097,0.4571,0.5094,0.5643,0.6189,0.6707]}"
2026-07-17T06:04:29,health_monitor/node_1/cs_imu,1530,"{""ts"":111809,""finger"":true,""mean_ax"":0.1000,""ax"":[1.2100,1.2458,1.2805,1.3128,1.3419,1.3667,1.3864,1.4004,1.4083,1.4098,1.4048,1.3935,1.3763,1.3537,1.3265,1.2955,1.2617,1.2263,1.1904,1.1550,1.1215,1.0908,1.0640,1.0419,1.0252,1.0145,1.0101,1.0122,1.0206,1.0352,1.0554,1.0807],""mean_ay"":0.2000,""ay"":[1.4783,1.4949,1.5056,1.5099,1.5078,1.4993,1.4846,1.4644,1.4391,1.4097,1.3770,1.3422,1.3063,1.2706,1.2361,1.2040,1.1754,1.1511,1.1319,1.1185,1.1113,1.1105,1.1161,1.1280,1.1458,1.1689,1.1965,1.2279,1.2618,1.2974,1.3333,1.3685],""mean_az"":0.3000,""az"":[1.5919,1.5740,1.5509,1.5232,1.4918,1.4578,1.4223,1.3864,1.3512,1.3179,1.2876,1.2613,1.2397,1.2237,1.2137,1.2100,1.2128,1.2220,1.2372,1.2580,1.2837,1.3136,1.3465,1.3815,1.4174,1.4530,1.4873,1.5191,1.5473,1.5711,1.5897,1.6025],""mean_gx"":0.4000,""gx"":[1.5382,1.5023,1.4667,1.4324,1.4007,1.3724,1.3487,1.3301,1.3174,1.3109,1.3108,1.3171,1.3297,1.3481,1.3718,1.3999,1.4315,1.4657,1.5014,1.5373,1.5723,1.6053,1.6353,1.6612,1.6822,1.6976,1.7070,1.7100,1.7065,1.6968,1.6809,1.6596],""mean_gy"":0.5000,""gy"":[1.4586,1.4377,1.4223,1.4130,1.4100,1.4135,1.4234,1.4392,1.4606,1.4869,1.5171,1.5503,1.5854,1.6214,1.6569,1.6910,1.7224,1.7502,1.7735,1.7915,1.8036,1.8095,1.8089,1.8019,1.7887,1.7697,1.7456,1.7170,1.6851,1.6507,1.6150,1.5791],""mean_gz"":0.6000,""gz"":[1.5182,1.5315,1.5505,1.5747,1.6032,1.6352,1.6696,1.7054,1.7412,1.7761,1.8088,1.8384,1.8637,1.8842,1.8989,1.9076,1.9099,1.9058,1.8953,1.8788,1.8569,1.8302,1.7996,1.7662,1.7309,1.6950,1.6595,1.6257,1.5946,1.5672,1.5444,1.5270],""relayed_by"":2}"
2026-07-17T06:04:31,health_monitor/node_2/cs_ppg,312,"{""ts"":114855,""hr"":79,""spo2"":98.0,""ppg_valid"":true,""finger"":true,""mean_ir"":0.5500,""ir"":[0.7100,0.7641,0.8146,0.8590,0.8951,0.9210,0.9354,0.9373,0.9265,0.9033,0.8684,0.8234,0.7701,0.7107,0.6479,0.5842,0.5226,0.4656,0.4157,0.3749,0.3450,0.3272,0.3220,0.3295,0.3491,0.3797,0.4197,0.4671,0.5194,0.5743,0.6289,0.6807]}"
2026-07-17T06:04:32,health_monitor/node_1/cs_imu,1530,"{""ts"":114836,""finger"":true,""mean_ax"":0.1000,""ax"":[1.2400,1.2758,1.3105,1.3428,1.3719,1.3967,1.4164,1.4304,1.4383,1.4398,1.4348,1.4235,1.4063,1.3837,1.3565,1.3255,1.2917,1.2563,1.2204,1.1850,1.1515,1.1208,1.0940,1.0719,1.0552,1.0445,1.0401,1.0422,1.0506,1.0652,1.0854,1.1107],""mean_ay"":0.2000,""ay"":[1.5083,1.5249,1.5356,1.5399,1.5378,1.5293,1.5146,1.4944,1.4691,1.4397,1.4070,1.3722,1.3363,1.3006,1.2661,1.2340,1.2054,1.1811,1.1619,1.1485,1.1413,1.1405,1.1461,1.1580,1.1758,1.1989,1.2265,1.2579,1.2918,1.3274,1.3633,1.3985],""mean_az"":0.3000,""az"":[1.6219,1.6040,1.5809,1.5532,1.5218,1.4878,1.4523,1.4164,1.3812,1.3479,1.3176,1.2913,1.2697,1.2537,1.2437,1.2400,1.2428,1.2520,1.2672,1.2880,1.3137,1.3436,1.3765,1.4115,1.4474,1.4830,1.5173,1.5491,1.5773,1.6011,1.6197,1.6325],""mean_gx"":0.4000,""gx"":[1.5682,1.5323,1.4967,1.4624,1.4307,1.4024,1.3787,1.3601,1.3474,1.3409,1.3408,1.3471,1.3597,1.3781,1.4018,1.4299,1.4615,1.4957,1.5314,1.5673,1.6023,1.6353,1.6653,1.6912,1.7122,1.7276,1.7370,1.7400,1.7365,1.7268,1.7109,1.6896],""mean_gy"":0.5000,""gy"":[1.4886,1.4677,1.4523,1.4430,1.4400,1.4435,1.4534,1.4692,1.4906,1.5169,1.5471,1.5803,1.6154,1.6514,1.6869,1.7210,1.7524,1.7802,1.8035,1.8215,1.8336,1.8395,1.8389,1.8319,1.8187,1.7997,1.7756,1.7470,1.7151,1.6807,1.6450,1.6091],""mean_gz"":0.6000,""gz"":[1.5482,1.5615,1.5805,1.6047,1.6332,1.6652,1.6996,1.7354,1.7712,1.8061,1.8388,1.8684,1.8937,1.9142,1.9289,1.9376,1.9399,1.9358,1.9253,1.9088,1.8869,1.8602,1.8296,1.7962,1.7609,1.7250,1.6895,1.6557,1.6246,1.5972,1.5744,1.5570],""relayed_by"":2}"
2026-07-17T06:04:35,health_monitor/node_2/cs_ppg,312,"{""ts"":117886,""hr"":79,""spo2"":98.0,""ppg_valid"":true,""finger"":true,""mean_ir"":0.5500,""ir"":[0.7200,0.7741,0.8246,0.8690,0.9051,0.9310,0.9454,0.9473,0.9365,0.9133,0.8784,0.8334,0.7801,0.7207,0.6579,0.5942,0.5326,0.4756,0.4257,0.3849,0.3550,0.3372,0.3320,0.3395,0.3591,0.3897,0.4297,0.4771,0.5294,0.5843,0.6389,0.6907]}"
2026-07-17T06:04:35,health_monitor/node_1/cs_imu,1530,"{""ts"":117860,""finger"":true,""mean_ax"":0.1000,""ax"":[1.2700,1.3058,1.3405,1.3728,1.4019,1.4267,1.4464,1.4604,1.4683,1.4698,1.4648,1.4535,1.4363,1.4137,1.3865,1.3555,1.3217,1.2863,1.2504,1.2150,1.1815,1.1508,1.1240,1.1019,1.0852,1.0745,1.0701,1.0722,1.0806,1.0952,1.1154,1.1407],""mean_ay"":0.2000,""ay"":[1.5383,1.5549,1.5656,1.5699,1.5678,1.5593,1.5446,1.5244,1.4991,1.4697,1.4370,1.4022,1.3663,1.3306,1.2961,1.2640,1.2354,1.2111,1.1919,1.1785,1.1713,1.1705,1.1761,1.1880,1.2058,1.2289,1.2565,1.2879,1.3218,1.3574,1.3933,1.4285],""mean_az"":0.3000,""az"":[1.6519,1.6340,1.6109,1.5832,1.5518,1.5178,1.4823,1.4464,1.4112,1.3779,1.3476,1.3213,1.2997,1.2837,1.2737,1.2700,1.2728,1.2820,1.2972,1.3180,1.3437,1.3736,1.4065,1.4415,1.4774,1.5130,1.5473,1.5791,1.6073,1.6311,1.6497,1.6625],""mean_gx"":0.4000,""gx"":[1.5982,1.5623,1.5267,1.4924,1.4607,1.4324,1.4087,1.3901,1.3774,1.3709,1.3708,1.3771,1.3897,1.4081,1.4318,1.4599,1.4915,1.5257,1.5614,1.5973,1.6323,1.6653,1.6953,1.7212,1.7422,1.7576,1.7670,1.7700,1.7665,1.7568,1.7409,1.7196],""mean_gy"":0.5000,""gy"":[1.5186,1.4977,1.4823,1.4730,1.4700,1.4735,1.4834,1.4992,1.5206,1.5469,1.5771,1.6103,1.6454,1.6814,1.7169,1.7510,1.7824,1.8102,1.8335,1.8515,1.8636,1.8695,1.8689,1.8619,1.8487,1.8297,1.8056,1.7770,1.7451,1.7107,1.6750,1.6391],""mean_gz"":0.6000,""gz"":[1.5782,1.5915,1.6105,1.6347,1.6632,1.6952,1.7296,1.7654,1.8012,1.8361,1.8688,1.8984,1.9237,1.9442,1.9589,1.9676,1.9699,1.9658,1.9553,1.9388,1.9169,1.8902,1.8596,1.8262,1.7909,1.7550,1.7195,1.6857,1.6546,1.6272,1.6044,1.5870],""relayed_by"":2}"
2026-07-17T06:04:38,health_monitor/node_2/cs_ppg,312,"{""ts"":120910,""hr"":79,""spo2"":98.0,""ppg_valid"":true,""finger"":true,""mean_ir"":0.5500,""ir"":[0.6300,0.6841,0.7346,0.7790,0.8151,0.8410,0.8554,0.8573,0.8465,0.8233,0.7884,0.7434,0.6901,0.6307,0.5679,0.5042,0.4426,0.3856,0.3357,0.2949,0.2650,0.2472,0.2420,0.2495,0.2691,0.2997,0.3397,0.3871,0.4394,0.4943,0.5489,0.6007]}"
2026-07-17T06:04:38,health_monitor/node_1/cs_imu,1530,"{""ts"":120886,""finger"":true,""mean_ax"":0.1000,""ax"":[1.3000,1.3358,1.3705,1.4028,1.4319,1.4567,1.4764,1.4904,1.4983,1.4998,1.4948,1.4835,1.4663,1.4437,1.4165,1.3855,1.3517,1.3163,1.2804,1.2450,1.2115,1.1808,1.1540,1.1319,1.1152,1.1045,1.1001,1.1022,1.1106,1.1252,1.1454,1.1707],""mean_ay"":0.2000,""ay"":[1.5683,1.5849,1.5956,1.5999,1.5978,1.5893,1.5746,1.5544,1.5291,1.4997,1.4670,1.4322,1.3963,1.3606,1.3261,1.2940,1.2654,1.2411,1.2219,1.2085,1.2013,1.2005,1.2061,1.2180,1.2358,1.2589,1.2865,1.3179,1.3518,1.3874,1.4233,1.4585],""mean_az"":0.3000,""az"":[1.6819,1.6640,1.6409,1.6132,1.5818,1.5478,1.5123,1.4764,1.4412,1.4079,1.3776,1.3513,1.3297,1.3137,1.3037,1.3000,1.3028,1.3120,1.3272,1.3480,1.3737,1.4036,1.4365,1.4715,1.5074,1.5430,1.5773,1.6091,1.6373,1.6611,1.6797,1.6925],""mean_gx"":0.4000,""gx"":[1.6282,1.5923,1.5567,1.5224,1.4907,1.4624,1.4387,1.4201,1.4074,1.4009,1.4008,1.4071,1.4197,1.4381,1.4618,1.4899,1.5215,1.5557,1.5914,1.6273,1.6623,1.6953,1.7253,1.7512,1.7722,1.7876,1.7970,1.8000,1.7965,1.7868,1.7709,1.7496],""mean_gy"":0.5000,""gy"":[1.5486,1.5277,1.5123,1.5030,1.5000,1.5035,1.5134,1.5292,1.5506,1.5769,1.6071,1.6403,1.6754,1.7114,1.7469,1.7810,1.8124,1.8402,1.8635,1.8815,1.8936,1.8995,1.8989,1.8919,1.8787,1.8597,1.8356,1.8070,1.7751,1.7407,1.7050,1.6691],""mean_gz"":0.6000,""gz"":[1.6082,1.6215,1.6405,1.6647,1.6932,1.7252,1.7596,1.7954,1.8312,1.8661,1.8988,1.9284,1.9537,1.9742,1.9889,1.9976,1.9999,1.9958,1.9853,1.9688,1.9469,1.9202,1.8896,1.8562,1.8209,1.7850,1.7495,1.7157,1.6846,1.6572,1.6344,1.6170],""relayed_by"":2}"
2026-07-17T06:04:41,health_monitor/node_2/cs_ppg,312,"{""ts"":123931,""hr"":79,""spo2"":98.0,""ppg_valid"":true,""finger"":true,""mean_ir"":0.5500,""ir"":[0.6400,0.6941,0.7446,0.7890,0.8251,0.8510,0.8654,0.8673,0.8565,0.8333,0.7984,0.7534,0.7001,0.6407,0.5779,0.5142,0.4526,0.3956,0.3457,0.3049,0.2750,0.2572,0.2520,0.2595,0.2791,0.3097,0.3497,0.3971,0.4494,0.5043,0.5589,0.6107]}"
2026-07-17T06:04:41,health_monitor/node_1/cs_imu,1530,"{""ts"":123909,""finger"":true,""mean_ax"":0.1000,""ax"":[1.3300,1.3658,1.4005,1.4328,1.4619,1.4867,1.5064,1.5204,1.5283,1.5298,1.5248,1.5135,1.4963,1.4737,1.4465,1.4155,1.3817,1.3463,1.3104,1.2750,1.2415,1.2108,1.1840,1.1619,1.1452,1.1345,1.1301,1.1322,1.1406,1.1552,1.1754,1.2007],""mean_ay"":0.2000,""ay"":[1.5983,1.6149,1.6256,1.6299,1.6278,1.6193,1.6046,1.5844,1.5591,1.5297,1.4970,1.4622,1.4263,1.3906,1.3561,1.3240,1.2954,1.2711,1.2519,1.2385,1.2313,1.2305,1.2361,1.2480,1.2658,1.2889,1.3165,1.3479,1.3818,1.4174,1.4533,1.4885],""mean_az"":0.3000,""az"":[1.7119,1.6940,1.6709,1.6432,1.6118,1.5778,1.5423,1.5064,1.4712,1.4379,1.4076,1.3813,1.3597,1.3437,1.3337,1.3300,1.3328,1.3420,1.3572,1.3780,1.4037,1.4336,1.4665,1.5015,1.5374,1.5730,1.6073,1.6391,1.6673,1.6911,1.7097,1.7225],""mean_gx"":0.4000,""gx"":[1.6582,1.6223,1.5867,1.5524,1.5207,1.4924,1.4687,1.4501,1.4374,1.4309,1.4308,1.4371,1.4497,1.4681,1.4918,1.5199,1.5515,1.5857,1.6214,1.6573,1.6923,1.7253,1.7553,1.7812,1.8022,1.8176,1.8270,1.8300,1.8265,1.8168,1.8009,1.7796],""mean_gy"":0.5000,""gy"":[1.5786,1.5577,1.5423,1.5330,1.5300,1.5335,1.5434,1.5592,1.5806,1.6069,1.6371,1.6703,1.7054,1.7414,1.7769,1.8110,1.8424,1.8702,1.8935,1.9115,1.9236,1.9295,1.9289,1.9219,1.9087,1.8897,1.8656,1.8370,1.8051,1.7707,1.7350,1.6991],""mean_gz"":0.6000,""gz"":[1.6382,1.6515,1.6705,1.6947,1.7232,1.7552,1.7896,1.8254,1.8612,1.8961,1.9288,1.9584,1.9837,2.0042,2.0189,2.0276,2.0299,2.0258,2.0153,1.9988,1.9769,1.9502,1.9196,1.8862,1.8509,1.8150,1.7795,1.7457,1.7146,1.6872,1.6644,1.6470],""relayed_by"":2}"
2026-07-17T06:04:44,health_monitor/node_2/cs_ppg,312,"{""ts"":126954,""hr"":79,""spo2"":98.0,""ppg_valid"":true,""finger"":true,""mean_ir"":0.5500,""ir"":[0.6500,0.7041,0.7546,0.7990,0.8351,0.8610,0.8754,0.8773,0.8665,0.8433,0.8084,0.7634,0.7101,0.6507,0.5879,0.5242,0.4626,0.4056,0.3557,0.3149,0.2850,0.2672,0.2620,0.2695,0.2891,0.3197,0.3597,0.4071,0.4594,0.5143,0.5689,0.6207]}"
2026-07-17T06:04:44,health_monitor/node_1/cs_imu,1530,"{""ts"":126935,""finger"":true,""mean_ax"":0.1000,""ax"":[1.3600,1.3958,1.4305,1.4628,1.4919,1.5167,1.5364,1.5504,1.5583,1.5598,1.5548,1.5435,1.5263,1.5037,1.4765,1.4455,1.4117,1.3763,1.3404,1.3050,1.2715,1.2408,1.2140,1.1919,1.1752,1.1645,1.1601,1.1622,1.1706,1.1852,1.2054,1.2307],""mean_ay"":0.2000,""ay"":[1.6283,1.6449,1.6556,1.6599,1.6578,1.6493,1.6346,1.6144,1.5891,1.5597,1.5270,1.4922,1.4563,1.4206,1.3861,1.3540,1.3254,1.3011,1.2819,1.2685,1.2613,1.2605,1.2661,1.2780,1.2958,1.3189,1.3465,1.3779,1.4118,1.4474,1.4833,1.5185],""mean_az"":0.3000,""az"":[1.7419,1.7240,1.7009,1.6732,1.6418,1.6078,1.5723,1.5364,1.5012,1.4679,1.4376,1.4113,1.3897,1.3737,1.3637,1.3600,1.3628,1.3720,1.3872,1.4080,1.4337,1.4636,1.4965,1.5315,1.5674,1.6030,1.6373,1.6691,1.6973,1.7211,1.7397,1.7525],""mean_gx"":0.4000,""gx"":[1.6882,1.6523,1.6167,1.5824,1.5507,1.5224,1.4987,1.4801,1.4674,1.4609,1.4608,1.4671,1.4797,1.4981,1.5218,1.5499,1.5815,1.6157,1.6514,1.6873,1.7223,1.7553,1.7853,1.8112,1.8322,1.8476,1.8570,1.8600,1.8565,1.8468,1.8309,1.8096],""mean_gy"":0.5000,""gy"":[1.6086,1.5877,1.5723,1.5630,1.5600,1.5635,1.5734,1.5892,1.6106,1.6369,1.6671,1.7003,1.7354,1.7714,1.8069,1.8410,1.8724,1.9002,1.9235,1.9415,1.9536,1.9595,1.9589,1.9519,1.9387,1.9197,1.8956,1.8670,1.8351,1.8007,1.7650,1.7291],""mean_gz"":0.6000,""gz"":[1.6682,1.6815,1.7005,1.7247,1.7532,1.7852,1.8196,1.8554,1.8912,1.9261,1.9588,1.9884,2.0137,2.0342,2.0489,2.0576,2.0599,2.0558,2.0453,2.0288,2.0069,1.9802,1.9496,1.9162,1.8809,1.8450,1.8095,1.7757,1.7446,1.7172,1.6944,1.6770],""relayed_by"":2}"
2026-07-17T06:04:47,health_monitor/node_2/cs_ppg,312,"{""ts"":129979,""hr"":79,""spo2"":98.0,""ppg_valid"":true,""finger"":true,""mean_ir"":0.5500,""ir"":[0.6600,0.7141,0.7646,0.8090,0.8451,0.8710,0.8854,0.8873,0.8765,0.8533,0.8184,0.7734,0.7201,0.6607,0.5979,0.5342,0.4726,0.4156,0.3657,0.3249,0.2950,0.2772,0.2720,0.2795,0.2991,0.3297,0.3697,0.4171,0.4694,0.5243,0.5789,0.6307]}"
2026-07-17T06:04:47,health_monitor/node_1/cs_imu,1530,"{""ts"":129962,""finger"":true,""mean_ax"":0.1000,""ax"":[1.3900,1.4258,1.4605,1.4928,1.5219,1.5467,1.5664,1.5804,1.5883,1.5898,1.5848,1.5735,1.5563,1.5337,1.5065,1.4755,1.4417,1.4063,1.3704,1.3350,1.3015,1.2708,1.2440,1.2219,1.2052,1.1945,1.1901,1.1922,1.2006,1.2152,1.2354,1.2607],""mean_ay"":0.2000,""ay"":[1.6583,1.6749,1.6856,1.6899,1.6878,1.6793,1.6646,1.6444,1.6191,1.5897,1.5570,1.5222,1.4863,1.4506,1.4161,1.3840,1.3554,1.3311,1.3119,1.2985,1.2913,1.2905,1.2961,1.3080,1.3258,1.3489,1.3765,1.4079,1.4418,1.4774,1.5133,1.5485],""mean_az"":0.3000,""az"":[1.7719,1.7540,1.7309,1.7032,1.6718,1.6378,1.6023,1.5664,1.5312,1.4979,1.4676,1.4413,1.4197,1.4037,1.3937,1.3900,1.3928,1.4020,1.4172,1.4380,1.4637,1.4936,1.5265,1.5615,1.5974,1.6330,1.6673,1.6991,1.7273,1.7511,1.7697,1.7825],""mean_gx"":0.4000,""gx"":[1.7182,1.6823,1.6467,1.6124,1.5807,1.5524,1.5287,1.5101,1.4974,1.4909,1.4908,1.4971,1.5097,1.5281,1.5518,1.5799,1.6115,1.6457,1.6814,1.7173,1.7523,1.7853,1.8153,1.8412,1.8622,1.8776,1.8870,1.8900,1.8865,1.8768,1.8609,1.8396],""mean_gy"":0.5000,""gy"":[1.6386,1.6177,1.6023,1.5930,1.5900,1.5935,1.6034,1.6192,1.6406,1.6669,1.6971,1.7303,1.7654,1.8014,1.8369,1.8710,1.9024,1.9302,1.9535,1.9715,1.9836,1.9895,1.9889,1.9819,1.9687,1.9497,1.9256,1.8970,1.8651,1.8307,1.7950,1.7591],""mean_gz"":0.6000,""gz"":[1.6982,1.7115,1.7305,1.7547,1.7832,1.8152,1.8496,1.8854,1.9212,1.9561,1.9888,2.0184,2.0437,2.0642,2.0789,2.0876,2.0899,2.0858,2.0753,2.0588,2.0369,2.0102,1.9796,1.9462,1.9109,1.8750,1.8395,1.8057,1.7746,1.7472,1.7244,1.7070],""relayed_by"":2}"
2026-07-17T06:04:50,health_monitor/node_2/cs_ppg,312,"{""ts"":133009,""hr"":79,""spo2"":98.0,""ppg_valid"":true,""finger"":true,""mean_ir"":0.5500,""ir"":[0.6700,0.7241,0.7746,0.8190,0.8551,0.8810,0.8954,0.8973,0.8865,0.8633,0.8284,0.7834,0.7301,0.6707,0.6079,0.5442,0.4826,0.4256,0.3757,0.3349,0.3050,0.2872,0.2820,0.2895,0.3091,0.3397,0.3797,0.4271,0.4794,0.5343,0.5889,0.6407]}"
2026-07-17T06:04:50,health_monitor/node_1/cs_imu,1530,"{""ts"":132989,""finger"":true,""mean_ax"":0.1000,""ax"":[1.4200,1.4558,1.4905,1.5228,1.5519,1.5767,1.5964,1.6104,1.6183,1.6198,1.6148,1.6035,1.5863,1.5637,1.5365,1.5055,1.4717,1.4363,1.4004,1.3650,1.3315,1.3008,1.2740,1.2519,1.2352,1.2245,1.2201,1.2222,1.2306,1.2452,1.2654,1.2907],""mean_ay"":0.2000,""ay"":[1.6883,1.7049,1.7156,1.7199,1.7178,1.7093,1.6946,1.6744,1.6491,1.6197,1.5870,1.5522,1.5163,1.4806,1.4461,1.4140,1.3854,1.3611,1.3419,1.3285,1.3213,1.3205,1.3261,1.3380,1.3558,1.3789,1.4065,1.4379,1.4718,1.5074,1.5433,1.5785],""mean_az"":0.3000,""az"":[1.8019,1.7840,1.7609,1.7332,1.7018,1.6678,1.6323,1.5964,1.5612,1.5279,1.4976,1.4713,1.4497,1.4337,1.4237,1.4200,1.4228,1.4320,1.4472,1.4680,1.4937,1.5236,1.5565,1.5915,1.6274,1.6630,1.6973,1.7291,1.7573,1.7811,1.7997,1.8125],""mean_gx"":0.4000,""gx"":[1.7482,1.7123,1.6767,1.6424,1.6107,1.5824,1.5587,1.5401,1.5274,1.5209,1.5208,1.5271,1.5397,1.5581,1.5818,1.6099,1.6415,1.6757,1.7114,1.7473,1.7823,1.8153,1.8453,1.8712,1.8922,1.9076,1.9170,1.9200,1.9165,1.9068,1.8909,1.8696],""mean_gy"":0.5000,""gy"":[1.6686,1.6477,1.6323,1.6230,1.6200,1.6235,1.6334,1.6492,1.6706,1.6969,1.7271,1.7603,1.7954,1.8314,1.8669,1.9010,1.9324,1.9602,1.9835,2.0015,2.0136,2.0195,2.0189,2.0119,1.9987,1.9797,1.9556,1.9270,1.8951,1.8607,1.8250,1.7891],""mean_gz"":0.6000,""gz"":[1.7282,1.7415,1.7605,1.7847,1.8132,1.8452,1.8796,1.9154,1.9512,1.9861,2.0188,2.0484,2.0737,2.0942,2.1089,2.1176,2.1199,2.1158,2.1053,2.0888,2.0669,2.0402,2.0096,1.9762,1.9409,1.9050,1.8695,1.8357,1.8046,1.7772,1.7544,1.7370],""relayed_by"":2}"
2026-07-17T06:04:53,health_monitor/node_2/cs_ppg,312,"{""ts"":136039,""hr"":79,""spo2"":98.0,""ppg_valid"":true,""finger"":true,""mean_ir"":0.5500,""ir"":[0.6800,0.7341,0.7846,0.8290,0.8651,0.8910,0.9054,0.9073,0.8965,0.8733,0.8384,0.7934,0.7401,0.6807,0.6179,0.5542,0.4926,0.4356,0.3857,0.3449,0.3150,0.2972,0.2920,0.2995,0.3191,0.3497,0.3897,0.4371,0.4894,0.5443,0.5989,0.6507]}"
2026-07-17T06:04:53,health_monitor/node_1/cs_imu,1530,"{""ts"":136013,""finger"":true,""mean_ax"":0.1000,""ax"":[1.4500,1.4858,1.5205,1.5528,1.5819,1.6067,1.6264,1.6404,1.6483,1.6498,1.6448,1.6335,1.6163,1.5937,1.5665,1.5355,1.5017,1.4663,1.4304,1.3950,1.3615,1.3308,1.3040,1.2819,1.2652,1.2545,1.2501,1.2522,1.2606,1.2752,1.2954,1.3207],""mean_ay"":0.2000,""ay"":[1.7183,1.7349,1.7456,1.7499,1.7478,1.7393,1.7246,1.7044,1.6791,1.6497,1.6170,1.5822,1.5463,1.5106,1.4761,1.4440,1.4154,1.3911,1.3719,1.3585,1.3513,1.3505,1.3561,1.3680,1.3858,1.4089,1.4365,1.4679,1.5018,1.5374,1.5733,1.6085],""mean_az"":0.3000,""az"":[1.8319,1.8140,1.7909,1.7632,1.7318,1.6978,1.6623,1.6264,1.5912,1.5579,1.5276,1.5013,1.4797,1.4637,1.4537,1.4500,1.4528,1.4620,1.4772,1.4980,1.5237,1.5536,1.5865,1.6215,1.6574,1.6930,1.7273,1.7591,1.7873,1.8111,1.8297,1.8425],""mean_gx"":0.4000,""gx"":[1.7782,1.7423,1.7067,1.6724,1.6407,1.6124,1.5887,1.5701,1.5574,1.5509,1.5508,1.5571,1.5697,1.5881,1.6118,1.6399,1.6715,1.7057,1.7414,1.7773,1.8123,1.8453,1.8753,1.9012,1.9222,1.9376,1.9470,1.9500,1.9465,1.9368,1.9209,1.8996],""mean_gy"":0.5000,""gy"":[1.6986,1.6777,1.6623,1.6530,1.6500,1.6535,1.6634,1.6792,1.7006,1.7269,1.7571,1.7903,1.8254,1.8614,1.8969,1.9310,1.9624,1.9902,2.0135,2.0315,2.0436,2.0495,2.0489,2.0419,2.0287,2.0097,1.9856,1.9570,1.9251,1.8907,1.8550,1.8191],""mean_gz"":0.6000,""gz"":[1.7582,1.7715,1.7905,1.8147,1.8432,1.8752,1.9096,1.9454,1.9812,2.0161,2.0488,2.0784,2.1037,2.1242,2.1389,2.1476,2.1499,2.1458,2.1353,2.1188,2.0969,2.0702,2.0396,2.0062,1.9709,1.9350,1.8995,1.8657,1.8346,1.8072,1.7844,1.7670],""relayed_by"":2}"
2026-07-17T06:04:56,health_monitor/node_2/cs_ppg,312,"{""ts"":139064,""hr"":79,""spo2"":98.0,""ppg_valid"":true,""finger"":true,""mean_ir"":0.5500,""ir"":[0.6900,0.7441,0.7946,0.8390,0.8751,0.9010,0.9154,0.9173,0.9065,0.8833,0.8484,0.8034,0.7501,0.6907,0.6279,0.5642,0.5026,0.4456,0.3957,0.3549,0.3250,0.3072,0.3020,0.3095,0.3291,0.3597,0.3997,0.4471,0.4994,0.5543,0.6089,0.6607]}"
2026-07-17T06:04:56,health_monitor/node_1/cs_imu,1530,"{""ts"":139040,""finger"":true,""mean_ax"":0.1000,""ax"":[1.4800,1.5158,1.5505,1.5828,1.6119,1.6367,1.6564,1.6704,1.6783,1.6798,1.6748,1.6635,1.6463,1.6237,1.5965,1.5655,1.5317,1.4963,1.4604,1.4250,1.3915,1.3608,1.3340,1.3119,1.2952,1.2845,1.2801,1.2822,1.2906,1.3052,1.3254,1.3507],""mean_ay"":0.2000,""ay"":[1.7483,1.7649,1.7756,1.7799,1.7778,1.7693,1.7546,1.7344,1.7091,1.6797,1.6470,1.6122,1.5763,1.5406,1.5061,1.4740,1.4454,1.4211,1.4019,1.3885,1.3813,1.3805,1.3861,1.3980,1.4158,1.4389,1.4665,1.4979,1.5318,1.5674,1.6033,1.6385],""mean_az"":0.3000,""az"":[1.8619,1.8440,1.8209,1.7932,1.7618,1.7278,1.6923,1.6564,1.6212,1.5879,1.5576,1.5313,1.5097,1.4937,1.4837,1.4800,1.4828,1.4920,1.5072,1.5280,1.5537,1.5836,1.6165,1.6515,1.6874,1.7230,1.7573,1.7891,1.8173,1.8411,1.8597,1.8725],""mean_gx"":0.4000,""gx"":[1.8082,1.7723,1.7367,1.7024,1.6707,1.6424,1.6187,1.6001,1.5874,1.5809,1.5808,1.5871,1.5997,1.6181,1.6418,1.6699,1.7015,1.7357,1.7714,1.8073,1.8423,1.8753,1.9053,1.9312,1.9522,1.9676,1.9770,1.9800,1.9765,1.9668,1.9509,1.9296],""mean_gy"":0.5000,""gy"":[1.7286,1.7077,1.6923,1.6830,1.6800,1.6835,1.6934,1.7092,1.7306,1.7569,1.7871,1.8203,1.8554,1.8914,1.9269,1.9610,1.9924,2.0202,2.0435,2.0615,2.0736,2.0795,2.0789,2.0719,2.0587,2.0397,2.0156,1.9870,1.9551,1.9207,1.8850,1.8491],""mean_gz"":0.6000,""gz"":[1.7882,1.8015,1.8205,1.8447,1.8732,1.9052,1.9396,1.9754,2.0112,2.0461,2.0788,2.1084,2.1337,2.1542,2.1689,2.1776,2.1799,2.1758,2.1653,2.1488,2.1269,2.1002,2.0696,2.0362,2.0009,1.9650,1.9295,1.8957,1.8646,1.8372,1.8144,1.7970],""relayed_by"":2}"
2026-07-17T06:04:59,health_monitor/node_2/cs_ppg,312,"{""ts"":142089,""hr"":79,""spo2"":98.0,""ppg_valid"":true,""finger"":true,""mean_ir"":0.5500,""ir"":[0.7000,0.7541,0.8046,0.8490,0.8851,0.9110,0.9254,0.9273,0.9165,0.8933,0.8584,0.8134,0.7601,0.7007,0.6379,0.5742,0.5126,0.4556,0.4057,0.3649,0.3350,0.3172,0.3120,0.3195,0.3391,0.3697,0.4097,0.4571,0.5094,0.5643,0.6189,0.6707]}"
2026-07-17T06:04:59,health_monitor/node_1/cs_imu,1515,"{""ts"":142065,""finger"":true,""mean_ax"":0.1000,""ax"":[1.5100,1.5458,1.5805,1.6128,1.6419,1.6667,1.6864,1.7004,1.7083,1.7098,1.7048,1.6935,1.6763,1.6537,1.6265,1.5955,1.5617,1.5263,1.4904,1.4550,1.4215,1.3908,1.3640,1.3419,1.3252,1.3145,1.3101,1.3122,1.3206,1.3352,1.3554,1.3807],""mean_ay"":0.2000,""ay"":[1.7783,1.7949,1.8056,1.8099,1.8078,1.7993,1.7846,1.7644,1.7391,1.7097,1.6770,1.6422,1.6063,1.5706,1.5361,1.5040,1.4754,1.4511,1.4319,1.4185,1.4113,1.4105,1.4161,1.4280,1.4458,1.4689,1.4965,1.5279,1.5618,1.5974,1.6333,1.6685],""mean_az"":0.3000,""az"":[1.8919,1.8740,1.8509,1.8232,1.7918,1.7578,1.7223,1.6864,1.6512,1.6179,1.5876,1.5613,1.5397,1.5237,1.5137,1.5100,1.5128,1.5220,1.5372,1.5580,1.5837,1.6136,1.6465,1.6815,1.7174,1.7530,1.7873,1.8191,1.8473,1.8711,1.8897,1.9025],""mean_gx"":0.4000,""gx"":[1.8382,1.8023,1.7667,1.7324,1.7007,1.6724,1.6487,1.6301,1.6174,1.6109,1.6108,1.6171,1.6297,1.6481,1.6718,1.6999,1.7315,1.7657,1.8014,1.8373,1.8723,1.9053,1.9353,1.9612,1.9822,1.9976,2.0070,2.0100,2.0065,1.9968,1.9809,1.9596],""mean_gy"":0.5000,""gy"":[1.7586,1.7377,1.7223,1.7130,1.7100,1.7135,1.7234,1.7392,1.7606,1.7869,1.8171,1.8503,1.8854,1.9214,1.9569,1.9910,2.0224,2.0502,2.0735,2.0915,2.1036,2.1095,2.1089,2.1019,2.0887,2.0697,2.0456,2.0170,1.9851,1.9507,1.9150,1.8791],""mean_gz"":0.6000,""gz"":[1.8182,1.8315,1.8505,1.8747,1.9032,1.9352,1.9696,2.0054,2.0412,2.0761,2.1088,2.1384,2.1637,2.1842,2.1989,2.2076,2.2099,2.2058,2.1953,2.1788,2.1569,2.1302,2.0996,2.0662,2.0309,1.9950,1.9595,1.9257,1.8946,1.8672,1.8444,1.8270]}"
2026-07-17T06:05:02,health_monitor/node_2/cs_ppg,312,"{""ts"":145112,""hr"":79,""spo2"":98.0,""ppg_valid"":true,""finger"":true,""mean_ir"":0.5500,""ir"":[0.7100,0.7641,0.8146,0.8590,0.8951,0.9210,0.9354,0.9373,0.9265,0.9033,0.8684,0.8234,0.7701,0.7107,0.6479,0.5842,0.5226,0.4656,0.4157,0.3749,0.3450,0.3272,0.3220,0.3295,0.3491,0.3797,0.4197,0.4671,0.5194,0.5743,0.6289,0.6807]}"
2026-07-17T06:05:02,health_monitor/node_1/cs_imu,1515,"{""ts"":145100,""finger"":true,""mean_ax"":0.1000,""ax"":[1.5400,1.5758,1.6105,1.6428,1.6719,1.6967,1.7164,1.7304,1.7383,1.7398,1.7348,1.7235,1.7063,1.6837,1.6565,1.6255,1.5917,1.5563,1.5204,1.4850,1.4515,1.4208,1.3940,1.3719,1.3552,1.3445,1.3401,1.3422,1.3506,1.3652,1.3854,1.4107],""mean_ay"":0.2000,""ay"":[1.8083,1.8249,1.8356,1.8399,1.8378,1.8293,1.8146,1.7944,1.7691,1.7397,1.7070,1.6722,1.6363,1.6006,1.5661,1.5340,1.5054,1.4811,1.4619,1.4485,1.4413,1.4405,1.4461,1.4580,1.4758,1.4989,1.5265,1.5579,1.5918,1.6274,1.6633,1.6985],""mean_az"":0.3000,""az"":[1.9219,1.9040,1.8809,1.8532,1.8218,1.7878,1.7523,1.7164,1.6812,1.6479,1.6176,1.5913,1.5697,1.5537,1.5437,1.5400,1.5428,1.5520,1.5672,1.5880,1.6137,1.6436,1.6765,1.7115,1.7474,1.7830,1.8173,1.8491,1.8773,1.9011,1.9197,1.9325],""mean_gx"":0.4000,""gx"":[1.8682,1.8323,1.7967,1.7624,1.7307,1.7024,1.6787,1.6601,1.6474,1.6409,1.6408,1.6471,1.6597,1.6781,1.7018,1.7299,1.7615,1.7957,1.8314,1.8673,1.9023,1.9353,1.9653,1.9912,2.0122,2.0276,2.0370,2.0400,2.0365,2.0268,2.0109,1.9896],""mean_gy"":0.5000,""gy"":[1.7886,1.7677,1.7523,1.7430,1.7400,1.7435,1.7534,1.7692,1.7906,1.8169,1.8471,1.8803,1.9154,1.9514,1.9869,2.0210,2.0524,2.0802,2.1035,2.1215,2.1336,2.1395,2.1389,2.1319,2.1187,2.0997,2.0756,2.0470,2.0151,1.9807,1.9450,1.9091],""mean_gz"":0.6000,""gz"":[1.8482,1.8615,1.8805,1.9047,1.9332,1.9652,1.9996,2.0354,2.0712,2.1061,2.1388,2.1684,2.1937,2.2142,2.2289,2.2376,2.2399,2.2358,2.2253,2.2088,2.1869,2.1602,2.1296,2.0962,2.0609,2.0250,1.9895,1.9557,1.9246,1.8972,1.8744,1.8570]}"
2026-07-17T06:05:05,health_monitor/node_2/cs_ppg,312,"{""ts"":148139,""hr"":79,""spo2"":98.0,""ppg_valid"":true,""finger"":true,""mean_ir"":0.5500,""ir"":[0.7200,0.7741,0.8246,0.8690,0.9051,0.9310,0.9454,0.9473,0.9365,0.9133,0.8784,0.8334,0.7801,0.7207,0.6579,0.5942,0.5326,0.4756,0.4257,0.3849,0.3550,0.3372,0.3320,0.3395,0.3591,0.3897,0.4297,0.4771,0.5294,0.5843,0.6389,0.6907]}"
2026-07-17T06:05:05,health_monitor/node_1/cs_imu,1515,"{""ts"":148128,""finger"":true,""mean_ax"":0.1000,""ax"":[1.5700,1.6058,1.6405,1.6728,1.7019,1.7267,1.7464,1.7604,1.7683,1.7698,1.7648,1.7535,1.7363,1.7137,1.6865,1.6555,1.6217,1.5863,1.5504,1.5150,1.4815,1.4508,1.4240,1.4019,1.3852,1.3745,1.3701,1.3722,1.3806,1.3952,1.4154,1.4407],""mean_ay"":0.2000,""ay"":[1.8383,1.8549,1.8656,1.8699,1.8678,1.8593,1.8446,1.8244,1.7991,1.7697,1.7370,1.7022,1.6663,1.6306,1.5961,1.5640,1.5354,1.5111,1.4919,1.4785,1.4713,1.4705,1.4761,1.4880,1.5058,1.5289,1.5565,1.5879,1.6218,1.6574,1.6933,1.7285],""mean_az"":0.3000,""az"":[1.9519,1.9340,1.9109,1.8832,1.8518,1.8178,1.7823,1.7464,1.7112,1.6779,1.6476,1.6213,1.5997,1.5837,1.5737,1.5700,1.5728,1.5820,1.5972,1.6180,1.6437,1.6736,1.7065,1.7415,1.7774,1.8130,1.8473,1.8791,1.9073,1.9311,1.9497,1.9625],""mean_gx"":0.4000,""gx"":[1.8982,1.8623,1.8267,1.7924,1.7607,1.7324,1.7087,1.6901,1.6774,1.6709,1.6708,1.6771,1.6897,1.7081,1.7318,1.7599,1.7915,1.8257,1.8614,1.8973,1.9323,1.9653,1.9953,2.0212,2.0422,2.0576,2.0670,2.0700,2.0665,2.0568,2.0409,2.0196],""mean_gy"":0.5000,""gy"":[1.8186,1.7977,1.7823,1.7730,1.7700,1.7735,1.7834,1.7992,1.8206,1.8469,1.8771,1.9103,1.9454,1.9814,2.0169,2.0510,2.0824,2.1102,2.1335,2.1515,2.1636,2.1695,2.1689,2.1619,2.1487,2.1297,2.1056,2.0770,2.0451,2.0107,1.9750,1.9391],""mean_gz"":0.6000,""gz"":[1.8782,1.8915,1.9105,1.9347,1.9632,1.9952,2.0296,2.0654,2.1012,2.1361,2.1688,2.1984,2.2237,2.2442,2.2589,2.2676,2.2699,2.2658,2.2553,2.2388,2.2169,2.1902,2.1596,2.1262,2.0909,2.0550,2.0195,1.9857,1.9546,1.9272,1.9044,1.8870]}"
2026-07-17T06:05:08,health_monitor/node_2/cs_ppg,312,"{""ts"":151167,""hr"":79,""spo2"":98.0,""ppg_valid"":true,""finger"":true,""mean_ir"":0.5500,""ir"":[0.6300,0.6841,0.7346,0.7790,0.8151,0.8410,0.8554,0.8573,0.8465,0.8233,0.7884,0.7434,0.6901,0.6307,0.5679,0.5042,0.4426,0.3856,0.3357,0.2949,0.2650,0.2472,0.2420,0.2495,0.2691,0.2997,0.3397,0.3871,0.4394,0.4943,0.5489,0.6007]}"
2026-07-17T06:05:08,health_monitor/node_1/cs_imu,1515,"{""ts"":151161,""finger"":true,""mean_ax"":0.1000,""ax"":[1.6000,1.6358,1.6705,1.7028,1.7319,1.7567,1.7764,1.7904,1.7983,1.7998,1.7948,1.7835,1.7663,1.7437,1.7165,1.6855,1.6517,1.6163,1.5804,1.5450,1.5115,1.4808,1.4540,1.4319,1.4152,1.4045,1.4001,1.4022,1.4106,1.4252,1.4454,1.4707],""mean_ay"":0.2000,""ay"":[1.8683,1.8849,1.8956,1.8999,1.8978,1.8893,1.8746,1.8544,1.8291,1.7997,1.7670,1.7322,1.6963,1.6606,1.6261,1.5940,1.5654,1.5411,1.5219,1.5085,1.5013,1.5005,1.5061,1.5180,1.5358,1.5589,1.5865,1.6179,1.6518,1.6874,1.7233,1.7585],""mean_az"":0.3000,""az"":[1.9819,1.9640,1.9409,1.9132,1.8818,1.8478,1.8123,1.7764,1.7412,1.7079,1.6776,1.6513,1.6297,1.6137,1.6037,1.6000,1.6028,1.6120,1.6272,1.6480,1.6737,1.7036,1.7365,1.7715,1.8074,1.8430,1.8773,1.9091,1.9373,1.9611,1.9797,1.9925],""mean_gx"":0.4000,""gx"":[1.9282,1.8923,1.8567,1.8224,1.7907,1.7624,1.7387,1.7201,1.7074,1.7009,1.7008,1.7071,1.7197,1.7381,1.7618,1.7899,1.8215,1.8557,1.8914,1.9273,1.9623,1.9953,2.0253,2.0512,2.0722,2.0876,2.0970,2.1000,2.0965,2.0868,2.0709,2.0496],""mean_gy"":0.5000,""gy"":[1.8486,1.8277,1.8123,1.8030,1.8000,1.8035,1.8134,1.8292,1.8506,1.8769,1.9071,1.9403,1.9754,2.0114,2.0469,2.0810,2.1124,2.1402,2.1635,2.1815,2.1936,2.1995,2.1989,2.1919,2.1787,2.1597,2.1356,2.1070,2.0751,2.0407,2.0050,1.9691],""mean_gz"":0.6000,""gz"":[1.9082,1.9215,1.9405,1.9647,1.9932,2.0252,2.0596,2.0954,2.1312,2.1661,2.1988,2.2284,2.2537,2.2742,2.2889,2.2976,2.2999,2.2958,2.2853,2.2688,2.2469,2.2202,2.1896,2.1562,2.1209,2.0850,2.0495,2.0157,1.9846,1.9572,1.9344,1.9170]}"
2026-07-17T06:05:11,health_monitor/node_2/cs_ppg,312,"{""ts"":154194,""hr"":79,""spo2"":98.0,""ppg_valid"":true,""finger"":true,""mean_ir"":0.5500,""ir"":[0.6400,0.6941,0.7446,0.7890,0.8251,0.8510,0.8654,0.8673,0.8565,0.8333,0.7984,0.7534,0.7001,0.6407,0.5779,0.5142,0.4526,0.3956,0.3457,0.3049,0.2750,0.2572,0.2520,0.2595,0.2791,0.3097,0.3497,0.3971,0.4494,0.5043,0.5589,0.6107]}"
2026-07-17T06:05:11,health_monitor/node_1/cs_imu,1515,"{""ts"":154188,""finger"":true,""mean_ax"":0.1000,""ax"":[1.6300,1.6658,1.7005,1.7328,1.7619,1.7867,1.8064,1.8204,1.8283,1.8298,1.8248,1.8135,1.7963,1.7737,1.7465,1.7155,1.6817,1.6463,1.6104,1.5750,1.5415,1.5108,1.4840,1.4619,1.4452,1.4345,1.4301,1.4322,1.4406,1.4552,1.4754,1.5007],""mean_ay"":0.2000,""ay"":[1.8983,1.9149,1.9256,1.9299,1.9278,1.9193,1.9046,1.8844,1.8591,1.8297,1.7970,1.7622,1.7263,1.6906,1.6561,1.6240,1.5954,1.5711,1.5519,1.5385,1.5313,1.5305,1.5361,1.5480,1.5658,1.5889,1.6165,1.6479,1.6818,1.7174,1.7533,1.7885],""mean_az"":0.3000,""az"":[2.0119,1.9940,1.9709,1.9432,1.9118,1.8778,1.8423,1.8064,1.7712,1.7379,1.7076,1.6813,1.6597,1.6437,1.6337,1.6300,1.6328,1.6420,1.6572,1.6780,1.7037,1.7336,1.7665,1.8015,1.8374,1.8730,1.9073,1.9391,1.9673,1.9911,2.0097,2.0225],""mean_gx"":0.4000,""gx"":[1.9582,1.9223,1.8867,1.8524,1.8207,1.7924,1.7687,1.7501,1.7374,1.7309,1.7308,1.7371,1.7497,1.7681,1.7918,1.8199,1.8515,1.8857,1.9214,1.9573,1.9923,2.0253,2.0553,2.0812,2.1022,2.1176,2.1270,2.1300,2.1265,2.1168,2.1009,2.0796],""mean_gy"":0.5000,""gy"":[1.8786,1.8577,1.8423,1.8330,1.8300,1.8335,1.8434,1.8592,1.8806,1.9069,1.9371,1.9703,2.0054,2.0414,2.0769,2.1110,2.1424,2.1702,2.1935,2.2115,2.2236,2.2295,2.2289,2.2219,2.2087,2.1897,2.1656,2.1370,2.1051,2.0707,2.0350,1.9991],""mean_gz"":0.6000,""gz"":[1.9382,1.9515,1.9705,1.9947,2.0232,2.0552,2.0896,2.1254,2.1612,2.1961,2.2288,2.2584,2.2837,2.3042,2.3189,2.3276,2.3299,2.3258,2.3153,2.2988,2.2769,2.2502,2.2196,2.1862,2.1509,2.1150,2.0795,2.0457,2.0146,1.9872,1.9644,1.9470]}"
2026-07-17T06:05:14,health_monitor/node_2/cs_ppg,312,"{""ts"":157214,""hr"":79,""spo2"":98.0,""ppg_valid"":true,""finger"":true,""mean_ir"":0.5500,""ir"":[0.6500,0.7041,0.7546,0.7990,0.8351,0.8610,0.8754,0.8773,0.8665,0.8433,0.8084,0.7634,0.7101,0.6507,0.5879,0.5242,0.4626,0.4056,0.3557,0.3149,0.2850,0.2672,0.2620,0.2695,0.2891,0.3197,0.3597,0.4071,0.4594,0.5143,0.5689,0.6207]}"
2026-07-17T06:05:14,health_monitor/node_1/cs_imu,1515,"{""ts"":157213,""finger"":true,""mean_ax"":0.1000,""ax"":[1.6600,1.6958,1.7305,1.7628,1.7919,1.8167,1.8364,1.8504,1.8583,1.8598,1.8548,1.8435,1.8263,1.8037,1.7765,1.7455,1.7117,1.6763,1.6404,1.6050,1.5715,1.5408,1.5140,1.4919,1.4752,1.4645,1.4601,1.4622,1.4706,1.4852,1.5054,1.5307],""mean_ay"":0.2000,""ay"":[1.9283,1.9449,1.9556,1.9599,1.9578,1.9493,1.9346,1.9144,1.8891,1.8597,1.8270,1.7922,1.7563,1.7206,1.6861,1.6540,1.6254,1.6011,1.5819,1.5685,1.5613,1.5605,1.5661,1.5780,1.5958,1.6189,1.6465,1.6779,1.7118,1.7474,1.7833,1.8185],""mean_az"":0.3000,""az"":[2.0419,2.0240,2.0009,1.9732,1.9418,1.9078,1.8723,1.8364,1.8012,1.7679,1.7376,1.7113,1.6897,1.6737,1.6637,1.6600,1.6628,1.6720,1.6872,1.7080,1.7337,1.7636,1.7965,1.8315,1.8674,1.9030,1.9373,1.9691,1.9973,2.0211,2.0397,2.0525],""mean_gx"":0.4000,""gx"":[1.9882,1.9523,1.9167,1.8824,1.8507,1.8224,1.7987,1.7801,1.7674,1.7609,1.7608,1.7671,1.7797,1.7981,1.8218,1.8499,1.8815,1.9157,1.9514,1.9873,2.0223,2.0553,2.0853,2.1112,2.1322,2.1476,2.1570,2.1600,2.1565,2.1468,2.1309,2.1096],""mean_gy"":0.5000,""gy"":[1.9086,1.8877,1.8723,1.8630,1.8600,1.8635,1.8734,1.8892,1.9106,1.9369,1.9671,2.0003,2.0354,2.0714,2.1069,2.1410,2.1724,2.2002,2.2235,2.2415,2.2536,2.2595,2.2589,2.2519,2.2387,2.2197,2.1956,2.1670,2.1351,2.1007,2.0650,2.0291],""mean_gz"":0.6000,""gz"":[1.9682,1.9815,2.0005,2.0247,2.0532,2.0852,2.1196,2.1554,2.1912,2.2261,2.2588,2.2884,2.3137,2.3342,2.3489,2.3576,2.3599,2.3558,2.3453,2.3288,2.3069,2.2802,2.2496,2.2162,2.1809,2.1450,2.1095,2.0757,2.0446,2.0172,1.9944,1.9770]}"
2026-07-17T06:05:17,health_monitor/node_2/cs_ppg,312,"{""ts"":160237,""hr"":79,""spo2"":98.0,""ppg_valid"":true,""finger"":true,""mean_ir"":0.5500,""ir"":[0.6600,0.7141,0.7646,0.8090,0.8451,0.8710,0.8854,0.8873,0.8765,0.8533,0.8184,0.7734,0.7201,0.6607,0.5979,0.5342,0.4726,0.4156,0.3657,0.3249,0.2950,0.2772,0.2720,0.2795,0.2991,0.3297,0.3697,0.4171,0.4694,0.5243,0.5789,0.6307]}"
2026-07-17T06:05:17,health_monitor/node_1/cs_imu,1515,"{""ts"":160243,""finger"":true,""mean_ax"":0.1000,""ax"":[1.6900,1.7258,1.7605,1.7928,1.8219,1.8467,1.8664,1.8804,1.8883,1.8898,1.8848,1.8735,1.8563,1.8337,1.8065,1.7755,1.7417,1.7063,1.6704,1.6350,1.6015,1.5708,1.5440,1.5219,1.5052,1.4945,1.4901,1.4922,1.5006,1.5152,1.5354,1.5607],""mean_ay"":0.2000,""ay"":[1.9583,1.9749,1.9856,1.9899,1.9878,1.9793,1.9646,1.9444,1.9191,1.8897,1.8570,1.8222,1.7863,1.7506,1.7161,1.6840,1.6554,1.6311,1.6119,1.5985,1.5913,1.5905,1.5961,1.6080,1.6258,1.6489,1.6765,1.7079,1.7418,1.7774,1.8133,1.8485],""mean_az"":0.3000,""az"":[2.0719,2.0540,2.0309,2.0032,1.9718,1.9378,1.9023,1.8664,1.8312,1.7979,1.7676,1.7413,1.7197,1.7037,1.6937,1.6900,1.6928,1.7020,1.7172,1.7380,1.7637,1.7936,1.8265,1.8615,1.8974,1.9330,1.9673,1.9991,2.0273,2.0511,2.0697,2.0825],""mean_gx"":0.4000,""gx"":[2.0182,1.9823,1.9467,1.9124,1.8807,1.8524,1.8287,1.8101,1.7974,1.7909,1.7908,1.7971,1.8097,1.8281,1.8518,1.8799,1.9115,1.9457,1.9814,2.0173,2.0523,2.0853,2.1153,2.1412,2.1622,2.1776,2.1870,2.1900,2.1865,2.1768,2.1609,2.1396],""mean_gy"":0.5000,""gy"":[1.9386,1.9177,1.9023,1.8930,1.8900,1.8935,1.9034,1.9192,1.9406,1.9669,1.9971,2.0303,2.0654,2.1014,2.1369,2.1710,2.2024,2.2302,2.2535,2.2715,2.2836,2.2895,2.2889,2.2819,2.2687,2.2497,2.2256,2.1970,2.1651,2.1307,2.0950,2.0591],""mean_gz"":0.6000,""gz"":[1.9982,2.0115,2.0305,2.0547,2.0832,2.1152,2.1496,2.1854,2.2212,2.2561,2.2888,2.3184,2.3437,2.3642,2.3789,2.3876,2.3899,2.3858,2.3753,2.3588,2.3369,2.3102,2.2796,2.2462,2.2109,2.1750,2.1395,2.1057,2.0746,2.0472,2.0244,2.0070]}"
2026-07-17T06:05:20,health_monitor/node_2/cs_ppg,312,"{""ts"":163268,""hr"":79,""spo2"":98.0,""ppg_valid"":true,""finger"":true,""mean_ir"":0.5500,""ir"":[0.6700,0.7241,0.7746,0.8190,0.8551,0.8810,0.8954,0.8973,0.8865,0.8633,0.8284,0.7834,0.7301,0.6707,0.6079,0.5442,0.4826,0.4256,0.3757,0.3349,0.3050,0.2872,0.2820,0.2895,0.3091,0.3397,0.3797,0.4271,0.4794,0.5343,0.5889,0.6407]}"
2026-07-17T06:05:20,health_monitor/node_1/cs_imu,1515,"{""ts"":163278,""finger"":true,""mean_ax"":0.1000,""ax"":[1.7200,1.7558,1.7905,1.8228,1.8519,1.8767,1.8964,1.9104,1.9183,1.9198,1.9148,1.9035,1.8863,1.8637,1.8365,1.8055,1.7717,1.7363,1.7004,1.6650,1.6315,1.6008,1.5740,1.5519,1.5352,1.5245,1.5201,1.5222,1.5306,1.5452,1.5654,1.5907],""mean_ay"":0.2000,""ay"":[1.9883,2.0049,2.0156,2.0199,2.0178,2.0093,1.9946,1.9744,1.9491,1.9197,1.8870,1.8522,1.8163,1.7806,1.7461,1.7140,1.6854,1.6611,1.6419,1.6285,1.6213,1.6205,1.6261,1.6380,1.6558,1.6789,1.7065,1.7379,1.7718,1.8074,1.8433,1.8785],""mean_az"":0.3000,""az"":[2.1019,2.0840,2.0609,2.0332,2.0018,1.9678,1.9323,1.8964,1.8612,1.8279,1.7976,1.7713,1.7497,1.7337,1.7237,1.7200,1.7228,1.7320,1.7472,1.7680,1.7937,1.8236,1.8565,1.8915,1.9274,1.9630,1.9973,2.0291,2.0573,2.0811,2.0997,2.1125],""mean_gx"":0.4000,""gx"":[2.0482,2.0123,1.9767,1.9424,1.9107,1.8824,1.8587,1.8401,1.8274,1.8209,1.8208,1.8271,1.8397,1.8581,1.8818,1.9099,1.9415,1.9757,2.0114,2.0473,2.0823,2.1153,2.1453,2.1712,2.1922,2.2076,2.2170,2.2200,2.2165,2.2068,2.1909,2.1696],""mean_gy"":0.5000,""gy"":[1.9686,1.9477,1.9323,1.9230,1.9200,1.9235,1.9334,1.9492,1.9706,1.9969,2.0271,2.0603,2.0954,2.1314,2.1669,2.2010,2.2324,2.2602,2.2835,2.3015,2.3136,2.3195,2.3189,2.3119,2.2987,2.2797,2.2556,2.2270,2.1951,2.1607,2.1250,2.0891],""mean_gz"":0.6000,""gz"":[2.0282,2.0415,2.0605,2.0847,2.1132,2.1452,2.1796,2.2154,2.2512,2.2861,2.3188,2.3484,2.3737,2.3942,2.4089,2.4176,2.4199,2.4158,2.4053,2.3888,2.3669,2.3402,2.3096,2.2762,2.2409,2.2050,2.1695,2.1357,2.1046,2.0772,2.0544,2.0370]}"
2026-07-17T06:05:23,health_monitor/node_2/cs_ppg,312,"{""ts"":166288,""hr"":79,""spo2"":98.0,""ppg_valid"":true,""finger"":true,""mean_ir"":0.5500,""ir"":[0.6800,0.7341,0.7846,0.8290,0.8651,0.8910,0.9054,0.9073,0.8965,0.8733,0.8384,0.7934,0.7401,0.6807,0.6179,0.5542,0.4926,0.4356,0.3857,0.3449,0.3150,0.2972,0.2920,0.2995,0.3191,0.3497,0.3897,0.4371,0.4894,0.5443,0.5989,0.6507]}"
2026-07-17T06:05:23,health_monitor/node_1/cs_imu,1515,"{""ts"":166305,""finger"":true,""mean_ax"":0.1000,""ax"":[1.7500,1.7858,1.8205,1.8528,1.8819,1.9067,1.9264,1.9404,1.9483,1.9498,1.9448,1.9335,1.9163,1.8937,1.8665,1.8355,1.8017,1.7663,1.7304,1.6950,1.6615,1.6308,1.6040,1.5819,1.5652,1.5545,1.5501,1.5522,1.5606,1.5752,1.5954,1.6207],""mean_ay"":0.2000,""ay"":[2.0183,2.0349,2.0456,2.0499,2.0478,2.0393,2.0246,2.0044,1.9791,1.9497,1.9170,1.8822,1.8463,1.8106,1.7761,1.7440,1.7154,1.6911,1.6719,1.6585,1.6513,1.6505,1.6561,1.6680,1.6858,1.7089,1.7365,1.7679,1.8018,1.8374,1.8733,1.9085],""mean_az"":0.3000,""az"":[2.1319,2.1140,2.0909,2.0632,2.0318,1.9978,1.9623,1.9264,1.8912,1.8579,1.8276,1.8013,1.7797,1.7637,1.7537,1.7500,1.7528,1.7620,1.7772,1.7980,1.8237,1.8536,1.8865,1.9215,1.9574,1.9930,2.0273,2.0591,2.0873,2.1111,2.1297,2.1425],""mean_gx"":0.4000,""gx"":[2.0782,2.0423,2.0067,1.9724,1.9407,1.9124,1.8887,1.8701,1.8574,1.8509,1.8508,1.8571,1.8697,1.8881,1.9118,1.9399,1.9715,2.0057,2.0414,2.0773,2.1123,2.1453,2.1753,2.2012,2.2222,2.2376,2.2470,2.2500,2.2465,2.2368,2.2209,2.1996],""mean_gy"":0.5000,""gy"":[1.9986,1.9777,1.9623,1.9530,1.9500,1.9535,1.9634,1.9792,2.0006,2.0269,2.0571,2.0903,2.1254,2.1614,2.1969,2.2310,2.2624,2.2902,2.3135,2.3315,2.3436,2.3495,2.3489,2.3419,2.3287,2.3097,2.2856,2.2570,2.2251,2.1907,2.1550,2.1191],""mean_gz"":0.6000,""gz"":[2.0582,2.0715,2.0905,2.1147,2.1432,2.1752,2.2096,2.2454,2.2812,2.3161,2.3488,2.3784,2.4037,2.4242,2.4389,2.4476,2.4499,2.4458,2.4353,2.4188,2.3969,2.3702,2.3396,2.3062,2.2709,2.2350,2.1995,2.1657,2.1346,2.1072,2.0844,2.0670]}"
2026-07-17T06:05:26,health_monitor/node_2/cs_ppg,312,"{""ts"":169315,""hr"":79,""spo2"":98.0,""ppg_valid"":true,""finger"":true,""mean_ir"":0.5500,""ir"":[0.6900,0.7441,0.7946,0.8390,0.8751,0.9010,0.9154,0.9173,0.9065,0.8833,0.8484,0.8034,0.7501,0.6907,0.6279,0.5642,0.5026,0.4456,0.3957,0.3549,0.3250,0.3072,0.3020,0.3095,0.3291,0.3597,0.3997,0.4471,0.4994,0.5543,0.6089,0.6607]}"
2026-07-17T06:05:26,health_monitor/node_1/cs_imu,1515,"{""ts"":169335,""finger"":true,""mean_ax"":0.1000,""ax"":[1.7800,1.8158,1.8505,1.8828,1.9119,1.9367,1.9564,1.9704,1.9783,1.9798,1.9748,1.9635,1.9463,1.9237,1.8965,1.8655,1.8317,1.7963,1.7604,1.7250,1.6915,1.6608,1.6340,1.6119,1.5952,1.5845,1.5801,1.5822,1.5906,1.6052,1.6254,1.6507],""mean_ay"":0.2000,""ay"":[2.0483,2.0649,2.0756,2.0799,2.0778,2.0693,2.0546,2.0344,2.0091,1.9797,1.9470,1.9122,1.8763,1.8406,1.8061,1.7740,1.7454,1.7211,1.7019,1.6885,1.6813,1.6805,1.6861,1.6980,1.7158,1.7389,1.7665,1.7979,1.8318,1.8674,1.9033,1.9385],""mean_az"":0.3000,""az"":[2.1619,2.1440,2.1209,2.0932,2.0618,2.0278,1.9923,1.9564,1.9212,1.8879,1.8576,1.8313,1.8097,1.7937,1.7837,1.7800,1.7828,1.7920,1.8072,1.8280,1.8537,1.8836,1.9165,1.9515,1.9874,2.0230,2.0573,2.0891,2.1173,2.1411,2.1597,2.1725],""mean_gx"":0.4000,""gx"":[2.1082,2.0723,2.0367,2.0024,1.9707,1.9424,1.9187,1.9001,1.8874,1.8809,1.8808,1.8871,1.8997,1.9181,1.9418,1.9699,2.0015,2.0357,2.0714,2.1073,2.1423,2.1753,2.2053,2.2312,2.2522,2.2676,2.2770,2.2800,2.2765,2.2668,2.2509,2.2296],""mean_gy"":0.5000,""gy"":[2.0286,2.0077,1.9923,1.9830,1.9800,1.9835,1.9934,2.0092,2.0306,2.0569,2.0871,2.1203,2.1554,2.1914,2.2269,2.2610,2.2924,2.3202,2.3435,2.3615,2.3736,2.3795,2.3789,2.3719,2.3587,2.3397,2.3156,2.2870,2.2551,2.2207,2.1850,2.1491],""mean_gz"":0.6000,""gz"":[2.0882,2.1015,2.1205,2.1447,2.1732,2.2052,2.2396,2.2754,2.3112,2.3461,2.3788,2.4084,2.4337,2.4542,2.4689,2.4776,2.4799,2.4758,2.4653,2.4488,2.4269,2.4002,2.3696,2.3362,2.3009,2.2650,2.2295,2.1957,2.1646,2.1372,2.1144,2.0970]}"
2026-07-17T06:05:29,health_monitor/node_2/cs_ppg,312,"{""ts"":172329,""hr"":79,""spo2"":98.0,""ppg_valid"":true,""finger"":true,""mean_ir"":0.5500,""ir"":[0.7000,0.7541,0.8046,0.8490,0.8851,0.9110,0.9254,0.9273,0.9165,0.8933,0.8584,0.8134,0.7601,0.7007,0.6379,0.5742,0.5126,0.4556,0.4057,0.3649,0.3350,0.3172,0.3120,0.3195,0.3391,0.3697,0.4097,0.4571,0.5094,0.5643,0.6189,0.6707]}"
2026-07-17T06:05:29,health_monitor/node_1/cs_imu,1515,"{""ts"":172363,""finger"":true,""mean_ax"":0.1000,""ax"":[1.8100,1.8458,1.8805,1.9128,1.9419,1.9667,1.9864,2.0004,2.0083,2.0098,2.0048,1.9935,1.9763,1.9537,1.9265,1.8955,1.8617,1.8263,1.7904,1.7550,1.7215,1.6908,1.6640,1.6419,1.6252,1.6145,1.6101,1.6122,1.6206,1.6352,1.6554,1.6807],""mean_ay"":0.2000,""ay"":[2.0783,2.0949,2.1056,2.1099,2.1078,2.0993,2.0846,2.0644,2.0391,2.0097,1.9770,1.9422,1.9063,1.8706,1.8361,1.8040,1.7754,1.7511,1.7319,1.7185,1.7113,1.7105,1.7161,1.7280,1.7458,1.7689,1.7965,1.8279,1.8618,1.8974,1.9333,1.9685],""mean_az"":0.3000,""az"":[2.1919,2.1740,2.1509,2.1232,2.0918,2.0578,2.0223,1.9864,1.9512,1.9179,1.8876,1.8613,1.8397,1.8237,1.8137,1.8100,1.8128,1.8220,1.8372,1.8580,1.8837,1.9136,1.9465,1.9815,2.0174,2.0530,2.0873,2.1191,2.1473,2.1711,2.1897,2.2025],""mean_gx"":0.4000,""gx"":[2.1382,2.1023,2.0667,2.0324,2.0007,1.9724,1.9487,1.9301,1.9174,1.9109,1.9108,1.9171,1.9297,1.9481,1.9718,1.9999,2.0315,2.0657,2.1014,2.1373,2.1723,2.2053,2.2353,2.2612,2.2822,2.2976,2.3070,2.3100,2.3065,2.2968,2.2809,2.2596],""mean_gy"":0.5000,""gy"":[2.0586,2.0377,2.0223,2.0130,2.0100,2.0135,2.0234,2.0392,2.0606,2.0869,2.1171,2.1503,2.1854,2.2214,2.2569,2.2910,2.3224,2.3502,2.3735,2.3915,2.4036,2.4095,2.4089,2.4019,2.3887,2.3697,2.3456,2.3170,2.2851,2.2507,2.2150,2.1791],""mean_gz"":0.6000,""gz"":[2.1182,2.1315,2.1505,2.1747,2.2032,2.2352,2.2696,2.3054,2.3412,2.3761,2.4088,2.4384,2.4637,2.4842,2.4989,2.5076,2.5099,2.5058,2.4953,2.4788,2.4569,2.4302,2.3996,2.3662,2.3309,2.2950,2.2595,2.2257,2.1946,2.1672,2.1444,2.1270]}"
2026-07-17T06:05:32,health_monitor/node_2/cs_ppg,312,"{""ts"":175347,""hr"":79,""spo2"":98.0,""ppg_valid"":true,""finger"":true,""mean_ir"":0.5500,""ir"":[0.7100,0.7641,0.8146,0.8590,0.8951,0.9210,0.9354,0.9373,0.9265,0.9033,0.8684,0.8234,0.7701,0.7107,0.6479,0.5842,0.5226,0.4656,0.4157,0.3749,0.3450,0.3272,0.3220,0.3295,0.3491,0.3797,0.4197,0.4671,0.5194,0.5743,0.6289,0.6807]}"
2026-07-17T06:05:32,health_monitor/node_1/cs_imu,1515,"{""ts"":175388,""finger"":true,""mean_ax"":0.1000,""ax"":[1.8400,1.8758,1.9105,1.9428,1.9719,1.9967,2.0164,2.0304,2.0383,2.0398,2.0348,2.0235,2.0063,1.9837,1.9565,1.9255,1.8917,1.8563,1.8204,1.7850,1.7515,1.7208,1.6940,1.6719,1.6552,1.6445,1.6401,1.6422,1.6506,1.6652,1.6854,1.7107],""mean_ay"":0.2000,""ay"":[2.1083,2.1249,2.1356,2.1399,2.1378,2.1293,2.1146,2.0944,2.0691,2.0397,2.0070,1.9722,1.9363,1.9006,1.8661,1.8340,1.8054,1.7811,1.7619,1.7485,1.7413,1.7405,1.7461,1.7580,1.7758,1.7989,1.8265,1.8579,1.8918,1.9274,1.9633,1.9985],""mean_az"":0.3000,""az"":[2.2219,2.2040,2.1809,2.1532,2.1218,2.0878,2.0523,2.0164,1.9812,1.9479,1.9176,1.8913,1.8697,1.8537,1.8437,1.8400,1.8428,1.8520,1.8672,1.8880,1.9137,1.9436,1.9765,2.0115,2.0474,2.0830,2.1173,2.1491,2.1773,2.2011,2.2197,2.2325],""mean_gx"":0.4000,""gx"":[2.1682,2.1323,2.0967,2.0624,2.0307,2.0024,1.9787,1.9601,1.9474,1.9409,1.9408,1.9471,1.9597,1.9781,2.0018,2.0299,2.0615,2.0957,2.1314,2.1673,2.2023,2.2353,2.2653,2.2912,2.3122,2.3276,2.3370,2.3400,2.3365,2.3268,2.3109,2.2896],""mean_gy"":0.5000,""gy"":[2.0886,2.0677,2.0523,2.0430,2.0400,2.0435,2.0534,2.0692,2.0906,2.1169,2.1471,2.1803,2.2154,2.2514,2.2869,2.3210,2.3524,2.3802,2.4035,2.4215,2.4336,2.4395,2.4389,2.4319,2.4187,2.3997,2.3756,2.3470,2.3151,2.2807,2.2450,2.2091],""mean_gz"":0.6000,""gz"":[2.1482,2.1615,2.1805,2.2047,2.2332,2.2652,2.2996,2.3354,2.3712,2.4061,2.4388,2.4684,2.4937,2.5142,2.5289,2.5376,2.5399,2.5358,2.5253,2.5088,2.4869,2.4602,2.4296,2.3962,2.3609,2.3250,2.2895,2.2557,2.2246,2.1972,2.1744,2.1570]}"
2026-07-17T06:05:35,health_monitor/node_2/cs_ppg,312,"{""ts"":178371,""hr"":79,""spo2"":98.0,""ppg_valid"":true,""finger"":true,""mean_ir"":0.5500,""ir"":[0.7200,0.7741,0.8246,0.8690,0.9051,0.9310,0.9454,0.9473,0.9365,0.9133,0.8784,0.8334,0.7801,0.7207,0.6579,0.5942,0.5326,0.4756,0.4257,0.3849,0.3550,0.3372,0.3320,0.3395,0.3591,0.3897,0.4297,0.4771,0.5294,0.5843,0.6389,0.6907]}"
2026-07-17T06:05:35,health_monitor/node_1/cs_imu,1515,"{""ts"":178420,""finger"":true,""mean_ax"":0.1000,""ax"":[1.8700,1.9058,1.9405,1.9728,2.0019,2.0267,2.0464,2.0604,2.0683,2.0698,2.0648,2.0535,2.0363,2.0137,1.9865,1.9555,1.9217,1.8863,1.8504,1.8150,1.7815,1.7508,1.7240,1.7019,1.6852,1.6745,1.6701,1.6722,1.6806,1.6952,1.7154,1.7407],""mean_ay"":0.2000,""ay"":[2.1383,2.1549,2.1656,2.1699,2.1678,2.1593,2.1446,2.1244,2.0991,2.0697,2.0370,2.0022,1.9663,1.9306,1.8961,1.8640,1.8354,1.8111,1.7919,1.7785,1.7713,1.7705,1.7761,1.7880,1.8058,1.8289,1.8565,1.8879,1.9218,1.9574,1.9933,2.0285],""mean_az"":0.3000,""az"":[2.2519,2.2340,2.2109,2.1832,2.1518,2.1178,2.0823,2.0464,2.0112,1.9779,1.9476,1.9213,1.8997,1.8837,1.8737,1.8700,1.8728,1.8820,1.8972,1.9180,1.9437,1.9736,2.0065,2.0415,2.0774,2.1130,2.1473,2.1791,2.2073,2.2311,2.2497,2.2625],""mean_gx"":0.4000,""gx"":[2.1982,2.1623,2.1267,2.0924,2.0607,2.0324,2.0087,1.9901,1.9774,1.9709,1.9708,1.9771,1.9897,2.0081,2.0318,2.0599,2.0915,2.1257,2.1614,2.1973,2.2323,2.2653,2.2953,2.3212,2.3422,2.3576,2.3670,2.3700,2.3665,2.3568,2.3409,2.3196],""mean_gy"":0.5000,""gy"":[2.1186,2.0977,2.0823,2.0730,2.0700,2.0735,2.0834,2.0992,2.1206,2.1469,2.1771,2.2103,2.2454,2.2814,2.3169,2.3510,2.3824,2.4102,2.4335,2.4515,2.4636,2.4695,2.4689,2.4619,2.4487,2.4297,2.4056,2.3770,2.3451,2.3107,2.2750,2.2391],""mean_gz"":0.6000,""gz"":[2.1782,2.1915,2.2105,2.2347,2.2632,2.2952,2.3296,2.3654,2.4012,2.4361,2.4688,2.4984,2.5237,2.5442,2.5589,2.5676,2.5699,2.5658,2.5553,2.5388,2.5169,2.4902,2.4596,2.4262,2.3909,2.3550,2.3195,2.2857,2.2546,2.2272,2.2044,2.1870]}"
2026-07-17T06:05:38,health_monitor/node_2/cs_ppg,312,"{""ts"":181401,""hr"":79,""spo2"":98.0,""ppg_valid"":true,""finger"":true,""mean_ir"":0.5500,""ir"":[0.6300,0.6841,0.7346,0.7790,0.8151,0.8410,0.8554,0.8573,0.8465,0.8233,0.7884,0.7434,0.6901,0.6307,0.5679,0.5042,0.4426,0.3856,0.3357,0.2949,0.2650,0.2472,0.2420,0.2495,0.2691,0.2997,0.3397,0.3871,0.4394,0.4943,0.5489,0.6007]}"
2026-07-17T06:05:38,health_monitor/node_1/cs_imu,1530,"{""ts"":181457,""finger"":true,""mean_ax"":0.1000,""ax"":[1.9000,1.9358,1.9705,2.0028,2.0319,2.0567,2.0764,2.0904,2.0983,2.0998,2.0948,2.0835,2.0663,2.0437,2.0165,1.9855,1.9517,1.9163,1.8804,1.8450,1.8115,1.7808,1.7540,1.7319,1.7152,1.7045,1.7001,1.7022,1.7106,1.7252,1.7454,1.7707],""mean_ay"":0.2000,""ay"":[2.1683,2.1849,2.1956,2.1999,2.1978,2.1893,2.1746,2.1544,2.1291,2.0997,2.0670,2.0322,1.9963,1.9606,1.9261,1.8940,1.8654,1.8411,1.8219,1.8085,1.8013,1.8005,1.8061,1.8180,1.8358,1.8589,1.8865,1.9179,1.9518,1.9874,2.0233,2.0585],""mean_az"":0.3000,""az"":[2.2819,2.2640,2.2409,2.2132,2.1818,2.1478,2.1123,2.0764,2.0412,2.0079,1.9776,1.9513,1.9297,1.9137,1.9037,1.9000,1.9028,1.9120,1.9272,1.9480,1.9737,2.0036,2.0365,2.0715,2.1074,2.1430,2.1773,2.2091,2.2373,2.2611,2.2797,2.2925],""mean_gx"":0.4000,""gx"":[2.2282,2.1923,2.1567,2.1224,2.0907,2.0624,2.0387,2.0201,2.0074,2.0009,2.0008,2.0071,2.0197,2.0381,2.0618,2.0899,2.1215,2.1557,2.1914,2.2273,2.2623,2.2953,2.3253,2.3512,2.3722,2.3876,2.3970,2.4000,2.3965,2.3868,2.3709,2.3496],""mean_gy"":0.5000,""gy"":[2.1486,2.1277,2.1123,2.1030,2.1000,2.1035,2.1134,2.1292,2.1506,2.1769,2.2071,2.2403,2.2754,2.3114,2.3469,2.3810,2.4124,2.4402,2.4635,2.4815,2.4936,2.4995,2.4989,2.4919,2.4787,2.4597,2.4356,2.4070,2.3751,2.3407,2.3050,2.2691],""mean_gz"":0.6000,""gz"":[2.2082,2.2215,2.2405,2.2647,2.2932,2.3252,2.3596,2.3954,2.4312,2.4661,2.4988,2.5284,2.5537,2.5742,2.5889,2.5976,2.5999,2.5958,2.5853,2.5688,2.5469,2.5202,2.4896,2.4562,2.4209,2.3850,2.3495,2.3157,2.2846,2.2572,2.2344,2.2170],""relayed_by"":2}"
2026-07-17T06:05:41,health_monitor/node_2/cs_ppg,312,"{""ts"":184430,""hr"":79,""spo2"":98.0,""ppg_valid"":true,""finger"":true,""mean_ir"":0.5500,""ir"":[0.6400,0.6941,0.7446,0.7890,0.8251,0.8510,0.8654,0.8673,0.8565,0.8333,0.7984,0.7534,0.7001,0.6407,0.5779,0.5142,0.4526,0.3956,0.3457,0.3049,0.2750,0.2572,0.2520,0.2595,0.2791,0.3097,0.3497,0.3971,0.4494,0.5043,0.5589,0.6107]}"
2026-07-17T06:05:41,health_monitor/node_1/cs_imu,1530,"{""ts"":184481,""finger"":true,""mean_ax"":0.1000,""ax"":[1.9300,1.9658,2.0005,2.0328,2.0619,2.0867,2.1064,2.1204,2.1283,2.1298,2.1248,2.1135,2.0963,2.0737,2.0465,2.0155,1.9817,1.9463,1.9104,1.8750,1.8415,1.8108,1.7840,1.7619,1.7452,1.7345,1.7301,1.7322,1.7406,1.7552,1.7754,1.8007],""mean_ay"":0.2000,""ay"":[2.1983,2.2149,2.2256,2.2299,2.2278,2.2193,2.2046,2.1844,2.1591,2.1297,2.0970,2.0622,2.0263,1.9906,1.9561,1.9240,1.8954,1.8711,1.8519,1.8385,1.8313,1.8305,1.8361,1.8480,1.8658,1.8889,1.9165,1.9479,1.9818,2.0174,2.0533,2.0885],""mean_az"":0.3000,""az"":[2.3119,2.2940,2.2709,2.2432,2.2118,2.1778,2.1423,2.1064,2.0712,2.0379,2.0076,1.9813,1.9597,1.9437,1.9337,1.9300,1.9328,1.9420,1.9572,1.9780,2.0037,2.0336,2.0665,2.1015,2.1374,2.1730,2.2073,2.2391,2.2673,2.2911,2.3097,2.3225],""mean_gx"":0.4000,""gx"":[2.2582,2.2223,2.1867,2.1524,2.1207,2.0924,2.0687,2.0501,2.0374,2.0309,2.0308,2.0371,2.0497,2.0681,2.0918,2.1199,2.1515,2.1857,2.2214,2.2573,2.2923,2.3253,2.3553,2.3812,2.4022,2.4176,2.4270,2.4300,2.4265,2.4168,2.4009,2.3796],""mean_gy"":0.5000,""gy"":[2.1786,2.1577,2.1423,2.1330,2.1300,2.1335,2.1434,2.1592,2.1806,2.2069,2.2371,2.2703,2.3054,2.3414,2.3769,2.4110,2.4424,2.4702,2.4935,2.5115,2.5236,2.5295,2.5289,2.5219,2.5087,2.4897,2.4656,2.4370,2.4051,2.3707,2.3350,2.2991],""mean_gz"":0.6000,""gz"":[2.2382,2.2515,2.2705,2.2947,2.3232,2.3552,2.3896,2.4254,2.4612,2.4961,2.5288,2.5584,2.5837,2.6042,2.6189,2.6276,2.6299,2.6258,2.6153,2.5988,2.5769,2.5502,2.5196,2.4862,2.4509,2.4150,2.3795,2.3457,2.3146,2.2872,2.2644,2.2470],""relayed_by"":2}"
2026-07-17T06:05:44,health_monitor/node_2/cs_ppg,312,"{""ts"":187453,""hr"":79,""spo2"":98.0,""ppg_valid"":true,""finger"":true,""mean_ir"":0.5500,""ir"":[0.6500,0.7041,0.7546,0.7990,0.8351,0.8610,0.8754,0.8773,0.8665,0.8433,0.8084,0.7634,0.7101,0.6507,0.5879,0.5242,0.4626,0.4056,0.3557,0.3149,0.2850,0.2672,0.2620,0.2695,0.2891,0.3197,0.3597,0.4071,0.4594,0.5143,0.5689,0.6207]}"
2026-07-17T06:05:44,health_monitor/node_1/cs_imu,1530,"{""ts"":187507,""finger"":true,""mean_ax"":0.1000,""ax"":[1.9600,1.9958,2.0305,2.0628,2.0919,2.1167,2.1364,2.1504,2.1583,2.1598,2.1548,2.1435,2.1263,2.1037,2.0765,2.0455,2.0117,1.9763,1.9404,1.9050,1.8715,1.8408,1.8140,1.7919,1.7752,1.7645,1.7601,1.7622,1.7706,1.7852,1.8054,1.8307],""mean_ay"":0.2000,""ay"":[2.2283,2.2449,2.2556,2.2599,2.2578,2.2493,2.2346,2.2144,2.1891,2.1597,2.1270,2.0922,2.0563,2.0206,1.9861,1.9540,1.9254,1.9011,1.8819,1.8685,1.8613,1.8605,1.8661,1.8780,1.8958,1.9189,1.9465,1.9779,2.0118,2.0474,2.0833,2.1185],""mean_az"":0.3000,""az"":[2.3419,2.3240,2.3009,2.2732,2.2418,2.2078,2.1723,2.1364,2.1012,2.0679,2.0376,2.0113,1.9897,1.9737,1.9637,1.9600,1.9628,1.9720,1.9872,2.0080,2.0337,2.0636,2.0965,2.1315,2.1674,2.2030,2.2373,2.2691,2.2973,2.3211,2.3397,2.3525],""mean_gx"":0.4000,""gx"":[2.2882,2.2523,2.2167,2.1824,2.1507,2.1224,2.0987,2.0801,2.0674,2.0609,2.0608,2.0671,2.0797,2.0981,2.1218,2.1499,2.1815,2.2157,2.2514,2.2873,2.3223,2.3553,2.3853,2.4112,2.4322,2.4476,2.4570,2.4600,2.4565,2.4468,2.4309,2.4096],""mean_gy"":0.5000,""gy"":[2.2086,2.1877,2.1723,2.1630,2.1600,2.1635,2.1734,2.1892,2.2106,2.2369,2.2671,2.3003,2.3354,2.3714,2.4069,2.4410,2.4724,2.5002,2.5235,2.5415,2.5536,2.5595,2.5589,2.5519,2.5387,2.5197,2.4956,2.4670,2.4351,2.4007,2.3650,2.3291],""mean_gz"":0.6000,""gz"":[2.2682,2.2815,2.3005,2.3247,2.3532,2.3852,2.4196,2.4554,2.4912,2.5261,2.5588,2.5884,2.6137,2.6342,2.6489,2.6576,2.6599,2.6558,2.6453,2.6288,2.6069,2.5802,2.5496,2.5162,2.4809,2.4450,2.4095,2.3757,2.3446,2.3172,2.2944,2.2770],""relayed_by"":2}"
2026-07-17T06:05:47,health_monitor/node_2/cs_ppg,312,"{""ts"":190515,""hr"":79,""spo2"":98.0,""ppg_valid"":true,""finger"":true,""mean_ir"":0.5500,""ir"":[0.6600,0.7141,0.7646,0.8090,0.8451,0.8710,0.8854,0.8873,0.8765,0.8533,0.8184,0.7734,0.7201,0.6607,0.5979,0.5342,0.4726,0.4156,0.3657,0.3249,0.2950,0.2772,0.2720,0.2795,0.2991,0.3297,0.3697,0.4171,0.4694,0.5243,0.5789,0.6307]}"
2026-07-17T06:05:47,health_monitor/node_1/cs_imu,1530,"{""ts"":190534,""finger"":true,""mean_ax"":0.1000,""ax"":[1.9900,2.0258,2.0605,2.0928,2.1219,2.1467,2.1664,2.1804,2.1883,2.1898,2.1848,2.1735,2.1563,2.1337,2.1065,2.0755,2.0417,2.0063,1.9704,1.9350,1.9015,1.8708,1.8440,1.8219,1.8052,1.7945,1.7901,1.7922,1.8006,1.8152,1.8354,1.8607],""mean_ay"":0.2000,""ay"":[2.2583,2.2749,2.2856,2.2899,2.2878,2.2793,2.2646,2.2444,2.2191,2.1897,2.1570,2.1222,2.0863,2.0506,2.0161,1.9840,1.9554,1.9311,1.9119,1.8985,1.8913,1.8905,1.8961,1.9080,1.9258,1.9489,1.9765,2.0079,2.0418,2.0774,2.1133,2.1485],""mean_az"":0.3000,""az"":[2.3719,2.3540,2.3309,2.3032,2.2718,2.2378,2.2023,2.1664,2.1312,2.0979,2.0676,2.0413,2.0197,2.0037,1.9937,1.9900,1.9928,2.0020,2.0172,2.0380,2.0637,2.0936,2.1265,2.1615,2.1974,2.2330,2.2673,2.2991,2.3273,2.3511,2.3697,2.3825],""mean_gx"":0.4000,""gx"":[2.3182,2.2823,2.2467,2.2124,2.1807,2.1524,2.1287,2.1101,2.0974,2.0909,2.0908,2.0971,2.1097,2.1281,2.1518,2.1799,2.2115,2.2457,2.2814,2.3173,2.3523,2.3853,2.4153,2.4412,2.4622,2.4776,2.4870,2.4900,2.4865,2.4768,2.4609,2.4396],""mean_gy"":0.5000,""gy"":[2.2386,2.2177,2.2023,2.1930,2.1900,2.1935,2.2034,2.2192,2.2406,2.2669,2.2971,2.3303,2.3654,2.4014,2.4369,2.4710,2.5024,2.5302,2.5535,2.5715,2.5836,2.5895,2.5889,2.5819,2.5687,2.5497,2.5256,2.4970,2.4651,2.4307,2.3950,2.3591],""mean_gz"":0.6000,""gz"":[2.2982,2.3115,2.3305,2.3547,2.3832,2.4152,2.4496,2.4854,2.5212,2.5561,2.5888,2.6184,2.6437,2.6642,2.6789,2.6876,2.6899,2.6858,2.6753,2.6588,2.6369,2.6102,2.5796,2.5462,2.5109,2.4750,2.4395,2.4057,2.3746,2.3472,2.3244,2.3070],""relayed_by"":2}"
2026-07-17T06:05:50,health_monitor/node_2/cs_ppg,312,"{""ts"":193530,""hr"":79,""spo2"":98.0,""ppg_valid"":true,""finger"":true,""mean_ir"":0.5500,""ir"":[0.6700,0.7241,0.7746,0.8190,0.8551,0.8810,0.8954,0.8973,0.8865,0.8633,0.8284,0.7834,0.7301,0.6707,0.6079,0.5442,0.4826,0.4256,0.3757,0.3349,0.3050,0.2872,0.2820,0.2895,0.3091,0.3397,0.3797,0.4271,0.4794,0.5343,0.5889,0.6407]}"
2026-07-17T06:05:50,health_monitor/node_1/cs_imu,1530,"{""ts"":193568,""finger"":true,""mean_ax"":0.1000,""ax"":[2.0200,2.0558,2.0905,2.1228,2.1519,2.1767,2.1964,2.2104,2.2183,2.2198,2.2148,2.2035,2.1863,2.1637,2.1365,2.1055,2.0717,2.0363,2.0004,1.9650,1.9315,1.9008,1.8740,1.8519,1.8352,1.8245,1.8201,1.8222,1.8306,1.8452,1.8654,1.8907],""mean_ay"":0.2000,""ay"":[2.2883,2.3049,2.3156,2.3199,2.3178,2.3093,2.2946,2.2744,2.2491,2.2197,2.1870,2.1522,2.1163,2.0806,2.0461,2.0140,1.9854,1.9611,1.9419,1.9285,1.9213,1.9205,1.9261,1.9380,1.9558,1.9789,2.0065,2.0379,2.0718,2.1074,2.1433,2.1785],""mean_az"":0.3000,""az"":[2.4019,2.3840,2.3609,2.3332,2.3018,2.2678,2.2323,2.1964,2.1612,2.1279,2.0976,2.0713,2.0497,2.0337,2.0237,2.0200,2.0228,2.0320,2.0472,2.0680,2.0937,2.1236,2.1565,2.1915,2.2274,2.2630,2.2973,2.3291,2.3573,2.3811,2.3997,2.4125],""mean_gx"":0.4000,""gx"":[2.3482,2.3123,2.2767,2.2424,2.2107,2.1824,2.1587,2.1401,2.1274,2.1209,2.1208,2.1271,2.1397,2.1581,2.1818,2.2099,2.2415,2.2757,2.3114,2.3473,2.3823,2.4153,2.4453,2.4712,2.4922,2.5076,2.5170,2.5200,2.5165,2.5068,2.4909,2.4696],""mean_gy"":0.5000,""gy"":[2.2686,2.2477,2.2323,2.2230,2.2200,2.2235,2.2334,2.2492,2.2706,2.2969,2.3271,2.3603,2.3954,2.4314,2.4669,2.5010,2.5324,2.5602,2.5835,2.6015,2.6136,2.6195,2.6189,2.6119,2.5987,2.5797,2.5556,2.5270,2.4951,2.4607,2.4250,2.3891],""mean_gz"":0.6000,""gz"":[2.3282,2.3415,2.3605,2.3847,2.4132,2.4452,2.4796,2.5154,2.5512,2.5861,2.6188,2.6484,2.6737,2.6942,2.7089,2.7176,2.7199,2.7158,2.7053,2.6888,2.6669,2.6402,2.6096,2.5762,2.5409,2.5050,2.4695,2.4357,2.4046,2.3772,2.3544,2.3370],""relayed_by"":2}"
2026-07-17T06:05:53,health_monitor/node_2/cs_ppg,312,"{""ts"":196558,""hr"":79,""spo2"":98.0,""ppg_valid"":true,""finger"":true,""mean_ir"":0.5500,""ir"":[0.6800,0.7341,0.7846,0.8290,0.8651,0.8910,0.9054,0.9073,0.8965,0.8733,0.8384,0.7934,0.7401,0.6807,0.6179,0.5542,0.4926,0.4356,0.3857,0.3449,0.3150,0.2972,0.2920,0.2995,0.3191,0.3497,0.3897,0.4371,0.4894,0.5443,0.5989,0.6507]}"
2026-07-17T06:05:53,health_monitor/node_1/cs_imu,1530,"{""ts"":196596,""finger"":true,""mean_ax"":0.1000,""ax"":[2.0500,2.0858,2.1205,2.1528,2.1819,2.2067,2.2264,2.2404,2.2483,2.2498,2.2448,2.2335,2.2163,2.1937,2.1665,2.1355,2.1017,2.0663,2.0304,1.9950,1.9615,1.9308,1.9040,1.8819,1.8652,1.8545,1.8501,1.8522,1.8606,1.8752,1.8954,1.9207],""mean_ay"":0.2000,""ay"":[2.3183,2.3349,2.3456,2.3499,2.3478,2.3393,2.3246,2.3044,2.2791,2.2497,2.2170,2.1822,2.1463,2.1106,2.0761,2.0440,2.0154,1.9911,1.9719,1.9585,1.9513,1.9505,1.9561,1.9680,1.9858,2.0089,2.0365,2.0679,2.1018,2.1374,2.1733,2.2085],""mean_az"":0.3000,""az"":[2.4319,2.4140,2.3909,2.3632,2.3318,2.2978,2.2623,2.2264,2.1912,2.1579,2.1276,2.1013,2.0797,2.0637,2.0537,2.0500,2.0528,2.0620,2.0772,2.0980,2.1237,2.1536,2.1865,2.2215,2.2574,2.2930,2.3273,2.3591,2.3873,2.4111,2.4297,2.4425],""mean_gx"":0.4000,""gx"":[2.3782,2.3423,2.3067,2.2724,2.2407,2.2124,2.1887,2.1701,2.1574,2.1509,2.1508,2.1571,2.1697,2.1881,2.2118,2.2399,2.2715,2.3057,2.3414,2.3773,2.4123,2.4453,2.4753,2.5012,2.5222,2.5376,2.5470,2.5500,2.5465,2.5368,2.5209,2.4996],""mean_gy"":0.5000,""gy"":[2.2986,2.2777,2.2623,2.2530,2.2500,2.2535,2.2634,2.2792,2.3006,2.3269,2.3571,2.3903,2.4254,2.4614,2.4969,2.5310,2.5624,2.5902,2.6135,2.6315,2.6436,2.6495,2.6489,2.6419,2.6287,2.6097,2.5856,2.5570,2.5251,2.4907,2.4550,2.4191],""mean_gz"":0.6000,""gz"":[2.3582,2.3715,2.3905,2.4147,2.4432,2.4752,2.5096,2.5454,2.5812,2.6161,2.6488,2.6784,2.7037,2.7242,2.7389,2.7476,2.7499,2.7458,2.7353,2.7188,2.6969,2.6702,2.6396,2.6062,2.5709,2.5350,2.4995,2.4657,2.4346,2.4072,2.3844,2.3670],""relayed_by"":2}"
2026-07-17T06:05:56,health_monitor/node_2/cs_ppg,312,"{""ts"":199586,""hr"":79,""spo2"":98.0,""ppg_valid"":true,""finger"":true,""mean_ir"":0.5500,""ir"":[0.6900,0.7441,0.7946,0.8390,0.8751,0.9010,0.9154,0.9173,0.9065,0.8833,0.8484,0.8034,0.7501,0.6907,0.6279,0.5642,0.5026,0.4456,0.3957,0.3549,0.3250,0.3072,0.3020,0.3095,0.3291,0.3597,0.3997,0.4471,0.4994,0.5543,0.6089,0.6607]}"
2026-07-17T06:05:56,health_monitor/node_1/cs_imu,1530,"{""ts"":199621,""finger"":true,""mean_ax"":0.1000,""ax"":[2.0800,2.1158,2.1505,2.1828,2.2119,2.2367,2.2564,2.2704,2.2783,2.2798,2.2748,2.2635,2.2463,2.2237,2.1965,2.1655,2.1317,2.0963,2.0604,2.0250,1.9915,1.9608,1.9340,1.9119,1.8952,1.8845,1.8801,1.8822,1.8906,1.9052,1.9254,1.9507],""mean_ay"":0.2000,""ay"":[2.3483,2.3649,2.3756,2.3799,2.3778,2.3693,2.3546,2.3344,2.3091,2.2797,2.2470,2.2122,2.1763,2.1406,2.1061,2.0740,2.0454,2.0211,2.0019,1.9885,1.9813,1.9805,1.9861,1.9980,2.0158,2.0389,2.0665,2.0979,2.1318,2.1674,2.2033,2.2385],""mean_az"":0.3000,""az"":[2.4619,2.4440,2.4209,2.3932,2.3618,2.3278,2.2923,2.2564,2.2212,2.1879,2.1576,2.1313,2.1097,2.0937,2.0837,2.0800,2.0828,2.0920,2.1072,2.1280,2.1537,2.1836,2.2165,2.2515,2.2874,2.3230,2.3573,2.3891,2.4173,2.4411,2.4597,2.4725],""mean_gx"":0.4000,""gx"":[2.4082,2.3723,2.3367,2.3024,2.2707,2.2424,2.2187,2.2001,2.1874,2.1809,2.1808,2.1871,2.1997,2.2181,2.2418,2.2699,2.3015,2.3357,2.3714,2.4073,2.4423,2.4753,2.5053,2.5312,2.5522,2.5676,2.5770,2.5800,2.5765,2.5668,2.5509,2.5296],""mean_gy"":0.5000,""gy"":[2.3286,2.3077,2.2923,2.2830,2.2800,2.2835,2.2934,2.3092,2.3306,2.3569,2.3871,2.4203,2.4554,2.4914,2.5269,2.5610,2.5924,2.6202,2.6435,2.6615,2.6736,2.6795,2.6789,2.6719,2.6587,2.6397,2.6156,2.5870,2.5551,2.5207,2.4850,2.4491],""mean_gz"":0.6000,""gz"":[2.3882,2.4015,2.4205,2.4447,2.4732,2.5052,2.5396,2.5754,2.6112,2.6461,2.6788,2.7084,2.7337,2.7542,2.7689,2.7776,2.7799,2.7758,2.7653,2.7488,2.7269,2.7002,2.6696,2.6362,2.6009,2.5650,2.5295,2.4957,2.4646,2.4372,2.4144,2.3970],""relayed_by"":2}"
2026-07-17T06:05:59,health_monitor/node_2/cs_ppg,312,"{""ts"":202608,""hr"":79,""spo2"":98.0,""ppg_valid"":true,""finger"":true,""mean_ir"":0.5500,""ir"":[0.7000,0.7541,0.8046,0.8490,0.8851,0.9110,0.9254,0.9273,0.9165,0.8933,0.8584,0.8134,0.7601,0.7007,0.6379,0.5742,0.5126,0.4556,0.4057,0.3649,0.3350,0.3172,0.3120,0.3195,0.3391,0.3697,0.4097,0.4571,0.5094,0.5643,0.6189,0.6707]}"
2026-07-17T06:06:00,health_monitor/node_1/cs_imu,1530,"{""ts"":202648,""finger"":true,""mean_ax"":0.1000,""ax"":[2.1100,2.1458,2.1805,2.2128,2.2419,2.2667,2.2864,2.3004,2.3083,2.3098,2.3048,2.2935,2.2763,2.2537,2.2265,2.1955,2.1617,2.1263,2.0904,2.0550,2.0215,1.9908,1.9640,1.9419,1.9252,1.9145,1.9101,1.9122,1.9206,1.9352,1.9554,1.9807],""mean_ay"":0.2000,""ay"":[2.3783,2.3949,2.4056,2.4099,2.4078,2.3993,2.3846,2.3644,2.3391,2.3097,2.2770,2.2422,2.2063,2.1706,2.1361,2.1040,2.0754,2.0511,2.0319,2.0185,2.0113,2.0105,2.0161,2.0280,2.0458,2.0689,2.0965,2.1279,2.1618,2.1974,2.2333,2.2685],""mean_az"":0.3000,""az"":[2.4919,2.4740,2.4509,2.4232,2.3918,2.3578,2.3223,2.2864,2.2512,2.2179,2.1876,2.1613,2.1397,2.1237,2.1137,2.1100,2.1128,2.1220,2.1372,2.1580,2.1837,2.2136,2.2465,2.2815,2.3174,2.3530,2.3873,2.4191,2.4473,2.4711,2.4897,2.5025],""mean_gx"":0.4000,""gx"":[2.4382,2.4023,2.3667,2.3324,2.3007,2.2724,2.2487,2.2301,2.2174,2.2109,2.2108,2.2171,2.2297,2.2481,2.2718,2.2999,2.3315,2.3657,2.4014,2.4373,2.4723,2.5053,2.5353,2.5612,2.5822,2.5976,2.6070,2.6100,2.6065,2.5968,2.5809,2.5596],""mean_gy"":0.5000,""gy"":[2.3586,2.3377,2.3223,2.3130,2.3100,2.3135,2.3234,2.3392,2.3606,2.3869,2.4171,2.4503,2.4854,2.5214,2.5569,2.5910,2.6224,2.6502,2.6735,2.6915,2.7036,2.7095,2.7089,2.7019,2.6887,2.6697,2.6456,2.6170,2.5851,2.5507,2.5150,2.4791],""mean_gz"":0.6000,""gz"":[2.4182,2.4315,2.4505,2.4747,2.5032,2.5352,2.5696,2.6054,2.6412,2.6761,2.7088,2.7384,2.7637,2.7842,2.7989,2.8076,2.8099,2.8058,2.7953,2.7788,2.7569,2.7302,2.6996,2.6662,2.6309,2.5950,2.5595,2.5257,2.4946,2.4672,2.4444,2.4270],""relayed_by"":2}"
2026-07-17T06:06:02,health_monitor/node_2/cs_ppg,312,"{""ts"":205649,""hr"":79,""spo2"":98.0,""ppg_valid"":true,""finger"":true,""mean_ir"":0.5500,""ir"":[0.7100,0.7641,0.8146,0.8590,0.8951,0.9210,0.9354,0.9373,0.9265,0.9033,0.8684,0.8234,0.7701,0.7107,0.6479,0.5842,0.5226,0.4656,0.4157,0.3749,0.3450,0.3272,0.3220,0.3295,0.3491,0.3797,0.4197,0.4671,0.5194,0.5743,0.6289,0.6807]}"
2026-07-17T06:06:02,health_monitor/node_1/cs_imu,1530,"{""ts"":205686,""finger"":true,""mean_ax"":0.1000,""ax"":[2.1400,2.1758,2.2105,2.2428,2.2719,2.2967,2.3164,2.3304,2.3383,2.3398,2.3348,2.3235,2.3063,2.2837,2.2565,2.2255,2.1917,2.1563,2.1204,2.0850,2.0515,2.0208,1.9940,1.9719,1.9552,1.9445,1.9401,1.9422,1.9506,1.9652,1.9854,2.0107],""mean_ay"":0.2000,""ay"":[2.4083,2.4249,2.4356,2.4399,2.4378,2.4293,2.4146,2.3944,2.3691,2.3397,2.3070,2.2722,2.2363,2.2006,2.1661,2.1340,2.1054,2.0811,2.0619,2.0485,2.0413,2.0405,2.0461,2.0580,2.0758,2.0989,2.1265,2.1579,2.1918,2.2274,2.2633,2.2985],""mean_az"":0.3000,""az"":[2.5219,2.5040,2.4809,2.4532,2.4218,2.3878,2.3523,2.3164,2.2812,2.2479,2.2176,2.1913,2.1697,2.1537,2.1437,2.1400,2.1428,2.1520,2.1672,2.1880,2.2137,2.2436,2.2765,2.3115,2.3474,2.3830,2.4173,2.4491,2.4773,2.5011,2.5197,2.5325],""mean_gx"":0.4000,""gx"":[2.4682,2.4323,2.3967,2.3624,2.3307,2.3024,2.2787,2.2601,2.2474,2.2409,2.2408,2.2471,2.2597,2.2781,2.3018,2.3299,2.3615,2.3957,2.4314,2.4673,2.5023,2.5353,2.5653,2.5912,2.6122,2.6276,2.6370,2.6400,2.6365,2.6268,2.6109,2.5896],""mean_gy"":0.5000,""gy"":[2.3886,2.3677,2.3523,2.3430,2.3400,2.3435,2.3534,2.3692,2.3906,2.4169,2.4471,2.4803,2.5154,2.5514,2.5869,2.6210,2.6524,2.6802,2.7035,2.7215,2.7336,2.7395,2.7389,2.7319,2.7187,2.6997,2.6756,2.6470,2.6151,2.5807,2.5450,2.5091],""mean_gz"":0.6000,""gz"":[2.4482,2.4615,2.4805,2.5047,2.5332,2.5652,2.5996,2.6354,2.6712,2.7061,2.7388,2.7684,2.7937,2.8142,2.8289,2.8376,2.8399,2.8358,2.8253,2.8088,2.7869,2.7602,2.7296,2.6962,2.6609,2.6250,2.5895,2.5557,2.5246,2.4972,2.4744,2.4570],""relayed_by"":2}"
2026-07-17T06:06:05,health_monitor/node_2/cs_ppg,312,"{""ts"":208682,""hr"":79,""spo2"":98.0,""ppg_valid"":true,""finger"":true,""mean_ir"":0.5500,""ir"":[0.7200,0.7741,0.8246,0.8690,0.9051,0.9310,0.9454,0.9473,0.9365,0.9133,0.8784,0.8334,0.7801,0.7207,0.6579,0.5942,0.5326,0.4756,0.4257,0.3849,0.3550,0.3372,0.3320,0.3395,0.3591,0.3897,0.4297,0.4771,0.5294,0.5843,0.6389,0.6907]}"
2026-07-17T06:06:06,health_monitor/node_1/cs_imu,1530,"{""ts"":208716,""finger"":true,""mean_ax"":0.1000,""ax"":[2.1700,2.2058,2.2405,2.2728,2.3019,2.3267,2.3464,2.3604,2.3683,2.3698,2.3648,2.3535,2.3363,2.3137,2.2865,2.2555,2.2217,2.1863,2.1504,2.1150,2.0815,2.0508,2.0240,2.0019,1.9852,1.9745,1.9701,1.9722,1.9806,1.9952,2.0154,2.0407],""mean_ay"":0.2000,""ay"":[2.4383,2.4549,2.4656,2.4699,2.4678,2.4593,2.4446,2.4244,2.3991,2.3697,2.3370,2.3022,2.2663,2.2306,2.1961,2.1640,2.1354,2.1111,2.0919,2.0785,2.0713,2.0705,2.0761,2.0880,2.1058,2.1289,2.1565,2.1879,2.2218,2.2574,2.2933,2.3285],""mean_az"":0.3000,""az"":[2.5519,2.5340,2.5109,2.4832,2.4518,2.4178,2.3823,2.3464,2.3112,2.2779,2.2476,2.2213,2.1997,2.1837,2.1737,2.1700,2.1728,2.1820,2.1972,2.2180,2.2437,2.2736,2.3065,2.3415,2.3774,2.4130,2.4473,2.4791,2.5073,2.5311,2.5497,2.5625],""mean_gx"":0.4000,""gx"":[2.4982,2.4623,2.4267,2.3924,2.3607,2.3324,2.3087,2.2901,2.2774,2.2709,2.2708,2.2771,2.2897,2.3081,2.3318,2.3599,2.3915,2.4257,2.4614,2.4973,2.5323,2.5653,2.5953,2.6212,2.6422,2.6576,2.6670,2.6700,2.6665,2.6568,2.6409,2.6196],""mean_gy"":0.5000,""gy"":[2.4186,2.3977,2.3823,2.3730,2.3700,2.3735,2.3834,2.3992,2.4206,2.4469,2.4771,2.5103,2.5454,2.5814,2.6169,2.6510,2.6824,2.7102,2.7335,2.7515,2.7636,2.7695,2.7689,2.7619,2.7487,2.7297,2.7056,2.6770,2.6451,2.6107,2.5750,2.5391],""mean_gz"":0.6000,""gz"":[2.4782,2.4915,2.5105,2.5347,2.5632,2.5952,2.6296,2.6654,2.7012,2.7361,2.7688,2.7984,2.8237,2.8442,2.8589,2.8676,2.8699,2.8658,2.8553,2.8388,2.8169,2.7902,2.7596,2.7262,2.6909,2.6550,2.6195,2.5857,2.5546,2.5272,2.5044,2.4870],""relayed_by"":2}"
2026-07-17T06:06:08,health_monitor/node_2/cs_ppg,312,"{""ts"":211711,""hr"":79,""spo2"":98.0,""ppg_valid"":true,""finger"":true,""mean_ir"":0.5500,""ir"":[0.6300,0.6841,0.7346,0.7790,0.8151,0.8410,0.8554,0.8573,0.8465,0.8233,0.7884,0.7434,0.6901,0.6307,0.5679,0.5042,0.4426,0.3856,0.3357,0.2949,0.2650,0.2472,0.2420,0.2495,0.2691,0.2997,0.3397,0.3871,0.4394,0.4943,0.5489,0.6007]}"
2026-07-17T06:06:09,health_monitor/node_1/cs_imu,1530,"{""ts"":211744,""finger"":true,""mean_ax"":0.1000,""ax"":[2.2000,2.2358,2.2705,2.3028,2.3319,2.3567,2.3764,2.3904,2.3983,2.3998,2.3948,2.3835,2.3663,2.3437,2.3165,2.2855,2.2517,2.2163,2.1804,2.1450,2.1115,2.0808,2.0540,2.0319,2.0152,2.0045,2.0001,2.0022,2.0106,2.0252,2.0454,2.0707],""mean_ay"":0.2000,""ay"":[2.4683,2.4849,2.4956,2.4999,2.4978,2.4893,2.4746,2.4544,2.4291,2.3997,2.3670,2.3322,2.2963,2.2606,2.2261,2.1940,2.1654,2.1411,2.1219,2.1085,2.1013,2.1005,2.1061,2.1180,2.1358,2.1589,2.1865,2.2179,2.2518,2.2874,2.3233,2.3585],""mean_az"":0.3000,""az"":[2.5819,2.5640,2.5409,2.5132,2.4818,2.4478,2.4123,2.3764,2.3412,2.3079,2.2776,2.2513,2.2297,2.2137,2.2037,2.2000,2.2028,2.2120,2.2272,2.2480,2.2737,2.3036,2.3365,2.3715,2.4074,2.4430,2.4773,2.5091,2.5373,2.5611,2.5797,2.5925],""mean_gx"":0.4000,""gx"":[2.5282,2.4923,2.4567,2.4224,2.3907,2.3624,2.3387,2.3201,2.3074,2.3009,2.3008,2.3071,2.3197,2.3381,2.3618,2.3899,2.4215,2.4557,2.4914,2.5273,2.5623,2.5953,2.6253,2.6512,2.6722,2.6876,2.6970,2.7000,2.6965,2.6868,2.6709,2.6496],""mean_gy"":0.5000,""gy"":[2.4486,2.4277,2.4123,2.4030,2.4000,2.4035,2.4134,2.4292,2.4506,2.4769,2.5071,2.5403,2.5754,2.6114,2.6469,2.6810,2.7124,2.7402,2.7635,2.7815,2.7936,2.7995,2.7989,2.7919,2.7787,2.7597,2.7356,2.7070,2.6751,2.6407,2.6050,2.5691],""mean_gz"":0.6000,""gz"":[2.5082,2.5215,2.5405,2.5647,2.5932,2.6252,2.6596,2.6954,2.7312,2.7661,2.7988,2.8284,2.8537,2.8742,2.8889,2.8976,2.8999,2.8958,2.8853,2.8688,2.8469,2.8202,2.7896,2.7562,2.7209,2.6850,2.6495,2.6157,2.5846,2.5572,2.5344,2.5170],""relayed_by"":2}"
2026-07-17T06:06:11,health_monitor/node_2/cs_ppg,312,"{""ts"":214726,""hr"":79,""spo2"":98.0,""ppg_valid"":true,""finger"":true,""mean_ir"":0.5500,""ir"":[0.6400,0.6941,0.7446,0.7890,0.8251,0.8510,0.8654,0.8673,0.8565,0.8333,0.7984,0.7534,0.7001,0.6407,0.5779,0.5142,0.4526,0.3956,0.3457,0.3049,0.2750,0.2572,0.2520,0.2595,0.2791,0.3097,0.3497,0.3971,0.4494,0.5043,0.5589,0.6107]}"
2026-07-17T06:06:12,health_monitor/node_1/cs_imu,1530,"{""ts"":214769,""finger"":true,""mean_ax"":0.1000,""ax"":[2.2300,2.2658,2.3005,2.3328,2.3619,2.3867,2.4064,2.4204,2.4283,2.4298,2.4248,2.4135,2.3963,2.3737,2.3465,2.3155,2.2817,2.2463,2.2104,2.1750,2.1415,2.1108,2.0840,2.0619,2.0452,2.0345,2.0301,2.0322,2.0406,2.0552,2.0754,2.1007],""mean_ay"":0.2000,""ay"":[2.4983,2.5149,2.5256,2.5299,2.5278,2.5193,2.5046,2.4844,2.4591,2.4297,2.3970,2.3622,2.3263,2.2906,2.2561,2.2240,2.1954,2.1711,2.1519,2.1385,2.1313,2.1305,2.1361,2.1480,2.1658,2.1889,2.2165,2.2479,2.2818,2.3174,2.3533,2.3885],""mean_az"":0.3000,""az"":[2.6119,2.5940,2.5709,2.5432,2.5118,2.4778,2.4423,2.4064,2.3712,2.3379,2.3076,2.2813,2.2597,2.2437,2.2337,2.2300,2.2328,2.2420,2.2572,2.2780,2.3037,2.3336,2.3665,2.4015,2.4374,2.4730,2.5073,2.5391,2.5673,2.5911,2.6097,2.6225],""mean_gx"":0.4000,""gx"":[2.5582,2.5223,2.4867,2.4524,2.4207,2.3924,2.3687,2.3501,2.3374,2.3309,2.3308,2.3371,2.3497,2.3681,2.3918,2.4199,2.4515,2.4857,2.5214,2.5573,2.5923,2.6253,2.6553,2.6812,2.7022,2.7176,2.7270,2.7300,2.7265,2.7168,2.7009,2.6796],""mean_gy"":0.5000,""gy"":[2.4786,2.4577,2.4423,2.4330,2.4300,2.4335,2.4434,2.4592,2.4806,2.5069,2.5371,2.5703,2.6054,2.6414,2.6769,2.7110,2.7424,2.7702,2.7935,2.8115,2.8236,2.8295,2.8289,2.8219,2.8087,2.7897,2.7656,2.7370,2.7051,2.6707,2.6350,2.5991],""mean_gz"":0.6000,""gz"":[2.5382,2.5515,2.5705,2.5947,2.6232,2.6552,2.6896,2.7254,2.7612,2.7961,2.8288,2.8584,2.8837,2.9042,2.9189,2.9276,2.9299,2.9258,2.9153,2.8988,2.8769,2.8502,2.8196,2.7862,2.7509,2.7150,2.6795,2.6457,2.6146,2.5872,2.5644,2.5470],""relayed_by"":2}"
2026-07-17T06:06:14,health_monitor/node_2/cs_ppg,312,"{""ts"":217750,""hr"":79,""spo2"":98.0,""ppg_valid"":true,""finger"":true,""mean_ir"":0.5500,""ir"":[0.6500,0.7041,0.7546,0.7990,0.8351,0.8610,0.8754,0.8773,0.8665,0.8433,0.8084,0.7634,0.7101,0.6507,0.5879,0.5242,0.4626,0.4056,0.3557,0.3149,0.2850,0.2672,0.2620,0.2695,0.2891,0.3197,0.3597,0.4071,0.4594,0.5143,0.5689,0.6207]}"
2026-07-17T06:06:15,health_monitor/node_1/cs_imu,1530,"{""ts"":217797,""finger"":true,""mean_ax"":0.1000,""ax"":[2.2600,2.2958,2.3305,2.3628,2.3919,2.4167,2.4364,2.4504,2.4583,2.4598,2.4548,2.4435,2.4263,2.4037,2.3765,2.3455,2.3117,2.2763,2.2404,2.2050,2.1715,2.1408,2.1140,2.0919,2.0752,2.0645,2.0601,2.0622,2.0706,2.0852,2.1054,2.1307],""mean_ay"":0.2000,""ay"":[2.5283,2.5449,2.5556,2.5599,2.5578,2.5493,2.5346,2.5144,2.4891,2.4597,2.4270,2.3922,2.3563,2.3206,2.2861,2.2540,2.2254,2.2011,2.1819,2.1685,2.1613,2.1605,2.1661,2.1780,2.1958,2.2189,2.2465,2.2779,2.3118,2.3474,2.3833,2.4185],""mean_az"":0.3000,""az"":[2.6419,2.6240,2.6009,2.5732,2.5418,2.5078,2.4723,2.4364,2.4012,2.3679,2.3376,2.3113,2.2897,2.2737,2.2637,2.2600,2.2628,2.2720,2.2872,2.3080,2.3337,2.3636,2.3965,2.4315,2.4674,2.5030,2.5373,2.5691,2.5973,2.6211,2.6397,2.6525],""mean_gx"":0.4000,""gx"":[2.5882,2.5523,2.5167,2.4824,2.4507,2.4224,2.3987,2.3801,2.3674,2.3609,2.3608,2.3671,2.3797,2.3981,2.4218,2.4499,2.4815,2.5157,2.5514,2.5873,2.6223,2.6553,2.6853,2.7112,2.7322,2.7476,2.7570,2.7600,2.7565,2.7468,2.7309,2.7096],""mean_gy"":0.5000,""gy"":[2.5086,2.4877,2.4723,2.4630,2.4600,2.4635,2.4734,2.4892,2.5106,2.5369,2.5671,2.6003,2.6354,2.6714,2.7069,2.7410,2.7724,2.8002,2.8235,2.8415,2.8536,2.8595,2.8589,2.8519,2.8387,2.8197,2.7956,2.7670,2.7351,2.7007,2.6650,2.6291],""mean_gz"":0.6000,""gz"":[2.5682,2.5815,2.6005,2.6247,2.6532,2.6852,2.7196,2.7554,2.7912,2.8261,2.8588,2.8884,2.9137,2.9342,2.9489,2.9576,2.9599,2.9558,2.9453,2.9288,2.9069,2.8802,2.8496,2.8162,2.7809,2.7450,2.7095,2.6757,2.6446,2.6172,2.5944,2.5770],""relayed_by"":2}"
2026-07-17T06:06:17,health_monitor/node_2/cs_ppg,312,"{""ts"":220782,""hr"":79,""spo2"":98.0,""ppg_valid"":true,""finger"":true,""mean_ir"":0.5500,""ir"":[0.6600,0.7141,0.7646,0.8090,0.8451,0.8710,0.8854,0.8873,0.8765,0.8533,0.8184,0.7734,0.7201,0.6607,0.5979,0.5342,0.4726,0.4156,0.3657,0.3249,0.2950,0.2772,0.2720,0.2795,0.2991,0.3297,0.3697,0.4171,0.4694,0.5243,0.5789,0.6307]}"
2026-07-17T06:06:18,health_monitor/node_1/cs_imu,1515,"{""ts"":220825,""finger"":true,""mean_ax"":0.1000,""ax"":[2.2900,2.3258,2.3605,2.3928,2.4219,2.4467,2.4664,2.4804,2.4883,2.4898,2.4848,2.4735,2.4563,2.4337,2.4065,2.3755,2.3417,2.3063,2.2704,2.2350,2.2015,2.1708,2.1440,2.1219,2.1052,2.0945,2.0901,2.0922,2.1006,2.1152,2.1354,2.1607],""mean_ay"":0.2000,""ay"":[2.5583,2.5749,2.5856,2.5899,2.5878,2.5793,2.5646,2.5444,2.5191,2.4897,2.4570,2.4222,2.3863,2.3506,2.3161,2.2840,2.2554,2.2311,2.2119,2.1985,2.1913,2.1905,2.1961,2.2080,2.2258,2.2489,2.2765,2.3079,2.3418,2.3774,2.4133,2.4485],""mean_az"":0.3000,""az"":[2.6719,2.6540,2.6309,2.6032,2.5718,2.5378,2.5023,2.4664,2.4312,2.3979,2.3676,2.3413,2.3197,2.3037,2.2937,2.2900,2.2928,2.3020,2.3172,2.3380,2.3637,2.3936,2.4265,2.4615,2.4974,2.5330,2.5673,2.5991,2.6273,2.6511,2.6697,2.6825],""mean_gx"":0.4000,""gx"":[2.6182,2.5823,2.5467,2.5124,2.4807,2.4524,2.4287,2.4101,2.3974,2.3909,2.3908,2.3971,2.4097,2.4281,2.4518,2.4799,2.5115,2.5457,2.5814,2.6173,2.6523,2.6853,2.7153,2.7412,2.7622,2.7776,2.7870,2.7900,2.7865,2.7768,2.7609,2.7396],""mean_gy"":0.5000,""gy"":[2.5386,2.5177,2.5023,2.4930,2.4900,2.4935,2.5034,2.5192,2.5406,2.5669,2.5971,2.6303,2.6654,2.7014,2.7369,2.7710,2.8024,2.8302,2.8535,2.8715,2.8836,2.8895,2.8889,2.8819,2.8687,2.8497,2.8256,2.7970,2.7651,2.7307,2.6950,2.6591],""mean_gz"":0.6000,""gz"":[2.5982,2.6115,2.6305,2.6547,2.6832,2.7152,2.7496,2.7854,2.8212,2.8561,2.8888,2.9184,2.9437,2.9642,2.9789,2.9876,2.9899,2.9858,2.9753,2.9588,2.9369,2.9102,2.8796,2.8462,2.8109,2.7750,2.7395,2.7057,2.6746,2.6472,2.6244,2.6070]}"
2026-07-17T06:06:20,health_monitor/node_2/cs_ppg,312,"{""ts"":223804,""hr"":79,""spo2"":98.0,""ppg_valid"":true,""finger"":true,""mean_ir"":0.5500,""ir"":[0.6700,0.7241,0.7746,0.8190,0.8551,0.8810,0.8954,0.8973,0.8865,0.8633,0.8284,0.7834,0.7301,0.6707,0.6079,0.5442,0.4826,0.4256,0.3757,0.3349,0.3050,0.2872,0.2820,0.2895,0.3091,0.3397,0.3797,0.4271,0.4794,0.5343,0.5889,0.6407]}"
2026-07-17T06:06:21,health_monitor/node_1/cs_imu,1515,"{""ts"":223853,""finger"":true,""mean_ax"":0.1000,""ax"":[2.3200,2.3558,2.3905,2.4228,2.4519,2.4767,2.4964,2.5104,2.5183,2.5198,2.5148,2.5035,2.4863,2.4637,2.4365,2.4055,2.3717,2.3363,2.3004,2.2650,2.2315,2.2008,2.1740,2.1519,2.1352,2.1245,2.1201,2.1222,2.1306,2.1452,2.1654,2.1907],""mean_ay"":0.2000,""ay"":[2.5883,2.6049,2.6156,2.6199,2.6178,2.6093,2.5946,2.5744,2.5491,2.5197,2.4870,2.4522,2.4163,2.3806,2.3461,2.3140,2.2854,2.2611,2.2419,2.2285,2.2213,2.2205,2.2261,2.2380,2.2558,2.2789,2.3065,2.3379,2.3718,2.4074,2.4433,2.4785],""mean_az"":0.3000,""az"":[2.7019,2.6840,2.6609,2.6332,2.6018,2.5678,2.5323,2.4964,2.4612,2.4279,2.3976,2.3713,2.3497,2.3337,2.3237,2.3200,2.3228,2.3320,2.3472,2.3680,2.3937,2.4236,2.4565,2.4915,2.5274,2.5630,2.5973,2.6291,2.6573,2.6811,2.6997,2.7125],""mean_gx"":0.4000,""gx"":[2.6482,2.6123,2.5767,2.5424,2.5107,2.4824,2.4587,2.4401,2.4274,2.4209,2.4208,2.4271,2.4397,2.4581,2.4818,2.5099,2.5415,2.5757,2.6114,2.6473,2.6823,2.7153,2.7453,2.7712,2.7922,2.8076,2.8170,2.8200,2.8165,2.8068,2.7909,2.7696],""mean_gy"":0.5000,""gy"":[2.5686,2.5477,2.5323,2.5230,2.5200,2.5235,2.5334,2.5492,2.5706,2.5969,2.6271,2.6603,2.6954,2.7314,2.7669,2.8010,2.8324,2.8602,2.8835,2.9015,2.9136,2.9195,2.9189,2.9119,2.8987,2.8797,2.8556,2.8270,2.7951,2.7607,2.7250,2.6891],""mean_gz"":0.6000,""gz"":[2.6282,2.6415,2.6605,2.6847,2.7132,2.7452,2.7796,2.8154,2.8512,2.8861,2.9188,2.9484,2.9737,2.9942,3.0089,3.0176,3.0199,3.0158,3.0053,2.9888,2.9669,2.9402,2.9096,2.8762,2.8409,2.8050,2.7695,2.7357,2.7046,2.6772,2.6544,2.6370]}"
2026-07-17T06:06:23,health_monitor/node_2/cs_ppg,312,"{""ts"":226835,""hr"":79,""spo2"":98.0,""ppg_valid"":true,""finger"":true,""mean_ir"":0.5500,""ir"":[0.6800,0.7341,0.7846,0.8290,0.8651,0.8910,0.9054,0.9073,0.8965,0.8733,0.8384,0.7934,0.7401,0.6807,0.6179,0.5542,0.4926,0.4356,0.3857,0.3449,0.3150,0.2972,0.2920,0.2995,0.3191,0.3497,0.3897,0.4371,0.4894,0.5443,0.5989,0.6507]}"
2026-07-17T06:06:24,health_monitor/node_1/cs_imu,1515,"{""ts"":226887,""finger"":true,""mean_ax"":0.1000,""ax"":[2.3500,2.3858,2.4205,2.4528,2.4819,2.5067,2.5264,2.5404,2.5483,2.5498,2.5448,2.5335,2.5163,2.4937,2.4665,2.4355,2.4017,2.3663,2.3304,2.2950,2.2615,2.2308,2.2040,2.1819,2.1652,2.1545,2.1501,2.1522,2.1606,2.1752,2.1954,2.2207],""mean_ay"":0.2000,""ay"":[2.6183,2.6349,2.6456,2.6499,2.6478,2.6393,2.6246,2.6044,2.5791,2.5497,2.5170,2.4822,2.4463,2.4106,2.3761,2.3440,2.3154,2.2911,2.2719,2.2585,2.2513,2.2505,2.2561,2.2680,2.2858,2.3089,2.3365,2.3679,2.4018,2.4374,2.4733,2.5085],""mean_az"":0.3000,""az"":[2.7319,2.7140,2.6909,2.6632,2.6318,2.5978,2.5623,2.5264,2.4912,2.4579,2.4276,2.4013,2.3797,2.3637,2.3537,2.3500,2.3528,2.3620,2.3772,2.3980,2.4237,2.4536,2.4865,2.5215,2.5574,2.5930,2.6273,2.6591,2.6873,2.7111,2.7297,2.7425],""mean_gx"":0.4000,""gx"":[2.6782,2.6423,2.6067,2.5724,2.5407,2.5124,2.4887,2.4701,2.4574,2.4509,2.4508,2.4571,2.4697,2.4881,2.5118,2.5399,2.5715,2.6057,2.6414,2.6773,2.7123,2.7453,2.7753,2.8012,2.8222,2.8376,2.8470,2.8500,2.8465,2.8368,2.8209,2.7996],""mean_gy"":0.5000,""gy"":[2.5986,2.5777,2.5623,2.5530,2.5500,2.5535,2.5634,2.5792,2.6006,2.6269,2.6571,2.6903,2.7254,2.7614,2.7969,2.8310,2.8624,2.8902,2.9135,2.9315,2.9436,2.9495,2.9489,2.9419,2.9287,2.9097,2.8856,2.8570,2.8251,2.7907,2.7550,2.7191],""mean_gz"":0.6000,""gz"":[2.6582,2.6715,2.6905,2.7147,2.7432,2.7752,2.8096,2.8454,2.8812,2.9161,2.9488,2.9784,3.0037,3.0242,3.0389,3.0476,3.0499,3.0458,3.0353,3.0188,2.9969,2.9702,2.9396,2.9062,2.8709,2.8350,2.7995,2.7657,2.7346,2.7072,2.6844,2.6670]}"
2026-07-17T06:06:26,health_monitor/node_2/cs_ppg,312,"{""ts"":229857,""hr"":79,""spo2"":98.0,""ppg_valid"":true,""finger"":true,""mean_ir"":0.5500,""ir"":[0.6900,0.7441,0.7946,0.8390,0.8751,0.9010,0.9154,0.9173,0.9065,0.8833,0.8484,0.8034,0.7501,0.6907,0.6279,0.5642,0.5026,0.4456,0.3957,0.3549,0.3250,0.3072,0.3020,0.3095,0.3291,0.3597,0.3997,0.4471,0.4994,0.5543,0.6089,0.6607]}"
2026-07-17T06:06:27,health_monitor/node_1/cs_imu,1515,"{""ts"":229916,""finger"":true,""mean_ax"":0.1000,""ax"":[2.3800,2.4158,2.4505,2.4828,2.5119,2.5367,2.5564,2.5704,2.5783,2.5798,2.5748,2.5635,2.5463,2.5237,2.4965,2.4655,2.4317,2.3963,2.3604,2.3250,2.2915,2.2608,2.2340,2.2119,2.1952,2.1845,2.1801,2.1822,2.1906,2.2052,2.2254,2.2507],""mean_ay"":0.2000,""ay"":[2.6483,2.6649,2.6756,2.6799,2.6778,2.6693,2.6546,2.6344,2.6091,2.5797,2.5470,2.5122,2.4763,2.4406,2.4061,2.3740,2.3454,2.3211,2.3019,2.2885,2.2813,2.2805,2.2861,2.2980,2.3158,2.3389,2.3665,2.3979,2.4318,2.4674,2.5033,2.5385],""mean_az"":0.3000,""az"":[2.7619,2.7440,2.7209,2.6932,2.6618,2.6278,2.5923,2.5564,2.5212,2.4879,2.4576,2.4313,2.4097,2.3937,2.3837,2.3800,2.3828,2.3920,2.4072,2.4280,2.4537,2.4836,2.5165,2.5515,2.5874,2.6230,2.6573,2.6891,2.7173,2.7411,2.7597,2.7725],""mean_gx"":0.4000,""gx"":[2.7082,2.6723,2.6367,2.6024,2.5707,2.5424,2.5187,2.5001,2.4874,2.4809,2.4808,2.4871,2.4997,2.5181,2.5418,2.5699,2.6015,2.6357,2.6714,2.7073,2.7423,2.7753,2.8053,2.8312,2.8522,2.8676,2.8770,2.8800,2.8765,2.8668,2.8509,2.8296],""mean_gy"":0.5000,""gy"":[2.6286,2.6077,2.5923,2.5830,2.5800,2.5835,2.5934,2.6092,2.6306,2.6569,2.6871,2.7203,2.7554,2.7914,2.8269,2.8610,2.8924,2.9202,2.9435,2.9615,2.9736,2.9795,2.9789,2.9719,2.9587,2.9397,2.9156,2.8870,2.8551,2.8207,2.7850,2.7491],""mean_gz"":0.6000,""gz"":[2.6882,2.7015,2.7205,2.7447,2.7732,2.8052,2.8396,2.8754,2.9112,2.9461,2.9788,3.0084,3.0337,3.0542,3.0689,3.0776,3.0799,3.0758,3.0653,3.0488,3.0269,3.0002,2.9696,2.9362,2.9009,2.8650,2.8295,2.7957,2.7646,2.7372,2.7144,2.6970]}"
2026-07-17T06:06:30,health_monitor/node_2/cs_ppg,312,"{""ts"":232878,""hr"":79,""spo2"":98.0,""ppg_valid"":true,""finger"":true,""mean_ir"":0.5500,""ir"":[0.7000,0.7541,0.8046,0.8490,0.8851,0.9110,0.9254,0.9273,0.9165,0.8933,0.8584,0.8134,0.7601,0.7007,0.6379,0.5742,0.5126,0.4556,0.4057,0.3649,0.3350,0.3172,0.3120,0.3195,0.3391,0.3697,0.4097,0.4571,0.5094,0.5643,0.6189,0.6707]}"
2026-07-17T06:06:30,health_monitor/node_1/cs_imu,1515,"{""ts"":232948,""finger"":true,""mean_ax"":0.1000,""ax"":[2.4100,2.4458,2.4805,2.5128,2.5419,2.5667,2.5864,2.6004,2.6083,2.6098,2.6048,2.5935,2.5763,2.5537,2.5265,2.4955,2.4617,2.4263,2.3904,2.3550,2.3215,2.2908,2.2640,2.2419,2.2252,2.2145,2.2101,2.2122,2.2206,2.2352,2.2554,2.2807],""mean_ay"":0.2000,""ay"":[2.6783,2.6949,2.7056,2.7099,2.7078,2.6993,2.6846,2.6644,2.6391,2.6097,2.5770,2.5422,2.5063,2.4706,2.4361,2.4040,2.3754,2.3511,2.3319,2.3185,2.3113,2.3105,2.3161,2.3280,2.3458,2.3689,2.3965,2.4279,2.4618,2.4974,2.5333,2.5685],""mean_az"":0.3000,""az"":[2.7919,2.7740,2.7509,2.7232,2.6918,2.6578,2.6223,2.5864,2.5512,2.5179,2.4876,2.4613,2.4397,2.4237,2.4137,2.4100,2.4128,2.4220,2.4372,2.4580,2.4837,2.5136,2.5465,2.5815,2.6174,2.6530,2.6873,2.7191,2.7473,2.7711,2.7897,2.8025],""mean_gx"":0.4000,""gx"":[2.7382,2.7023,2.6667,2.6324,2.6007,2.5724,2.5487,2.5301,2.5174,2.5109,2.5108,2.5171,2.5297,2.5481,2.5718,2.5999,2.6315,2.6657,2.7014,2.7373,2.7723,2.8053,2.8353,2.8612,2.8822,2.8976,2.9070,2.9100,2.9065,2.8968,2.8809,2.8596],""mean_gy"":0.5000,""gy"":[2.6586,2.6377,2.6223,2.6130,2.6100,2.6135,2.6234,2.6392,2.6606,2.6869,2.7171,2.7503,2.7854,2.8214,2.8569,2.8910,2.9224,2.9502,2.9735,2.9915,3.0036,3.0095,3.0089,3.0019,2.9887,2.9697,2.9456,2.9170,2.8851,2.8507,2.8150,2.7791],""mean_gz"":0.6000,""gz"":[2.7182,2.7315,2.7505,2.7747,2.8032,2.8352,2.8696,2.9054,2.9412,2.9761,3.0088,3.0384,3.0637,3.0842,3.0989,3.1076,3.1099,3.1058,3.0953,3.0788,3.0569,3.0302,2.9996,2.9662,2.9309,2.8950,2.8595,2.8257,2.7946,2.7672,2.7444,2.7270]}"
2026-07-17T06:06:33,health_monitor/node_2/cs_ppg,312,"{""ts"":235920,""hr"":79,""spo2"":98.0,""ppg_valid"":true,""finger"":true,""mean_ir"":0.5500,""ir"":[0.7100,0.7641,0.8146,0.8590,0.8951,0.9210,0.9354,0.9373,0.9265,0.9033,0.8684,0.8234,0.7701,0.7107,0.6479,0.5842,0.5226,0.4656,0.4157,0.3749,0.3450,0.3272,0.3220,0.3295,0.3491,0.3797,0.4197,0.4671,0.5194,0.5743,0.6289,0.6807]}"
2026-07-17T06:06:33,health_monitor/node_1/cs_imu,1515,"{""ts"":235982,""finger"":true,""mean_ax"":0.1000,""ax"":[2.4400,2.4758,2.5105,2.5428,2.5719,2.5967,2.6164,2.6304,2.6383,2.6398,2.6348,2.6235,2.6063,2.5837,2.5565,2.5255,2.4917,2.4563,2.4204,2.3850,2.3515,2.3208,2.2940,2.2719,2.2552,2.2445,2.2401,2.2422,2.2506,2.2652,2.2854,2.3107],""mean_ay"":0.2000,""ay"":[2.7083,2.7249,2.7356,2.7399,2.7378,2.7293,2.7146,2.6944,2.6691,2.6397,2.6070,2.5722,2.5363,2.5006,2.4661,2.4340,2.4054,2.3811,2.3619,2.3485,2.3413,2.3405,2.3461,2.3580,2.3758,2.3989,2.4265,2.4579,2.4918,2.5274,2.5633,2.5985],""mean_az"":0.3000,""az"":[2.8219,2.8040,2.7809,2.7532,2.7218,2.6878,2.6523,2.6164,2.5812,2.5479,2.5176,2.4913,2.4697,2.4537,2.4437,2.4400,2.4428,2.4520,2.4672,2.4880,2.5137,2.5436,2.5765,2.6115,2.6474,2.6830,2.7173,2.7491,2.7773,2.8011,2.8197,2.8325],""mean_gx"":0.4000,""gx"":[2.7682,2.7323,2.6967,2.6624,2.6307,2.6024,2.5787,2.5601,2.5474,2.5409,2.5408,2.5471,2.5597,2.5781,2.6018,2.6299,2.6615,2.6957,2.7314,2.7673,2.8023,2.8353,2.8653,2.8912,2.9122,2.9276,2.9370,2.9400,2.9365,2.9268,2.9109,2.8896],""mean_gy"":0.5000,""gy"":[2.6886,2.6677,2.6523,2.6430,2.6400,2.6435,2.6534,2.6692,2.6906,2.7169,2.7471,2.7803,2.8154,2.8514,2.8869,2.9210,2.9524,2.9802,3.0035,3.0215,3.0336,3.0395,3.0389,3.0319,3.0187,2.9997,2.9756,2.9470,2.9151,2.8807,2.8450,2.8091],""mean_gz"":0.6000,""gz"":[2.7482,2.7615,2.7805,2.8047,2.8332,2.8652,2.8996,2.9354,2.9712,3.0061,3.0388,3.0684,3.0937,3.1142,3.1289,3.1376,3.1399,3.1358,3.1253,3.1088,3.0869,3.0602,3.0296,2.9962,2.9609,2.9250,2.8895,2.8557,2.8246,2.7972,2.7744,2.7570]}"
2026-07-17T06:06:36,health_monitor/node_2/cs_ppg,312,"{""ts"":238938,""hr"":79,""spo2"":98.0,""ppg_valid"":true,""finger"":true,""mean_ir"":0.5500,""ir"":[0.7200,0.7741,0.8246,0.8690,0.9051,0.9310,0.9454,0.9473,0.9365,0.9133,0.8784,0.8334,0.7801,0.7207,0.6579,0.5942,0.5326,0.4756,0.4257,0.3849,0.3550,0.3372,0.3320,0.3395,0.3591,0.3897,0.4297,0.4771,0.5294,0.5843,0.6389,0.6907]}"
2026-07-17T06:06:36,health_monitor/node_1/cs_imu,1515,"{""ts"":239009,""finger"":true,""mean_ax"":0.1000,""ax"":[2.4700,2.5058,2.5405,2.5728,2.6019,2.6267,2.6464,2.6604,2.6683,2.6698,2.6648,2.6535,2.6363,2.6137,2.5865,2.5555,2.5217,2.4863,2.4504,2.4150,2.3815,2.3508,2.3240,2.3019,2.2852,2.2745,2.2701,2.2722,2.2806,2.2952,2.3154,2.3407],""mean_ay"":0.2000,""ay"":[2.7383,2.7549,2.7656,2.7699,2.7678,2.7593,2.7446,2.7244,2.6991,2.6697,2.6370,2.6022,2.5663,2.5306,2.4961,2.4640,2.4354,2.4111,2.3919,2.3785,2.3713,2.3705,2.3761,2.3880,2.4058,2.4289,2.4565,2.4879,2.5218,2.5574,2.5933,2.6285],""mean_az"":0.3000,""az"":[2.8519,2.8340,2.8109,2.7832,2.7518,2.7178,2.6823,2.6464,2.6112,2.5779,2.5476,2.5213,2.4997,2.4837,2.4737,2.4700,2.4728,2.4820,2.4972,2.5180,2.5437,2.5736,2.6065,2.6415,2.6774,2.7130,2.7473,2.7791,2.8073,2.8311,2.8497,2.8625],""mean_gx"":0.4000,""gx"":[2.7982,2.7623,2.7267,2.6924,2.6607,2.6324,2.6087,2.5901,2.5774,2.5709,2.5708,2.5771,2.5897,2.6081,2.6318,2.6599,2.6915,2.7257,2.7614,2.7973,2.8323,2.8653,2.8953,2.9212,2.9422,2.9576,2.9670,2.9700,2.9665,2.9568,2.9409,2.9196],""mean_gy"":0.5000,""gy"":[2.7186,2.6977,2.6823,2.6730,2.6700,2.6735,2.6834,2.6992,2.7206,2.7469,2.7771,2.8103,2.8454,2.8814,2.9169,2.9510,2.9824,3.0102,3.0335,3.0515,3.0636,3.0695,3.0689,3.0619,3.0487,3.0297,3.0056,2.9770,2.9451,2.9107,2.8750,2.8391],""mean_gz"":0.6000,""gz"":[2.7782,2.7915,2.8105,2.8347,2.8632,2.8952,2.9296,2.9654,3.0012,3.0361,3.0688,3.0984,3.1237,3.1442,3.1589,3.1676,3.1699,3.1658,3.1553,3.1388,3.1169,3.0902,3.0596,3.0262,2.9909,2.9550,2.9195,2.8857,2.8546,2.8272,2.8044,2.7870]}"
2026-07-17T06:06:39,health_monitor/node_2/cs_ppg,312,"{""ts"":241961,""hr"":79,""spo2"":98.0,""ppg_valid"":true,""finger"":true,""mean_ir"":0.5500,""ir"":[0.6300,0.6841,0.7346,0.7790,0.8151,0.8410,0.8554,0.8573,0.8465,0.8233,0.7884,0.7434,0.6901,0.6307,0.5679,0.5042,0.4426,0.3856,0.3357,0.2949,0.2650,0.2472,0.2420,0.2495,0.2691,0.2997,0.3397,0.3871,0.4394,0.4943,0.5489,0.6007]}"
2026-07-17T06:06:39,health_monitor/node_1/cs_imu,1515,"{""ts"":242037,""finger"":true,""mean_ax"":0.1000,""ax"":[2.5000,2.5358,2.5705,2.6028,2.6319,2.6567,2.6764,2.6904,2.6983,2.6998,2.6948,2.6835,2.6663,2.6437,2.6165,2.5855,2.5517,2.5163,2.4804,2.4450,2.4115,2.3808,2.3540,2.3319,2.3152,2.3045,2.3001,2.3022,2.3106,2.3252,2.3454,2.3707],""mean_ay"":0.2000,""ay"":[2.7683,2.7849,2.7956,2.7999,2.7978,2.7893,2.7746,2.7544,2.7291,2.6997,2.6670,2.6322,2.5963,2.5606,2.5261,2.4940,2.4654,2.4411,2.4219,2.4085,2.4013,2.4005,2.4061,2.4180,2.4358,2.4589,2.4865,2.5179,2.5518,2.5874,2.6233,2.6585],""mean_az"":0.3000,""az"":[2.8819,2.8640,2.8409,2.8132,2.7818,2.7478,2.7123,2.6764,2.6412,2.6079,2.5776,2.5513,2.5297,2.5137,2.5037,2.5000,2.5028,2.5120,2.5272,2.5480,2.5737,2.6036,2.6365,2.6715,2.7074,2.7430,2.7773,2.8091,2.8373,2.8611,2.8797,2.8925],""mean_gx"":0.4000,""gx"":[2.8282,2.7923,2.7567,2.7224,2.6907,2.6624,2.6387,2.6201,2.6074,2.6009,2.6008,2.6071,2.6197,2.6381,2.6618,2.6899,2.7215,2.7557,2.7914,2.8273,2.8623,2.8953,2.9253,2.9512,2.9722,2.9876,2.9970,3.0000,2.9965,2.9868,2.9709,2.9496],""mean_gy"":0.5000,""gy"":[2.7486,2.7277,2.7123,2.7030,2.7000,2.7035,2.7134,2.7292,2.7506,2.7769,2.8071,2.8403,2.8754,2.9114,2.9469,2.9810,3.0124,3.0402,3.0635,3.0815,3.0936,3.0995,3.0989,3.0919,3.0787,3.0597,3.0356,3.0070,2.9751,2.9407,2.9050,2.8691],""mean_gz"":0.6000,""gz"":[2.8082,2.8215,2.8405,2.8647,2.8932,2.9252,2.9596,2.9954,3.0312,3.0661,3.0988,3.1284,3.1537,3.1742,3.1889,3.1976,3.1999,3.1958,3.1853,3.1688,3.1469,3.1202,3.0896,3.0562,3.0209,2.9850,2.9495,2.9157,2.8846,2.8572,2.8344,2.8170]}"
2026-07-17T06:06:42,health_monitor/node_2/cs_ppg,312,"{""ts"":244987,""hr"":79,""spo2"":98.0,""ppg_valid"":true,""finger"":true,""mean_ir"":0.5500,""ir"":[0.6400,0.6941,0.7446,0.7890,0.8251,0.8510,0.8654,0.8673,0.8565,0.8333,0.7984,0.7534,0.7001,0.6407,0.5779,0.5142,0.4526,0.3956,0.3457,0.3049,0.2750,0.2572,0.2520,0.2595,0.2791,0.3097,0.3497,0.3971,0.4494,0.5043,0.5589,0.6107]}"
2026-07-17T06:06:42,health_monitor/node_1/cs_imu,1515,"{""ts"":245065,""finger"":true,""mean_ax"":0.1000,""ax"":[2.5300,2.5658,2.6005,2.6328,2.6619,2.6867,2.7064,2.7204,2.7283,2.7298,2.7248,2.7135,2.6963,2.6737,2.6465,2.6155,2.5817,2.5463,2.5103,2.4750,2.4415,2.4108,2.3840,2.3619,2.3452,2.3345,2.3301,2.3322,2.3406,2.3552,2.3754,2.4007],""mean_ay"":0.2000,""ay"":[2.7983,2.8149,2.8256,2.8299,2.8278,2.8193,2.8046,2.7844,2.7591,2.7297,2.6970,2.6622,2.6263,2.5906,2.5561,2.5240,2.4954,2.4711,2.4519,2.4385,2.4313,2.4305,2.4361,2.4480,2.4658,2.4889,2.5165,2.5479,2.5818,2.6174,2.6533,2.6885],""mean_az"":0.3000,""az"":[2.9119,2.8940,2.8709,2.8432,2.8118,2.7778,2.7423,2.7064,2.6712,2.6379,2.6076,2.5813,2.5597,2.5437,2.5337,2.5300,2.5328,2.5420,2.5572,2.5780,2.6037,2.6336,2.6665,2.7015,2.7374,2.7730,2.8073,2.8391,2.8673,2.8911,2.9097,2.9225],""mean_gx"":0.4000,""gx"":[2.8582,2.8223,2.7867,2.7524,2.7207,2.6924,2.6687,2.6501,2.6374,2.6309,2.6308,2.6371,2.6497,2.6681,2.6918,2.7199,2.7515,2.7857,2.8214,2.8573,2.8923,2.9253,2.9553,2.9812,3.0022,3.0176,3.0270,3.0300,3.0265,3.0168,3.0009,2.9796],""mean_gy"":0.5000,""gy"":[2.7786,2.7577,2.7423,2.7330,2.7300,2.7335,2.7434,2.7592,2.7806,2.8069,2.8371,2.8703,2.9054,2.9414,2.9769,3.0110,3.0424,3.0702,3.0935,3.1115,3.1236,3.1295,3.1289,3.1219,3.1087,3.0897,3.0656,3.0370,3.0051,2.9707,2.9350,2.8991],""mean_gz"":0.6000,""gz"":[2.8382,2.8515,2.8705,2.8947,2.9232,2.9552,2.9896,3.0254,3.0612,3.0961,3.1288,3.1584,3.1837,3.2042,3.2189,3.2276,3.2299,3.2258,3.2153,3.1988,3.1769,3.1502,3.1196,3.0862,3.0509,3.0150,2.9795,2.9457,2.9146,2.8872,2.8644,2.8470]}"
2026-07-17T06:06:45,health_monitor/node_2/cs_ppg,312,"{""ts"":248009,""hr"":79,""spo2"":98.0,""ppg_valid"":true,""finger"":true,""mean_ir"":0.5500,""ir"":[0.6500,0.7041,0.7546,0.7990,0.8351,0.8610,0.8754,0.8773,0.8665,0.8433,0.8084,0.7634,0.7101,0.6507,0.5879,0.5242,0.4626,0.4056,0.3557,0.3149,0.2850,0.2672,0.2620,0.2695,0.2891,0.3197,0.3597,0.4071,0.4594,0.5143,0.5689,0.6207]}"
2026-07-17T06:06:45,health_monitor/node_1/cs_imu,1515,"{""ts"":248093,""finger"":true,""mean_ax"":0.1000,""ax"":[2.5600,2.5958,2.6305,2.6628,2.6919,2.7167,2.7364,2.7504,2.7583,2.7598,2.7548,2.7435,2.7263,2.7037,2.6765,2.6455,2.6117,2.5763,2.5404,2.5050,2.4715,2.4408,2.4140,2.3919,2.3752,2.3645,2.3601,2.3622,2.3706,2.3852,2.4054,2.4307],""mean_ay"":0.2000,""ay"":[2.8283,2.8449,2.8556,2.8599,2.8578,2.8493,2.8346,2.8144,2.7891,2.7597,2.7270,2.6922,2.6563,2.6206,2.5861,2.5540,2.5254,2.5011,2.4819,2.4685,2.4613,2.4605,2.4661,2.4780,2.4958,2.5189,2.5465,2.5779,2.6118,2.6474,2.6833,2.7185],""mean_az"":0.3000,""az"":[2.9419,2.9240,2.9009,2.8732,2.8418,2.8078,2.7723,2.7364,2.7012,2.6679,2.6376,2.6113,2.5897,2.5737,2.5637,2.5600,2.5628,2.5720,2.5872,2.6080,2.6337,2.6636,2.6965,2.7315,2.7674,2.8030,2.8373,2.8691,2.8973,2.9211,2.9397,2.9525],""mean_gx"":0.4000,""gx"":[2.8882,2.8523,2.8167,2.7824,2.7507,2.7224,2.6987,2.6801,2.6674,2.6609,2.6608,2.6671,2.6797,2.6981,2.7218,2.7499,2.7815,2.8157,2.8514,2.8873,2.9223,2.9553,2.9853,3.0112,3.0322,3.0476,3.0570,3.0600,3.0565,3.0468,3.0309,3.0096],""mean_gy"":0.5000,""gy"":[2.8086,2.7877,2.7723,2.7630,2.7600,2.7635,2.7734,2.7892,2.8106,2.8369,2.8671,2.9003,2.9354,2.9714,3.0069,3.0410,3.0724,3.1002,3.1235,3.1415,3.1536,3.1595,3.1589,3.1519,3.1387,3.1197,3.0956,3.0670,3.0351,3.0007,2.9650,2.9291],""mean_gz"":0.6000,""gz"":[2.8682,2.8815,2.9005,2.9247,2.9532,2.9852,3.0196,3.0554,3.0912,3.1261,3.1588,3.1884,3.2137,3.2342,3.2489,3.2576,3.2599,3.2558,3.2453,3.2288,3.2069,3.1802,3.1496,3.1162,3.0809,3.0450,3.0095,2.9757,2.9446,2.9172,2.8944,2.8770]}"
2026-07-17T06:06:48,health_monitor/node_2/cs_ppg,312,"{""ts"":251031,""hr"":79,""spo2"":98.0,""ppg_valid"":true,""finger"":true,""mean_ir"":0.5500,""ir"":[0.6600,0.7141,0.7646,0.8090,0.8451,0.8710,0.8854,0.8873,0.8765,0.8533,0.8184,0.7734,0.7201,0.6607,0.5979,0.5342,0.4726,0.4156,0.3657,0.3249,0.2950,0.2772,0.2720,0.2795,0.2991,0.3297,0.3697,0.4171,0.4694,0.5243,0.5789,0.6307]}"
2026-07-17T06:06:48,health_monitor/node_1/cs_imu,1515,"{""ts"":251119,""finger"":true,""mean_ax"":0.1000,""ax"":[2.5900,2.6258,2.6605,2.6928,2.7219,2.7467,2.7664,2.7804,2.7883,2.7898,2.7848,2.7735,2.7563,2.7337,2.7065,2.6755,2.6417,2.6063,2.5704,2.5350,2.5015,2.4708,2.4440,2.4219,2.4052,2.3945,2.3901,2.3922,2.4006,2.4152,2.4354,2.4607],""mean_ay"":0.2000,""ay"":[2.8583,2.8749,2.8856,2.8899,2.8878,2.8793,2.8646,2.8444,2.8191,2.7897,2.7570,2.7222,2.6863,2.6506,2.6161,2.5840,2.5554,2.5311,2.5119,2.4985,2.4913,2.4905,2.4961,2.5080,2.5258,2.5489,2.5765,2.6079,2.6418,2.6774,2.7133,2.7485],""mean_az"":0.3000,""az"":[2.9719,2.9540,2.9309,2.9032,2.8718,2.8378,2.8023,2.7664,2.7312,2.6979,2.6676,2.6413,2.6197,2.6037,2.5937,2.5900,2.5928,2.6020,2.6172,2.6380,2.6637,2.6936,2.7265,2.7615,2.7974,2.8330,2.8673,2.8991,2.9273,2.9511,2.9697,2.9825],""mean_gx"":0.4000,""gx"":[2.9182,2.8823,2.8467,2.8124,2.7807,2.7524,2.7287,2.7101,2.6974,2.6909,2.6908,2.6971,2.7097,2.7281,2.7518,2.7799,2.8115,2.8457,2.8814,2.9173,2.9523,2.9853,3.0153,3.0412,3.0622,3.0776,3.0870,3.0900,3.0865,3.0768,3.0609,3.0396],""mean_gy"":0.5000,""gy"":[2.8386,2.8177,2.8023,2.7930,2.7900,2.7935,2.8034,2.8192,2.8406,2.8669,2.8971,2.9303,2.9654,3.0014,3.0369,3.0710,3.1024,3.1302,3.1535,3.1715,3.1836,3.1895,3.1889,3.1819,3.1687,3.1497,3.1256,3.0970,3.0651,3.0307,2.9950,2.9591],""mean_gz"":0.6000,""gz"":[2.8982,2.9115,2.9305,2.9547,2.9832,3.0152,3.0496,3.0854,3.1212,3.1561,3.1888,3.2184,3.2437,3.2642,3.2789,3.2876,3.2899,3.2858,3.2753,3.2588,3.2369,3.2102,3.1796,3.1462,3.1109,3.0750,3.0395,3.0057,2.9746,2.9472,2.9244,2.9070]}"
2026-07-17T06:06:51,health_monitor/node_2/cs_ppg,312,"{""ts"":254060,""hr"":79,""spo2"":98.0,""ppg_valid"":true,""finger"":true,""mean_ir"":0.5500,""ir"":[0.6700,0.7241,0.7746,0.8190,0.8551,0.8810,0.8954,0.8973,0.8865,0.8633,0.8284,0.7834,0.7301,0.6707,0.6079,0.5442,0.4826,0.4256,0.3757,0.3349,0.3050,0.2872,0.2820,0.2895,0.3091,0.3397,0.3797,0.4271,0.4794,0.5343,0.5889,0.6407]}"
2026-07-17T06:06:51,health_monitor/node_1/cs_imu,1515,"{""ts"":254150,""finger"":true,""mean_ax"":0.1000,""ax"":[2.6200,2.6558,2.6905,2.7228,2.7519,2.7767,2.7964,2.8104,2.8183,2.8198,2.8148,2.8035,2.7863,2.7637,2.7365,2.7055,2.6717,2.6363,2.6004,2.5650,2.5315,2.5008,2.4740,2.4519,2.4352,2.4245,2.4201,2.4222,2.4306,2.4452,2.4654,2.4907],""mean_ay"":0.2000,""ay"":[2.8883,2.9049,2.9156,2.9199,2.9178,2.9093,2.8946,2.8744,2.8491,2.8197,2.7870,2.7522,2.7163,2.6806,2.6461,2.6140,2.5854,2.5611,2.5419,2.5285,2.5213,2.5205,2.5261,2.5380,2.5558,2.5789,2.6065,2.6379,2.6718,2.7074,2.7433,2.7785],""mean_az"":0.3000,""az"":[3.0019,2.9840,2.9609,2.9332,2.9018,2.8678,2.8323,2.7964,2.7612,2.7279,2.6976,2.6713,2.6497,2.6337,2.6237,2.6200,2.6228,2.6320,2.6472,2.6680,2.6937,2.7236,2.7565,2.7915,2.8274,2.8630,2.8973,2.9291,2.9573,2.9811,2.9997,3.0125],""mean_gx"":0.4000,""gx"":[2.9482,2.9123,2.8767,2.8424,2.8107,2.7824,2.7587,2.7401,2.7274,2.7209,2.7208,2.7271,2.7397,2.7581,2.7818,2.8099,2.8415,2.8757,2.9114,2.9473,2.9823,3.0153,3.0453,3.0712,3.0922,3.1076,3.1170,3.1200,3.1165,3.1068,3.0909,3.0696],""mean_gy"":0.5000,""gy"":[2.8686,2.8477,2.8323,2.8230,2.8200,2.8235,2.8334,2.8492,2.8706,2.8969,2.9271,2.9603,2.9954,3.0314,3.0669,3.1010,3.1324,3.1602,3.1835,3.2015,3.2136,3.2195,3.2189,3.2119,3.1987,3.1797,3.1556,3.1270,3.0951,3.0607,3.0250,2.9891],""mean_gz"":0.6000,""gz"":[2.9282,2.9415,2.9605,2.9847,3.0132,3.0452,3.0796,3.1154,3.1512,3.1861,3.2188,3.2484,3.2737,3.2942,3.3089,3.3176,3.3199,3.3158,3.3053,3.2888,3.2669,3.2402,3.2096,3.1762,3.1409,3.1050,3.0695,3.0357,3.0046,2.9772,2.9544,2.9370]}"
2026-07-17T06:06:54,health_monitor/node_2/cs_ppg,312,"{""ts"":257077,""hr"":79,""spo2"":98.0,""ppg_valid"":true,""finger"":true,""mean_ir"":0.5500,""ir"":[0.6800,0.7341,0.7846,0.8290,0.8651,0.8910,0.9054,0.9073,0.8965,0.8733,0.8384,0.7934,0.7401,0.6807,0.6179,0.5542,0.4926,0.4356,0.3857,0.3449,0.3150,0.2972,0.2920,0.2995,0.3191,0.3497,0.3897,0.4371,0.4894,0.5443,0.5989,0.6507]}"
2026-07-17T06:06:54,health_monitor/node_1/cs_imu,1515,"{""ts"":257178,""finger"":true,""mean_ax"":0.1000,""ax"":[2.6500,2.6858,2.7205,2.7528,2.7819,2.8067,2.8264,2.8404,2.8483,2.8498,2.8448,2.8335,2.8163,2.7937,2.7665,2.7355,2.7017,2.6663,2.6304,2.5950,2.5615,2.5308,2.5040,2.4819,2.4652,2.4545,2.4501,2.4522,2.4606,2.4752,2.4954,2.5207],""mean_ay"":0.2000,""ay"":[2.9183,2.9349,2.9456,2.9499,2.9478,2.9393,2.9246,2.9044,2.8791,2.8497,2.8170,2.7822,2.7463,2.7106,2.6761,2.6440,2.6154,2.5911,2.5719,2.5585,2.5513,2.5505,2.5561,2.5680,2.5858,2.6089,2.6365,2.6679,2.7018,2.7374,2.7733,2.8085],""mean_az"":0.3000,""az"":[3.0319,3.0140,2.9909,2.9632,2.9318,2.8978,2.8623,2.8264,2.7912,2.7579,2.7276,2.7013,2.6797,2.6637,2.6537,2.6500,2.6528,2.6620,2.6772,2.6980,2.7237,2.7536,2.7865,2.8215,2.8574,2.8930,2.9273,2.9591,2.9873,3.0111,3.0297,3.0425],""mean_gx"":0.4000,""gx"":[2.9782,2.9423,2.9067,2.8724,2.8407,2.8124,2.7887,2.7701,2.7574,2.7509,2.7508,2.7571,2.7697,2.7881,2.8118,2.8399,2.8715,2.9057,2.9414,2.9773,3.0123,3.0453,3.0753,3.1012,3.1222,3.1376,3.1470,3.1500,3.1465,3.1368,3.1209,3.0996],""mean_gy"":0.5000,""gy"":[2.8986,2.8777,2.8623,2.8530,2.8500,2.8535,2.8634,2.8792,2.9006,2.9269,2.9571,2.9903,3.0254,3.0614,3.0969,3.1310,3.1624,3.1902,3.2135,3.2315,3.2436,3.2495,3.2489,3.2419,3.2287,3.2097,3.1856,3.1570,3.1251,3.0907,3.0550,3.0191],""mean_gz"":0.6000,""gz"":[2.9582,2.9715,2.9905,3.0147,3.0432,3.0752,3.1096,3.1454,3.1812,3.2161,3.2488,3.2784,3.3037,3.3242,3.3389,3.3476,3.3499,3.3458,3.3353,3.3188,3.2969,3.2702,3.2396,3.2062,3.1709,3.1350,3.0995,3.0657,3.0346,3.0072,2.9844,2.9670]}"
2026-07-17T06:06:57,health_monitor/node_2/cs_ppg,312,"{""ts"":260106,""hr"":79,""spo2"":98.0,""ppg_valid"":true,""finger"":true,""mean_ir"":0.5500,""ir"":[0.6900,0.7441,0.7946,0.8390,0.8751,0.9010,0.9154,0.9173,0.9065,0.8833,0.8484,0.8034,0.7501,0.6907,0.6279,0.5642,0.5026,0.4456,0.3957,0.3549,0.3250,0.3072,0.3020,0.3095,0.3291,0.3597,0.3997,0.4471,0.4994,0.5543,0.6089,0.6607]}"
2026-07-17T06:06:57,health_monitor/node_1/cs_imu,1530,"{""ts"":260205,""finger"":true,""mean_ax"":0.1000,""ax"":[2.6800,2.7158,2.7505,2.7828,2.8119,2.8367,2.8564,2.8704,2.8783,2.8798,2.8748,2.8635,2.8463,2.8237,2.7965,2.7655,2.7317,2.6963,2.6604,2.6250,2.5915,2.5608,2.5340,2.5119,2.4952,2.4845,2.4801,2.4822,2.4906,2.5052,2.5254,2.5507],""mean_ay"":0.2000,""ay"":[2.9483,2.9649,2.9756,2.9799,2.9778,2.9693,2.9546,2.9344,2.9091,2.8797,2.8470,2.8122,2.7763,2.7406,2.7061,2.6740,2.6454,2.6211,2.6019,2.5885,2.5813,2.5805,2.5861,2.5980,2.6158,2.6389,2.6665,2.6979,2.7318,2.7674,2.8033,2.8385],""mean_az"":0.3000,""az"":[3.0619,3.0440,3.0209,2.9932,2.9618,2.9278,2.8923,2.8564,2.8212,2.7879,2.7576,2.7313,2.7097,2.6937,2.6837,2.6800,2.6828,2.6920,2.7072,2.7280,2.7537,2.7836,2.8165,2.8515,2.8874,2.9230,2.9573,2.9891,3.0173,3.0411,3.0597,3.0725],""mean_gx"":0.4000,""gx"":[3.0082,2.9723,2.9367,2.9024,2.8707,2.8424,2.8187,2.8001,2.7874,2.7809,2.7808,2.7871,2.7997,2.8181,2.8418,2.8699,2.9015,2.9357,2.9714,3.0073,3.0423,3.0753,3.1053,3.1312,3.1522,3.1676,3.1770,3.1800,3.1765,3.1668,3.1509,3.1296],""mean_gy"":0.5000,""gy"":[2.9286,2.9077,2.8923,2.8830,2.8800,2.8835,2.8934,2.9092,2.9306,2.9569,2.9871,3.0203,3.0554,3.0914,3.1269,3.1610,3.1924,3.2202,3.2435,3.2615,3.2736,3.2795,3.2789,3.2719,3.2587,3.2397,3.2156,3.1870,3.1551,3.1207,3.0850,3.0491],""mean_gz"":0.6000,""gz"":[2.9882,3.0015,3.0205,3.0447,3.0732,3.1052,3.1396,3.1754,3.2112,3.2461,3.2788,3.3084,3.3337,3.3542,3.3689,3.3776,3.3799,3.3758,3.3653,3.3488,3.3269,3.3002,3.2696,3.2362,3.2009,3.1650,3.1295,3.0957,3.0646,3.0372,3.0144,2.9970],""relayed_by"":2}"
2026-07-17T06:07:00,health_monitor/node_2/cs_ppg,312,"{""ts"":263142,""hr"":79,""spo2"":98.0,""ppg_valid"":true,""finger"":true,""mean_ir"":0.5500,""ir"":[0.7000,0.7541,0.8046,0.8490,0.8851,0.9110,0.9254,0.9273,0.9165,0.8933,0.8584,0.8134,0.7601,0.7007,0.6379,0.5742,0.5126,0.4556,0.4057,0.3649,0.3350,0.3172,0.3120,0.3195,0.3391,0.3697,0.4097,0.4571,0.5094,0.5643,0.6189,0.6707]}"
2026-07-17T06:07:00,health_monitor/node_1/cs_imu,1530,"{""ts"":263229,""finger"":true,""mean_ax"":0.1000,""ax"":[2.7100,2.7458,2.7805,2.8128,2.8419,2.8667,2.8864,2.9004,2.9083,2.9098,2.9048,2.8935,2.8763,2.8537,2.8265,2.7955,2.7617,2.7263,2.6904,2.6550,2.6215,2.5908,2.5640,2.5419,2.5252,2.5145,2.5101,2.5122,2.5206,2.5352,2.5554,2.5807],""mean_ay"":0.2000,""ay"":[2.9783,2.9949,3.0056,3.0099,3.0078,2.9993,2.9846,2.9644,2.9391,2.9097,2.8770,2.8422,2.8063,2.7706,2.7361,2.7040,2.6754,2.6511,2.6319,2.6185,2.6113,2.6105,2.6161,2.6280,2.6458,2.6689,2.6965,2.7279,2.7618,2.7974,2.8333,2.8685],""mean_az"":0.3000,""az"":[3.0919,3.0740,3.0509,3.0232,2.9918,2.9578,2.9223,2.8864,2.8512,2.8179,2.7876,2.7613,2.7397,2.7237,2.7137,2.7100,2.7128,2.7220,2.7372,2.7580,2.7837,2.8136,2.8465,2.8815,2.9174,2.9530,2.9873,3.0191,3.0473,3.0711,3.0897,3.1025],""mean_gx"":0.4000,""gx"":[3.0382,3.0023,2.9667,2.9324,2.9007,2.8724,2.8487,2.8301,2.8174,2.8109,2.8108,2.8171,2.8297,2.8481,2.8718,2.8999,2.9315,2.9657,3.0014,3.0373,3.0723,3.1053,3.1353,3.1612,3.1822,3.1976,3.2070,3.2100,3.2065,3.1968,3.1809,3.1596],""mean_gy"":0.5000,""gy"":[2.9586,2.9377,2.9223,2.9130,2.9100,2.9135,2.9234,2.9392,2.9606,2.9869,3.0171,3.0503,3.0854,3.1214,3.1569,3.1910,3.2224,3.2502,3.2735,3.2915,3.3036,3.3095,3.3089,3.3019,3.2887,3.2697,3.2456,3.2170,3.1851,3.1507,3.1150,3.0791],""mean_gz"":0.6000,""gz"":[3.0182,3.0315,3.0505,3.0747,3.1032,3.1352,3.1696,3.2054,3.2412,3.2761,3.3088,3.3384,3.3637,3.3842,3.3989,3.4076,3.4099,3.4058,3.3953,3.3788,3.3569,3.3302,3.2996,3.2662,3.2309,3.1950,3.1595,3.1257,3.0946,3.0672,3.0444,3.0270],""relayed_by"":2}"
2026-07-17T06:07:03,health_monitor/node_2/cs_ppg,312,"{""ts"":266168,""hr"":79,""spo2"":98.0,""ppg_valid"":true,""finger"":true,""mean_ir"":0.5500,""ir"":[0.7100,0.7641,0.8146,0.8590,0.8951,0.9210,0.9354,0.9373,0.9265,0.9033,0.8684,0.8234,0.7701,0.7107,0.6479,0.5842,0.5226,0.4656,0.4157,0.3749,0.3450,0.3272,0.3220,0.3295,0.3491,0.3797,0.4197,0.4671,0.5194,0.5743,0.6289,0.6807]}"
2026-07-17T06:07:03,health_monitor/node_1/cs_imu,1530,"{""ts"":266259,""finger"":true,""mean_ax"":0.1000,""ax"":[2.7400,2.7758,2.8105,2.8428,2.8719,2.8967,2.9164,2.9304,2.9383,2.9398,2.9348,2.9235,2.9063,2.8837,2.8565,2.8255,2.7917,2.7563,2.7204,2.6850,2.6515,2.6208,2.5940,2.5719,2.5552,2.5445,2.5401,2.5422,2.5506,2.5652,2.5854,2.6107],""mean_ay"":0.2000,""ay"":[3.0083,3.0249,3.0356,3.0399,3.0378,3.0293,3.0146,2.9944,2.9691,2.9397,2.9070,2.8722,2.8363,2.8006,2.7661,2.7340,2.7054,2.6811,2.6619,2.6485,2.6413,2.6405,2.6461,2.6580,2.6758,2.6989,2.7265,2.7579,2.7918,2.8274,2.8633,2.8985],""mean_az"":0.3000,""az"":[3.1219,3.1040,3.0809,3.0532,3.0218,2.9878,2.9523,2.9164,2.8812,2.8479,2.8176,2.7913,2.7697,2.7537,2.7437,2.7400,2.7428,2.7520,2.7672,2.7880,2.8137,2.8436,2.8765,2.9115,2.9474,2.9830,3.0173,3.0491,3.0773,3.1011,3.1197,3.1325],""mean_gx"":0.4000,""gx"":[3.0682,3.0323,2.9967,2.9624,2.9307,2.9024,2.8787,2.8601,2.8474,2.8409,2.8408,2.8471,2.8597,2.8781,2.9018,2.9299,2.9615,2.9957,3.0314,3.0673,3.1023,3.1353,3.1653,3.1912,3.2122,3.2276,3.2370,3.2400,3.2365,3.2268,3.2109,3.1896],""mean_gy"":0.5000,""gy"":[2.9886,2.9677,2.9523,2.9430,2.9400,2.9435,2.9534,2.9692,2.9906,3.0169,3.0471,3.0803,3.1154,3.1514,3.1869,3.2210,3.2524,3.2802,3.3035,3.3215,3.3336,3.3395,3.3389,3.3319,3.3187,3.2997,3.2756,3.2470,3.2151,3.1807,3.1450,3.1091],""mean_gz"":0.6000,""gz"":[3.0482,3.0615,3.0805,3.1047,3.1332,3.1652,3.1996,3.2354,3.2712,3.3061,3.3388,3.3684,3.3937,3.4142,3.4289,3.4376,3.4399,3.4358,3.4253,3.4088,3.3869,3.3602,3.3296,3.2962,3.2609,3.2250,3.1895,3.1557,3.1246,3.0972,3.0744,3.0570],""relayed_by"":2}"
2026-07-17T06:07:06,health_monitor/node_2/cs_ppg,312,"{""ts"":269200,""hr"":79,""spo2"":98.0,""ppg_valid"":true,""finger"":true,""mean_ir"":0.5500,""ir"":[0.7200,0.7741,0.8246,0.8690,0.9051,0.9310,0.9454,0.9473,0.9365,0.9133,0.8784,0.8334,0.7801,0.7207,0.6579,0.5942,0.5326,0.4756,0.4257,0.3849,0.3550,0.3372,0.3320,0.3395,0.3591,0.3897,0.4297,0.4771,0.5294,0.5843,0.6389,0.6907]}"
2026-07-17T06:07:06,health_monitor/node_1/cs_imu,1530,"{""ts"":269287,""finger"":true,""mean_ax"":0.1000,""ax"":[2.7700,2.8058,2.8405,2.8728,2.9019,2.9267,2.9464,2.9604,2.9683,2.9698,2.9648,2.9535,2.9363,2.9137,2.8865,2.8555,2.8217,2.7863,2.7503,2.7150,2.6815,2.6508,2.6240,2.6019,2.5852,2.5745,2.5701,2.5722,2.5806,2.5952,2.6154,2.6407],""mean_ay"":0.2000,""ay"":[3.0383,3.0549,3.0656,3.0699,3.0678,3.0593,3.0446,3.0244,2.9991,2.9697,2.9370,2.9022,2.8663,2.8306,2.7961,2.7640,2.7354,2.7111,2.6919,2.6785,2.6713,2.6705,2.6761,2.6880,2.7058,2.7289,2.7565,2.7879,2.8218,2.8574,2.8933,2.9285],""mean_az"":0.3000,""az"":[3.1519,3.1340,3.1109,3.0832,3.0518,3.0178,2.9823,2.9464,2.9112,2.8779,2.8476,2.8213,2.7997,2.7837,2.7737,2.7700,2.7728,2.7820,2.7972,2.8180,2.8437,2.8736,2.9065,2.9415,2.9774,3.0130,3.0473,3.0791,3.1073,3.1311,3.1497,3.1625],""mean_gx"":0.4000,""gx"":[3.0982,3.0623,3.0267,2.9924,2.9607,2.9324,2.9087,2.8901,2.8774,2.8709,2.8708,2.8771,2.8897,2.9081,2.9318,2.9599,2.9915,3.0257,3.0614,3.0973,3.1323,3.1653,3.1953,3.2212,3.2422,3.2576,3.2670,3.2700,3.2665,3.2568,3.2409,3.2196],""mean_gy"":0.5000,""gy"":[3.0186,2.9977,2.9823,2.9730,2.9700,2.9735,2.9834,2.9992,3.0206,3.0469,3.0771,3.1103,3.1454,3.1814,3.2169,3.2510,3.2824,3.3102,3.3335,3.3515,3.3636,3.3695,3.3689,3.3619,3.3487,3.3297,3.3056,3.2770,3.2451,3.2107,3.1750,3.1391],""mean_gz"":0.6000,""gz"":[3.0782,3.0915,3.1105,3.1347,3.1632,3.1952,3.2296,3.2654,3.3012,3.3361,3.3688,3.3984,3.4237,3.4442,3.4589,3.4676,3.4699,3.4658,3.4553,3.4388,3.4169,3.3902,3.3596,3.3262,3.2909,3.2550,3.2195,3.1857,3.1546,3.1272,3.1044,3.0870],""relayed_by"":2}"
2026-07-17T06:07:09,health_monitor/node_2/cs_ppg,312,"{""ts"":272218,""hr"":79,""spo2"":98.0,""ppg_valid"":true,""finger"":true,""mean_ir"":0.5500,""ir"":[0.6300,0.6841,0.7346,0.7790,0.8151,0.8410,0.8554,0.8573,0.8465,0.8233,0.7884,0.7434,0.6901,0.6307,0.5679,0.5042,0.4426,0.3856,0.3357,0.2949,0.2650,0.2472,0.2420,0.2495,0.2691,0.2997,0.3397,0.3871,0.4394,0.4943,0.5489,0.6007]}"
2026-07-17T06:07:09,health_monitor/node_1/cs_imu,1530,"{""ts"":272312,""finger"":true,""mean_ax"":0.1000,""ax"":[2.8000,2.8358,2.8705,2.9028,2.9319,2.9567,2.9764,2.9904,2.9983,2.9998,2.9948,2.9835,2.9663,2.9437,2.9165,2.8855,2.8517,2.8163,2.7804,2.7450,2.7115,2.6808,2.6540,2.6319,2.6152,2.6045,2.6001,2.6022,2.6106,2.6252,2.6454,2.6707],""mean_ay"":0.2000,""ay"":[3.0683,3.0849,3.0956,3.0999,3.0978,3.0893,3.0746,3.0544,3.0291,2.9997,2.9670,2.9322,2.8963,2.8606,2.8261,2.7940,2.7654,2.7411,2.7219,2.7085,2.7013,2.7005,2.7061,2.7180,2.7358,2.7589,2.7865,2.8179,2.8518,2.8874,2.9233,2.9585],""mean_az"":0.3000,""az"":[3.1819,3.1640,3.1409,3.1132,3.0818,3.0478,3.0123,2.9764,2.9412,2.9079,2.8776,2.8513,2.8297,2.8137,2.8037,2.8000,2.8028,2.8120,2.8272,2.8480,2.8737,2.9036,2.9365,2.9715,3.0074,3.0430,3.0773,3.1091,3.1373,3.1611,3.1797,3.1925],""mean_gx"":0.4000,""gx"":[3.1282,3.0923,3.0567,3.0224,2.9907,2.9624,2.9387,2.9201,2.9074,2.9009,2.9008,2.9071,2.9197,2.9381,2.9618,2.9899,3.0215,3.0557,3.0914,3.1273,3.1623,3.1953,3.2253,3.2512,3.2722,3.2876,3.2970,3.3000,3.2965,3.2868,3.2709,3.2496],""mean_gy"":0.5000,""gy"":[3.0486,3.0277,3.0123,3.0030,3.0000,3.0035,3.0134,3.0292,3.0506,3.0769,3.1071,3.1403,3.1754,3.2114,3.2469,3.2810,3.3124,3.3402,3.3635,3.3815,3.3936,3.3995,3.3989,3.3919,3.3787,3.3597,3.3356,3.3070,3.2751,3.2407,3.2050,3.1691],""mean_gz"":0.6000,""gz"":[3.1082,3.1215,3.1405,3.1647,3.1932,3.2252,3.2596,3.2954,3.3312,3.3661,3.3988,3.4284,3.4537,3.4742,3.4889,3.4976,3.4999,3.4958,3.4853,3.4688,3.4469,3.4202,3.3896,3.3562,3.3209,3.2850,3.2495,3.2157,3.1846,3.1572,3.1344,3.1170],""relayed_by"":2}"
2026-07-17T06:07:12,health_monitor/node_2/cs_ppg,312,"{""ts"":275241,""hr"":79,""spo2"":98.0,""ppg_valid"":true,""finger"":true,""mean_ir"":0.5500,""ir"":[0.6400,0.6941,0.7446,0.7890,0.8251,0.8510,0.8654,0.8673,0.8565,0.8333,0.7984,0.7534,0.7001,0.6407,0.5779,0.5142,0.4526,0.3956,0.3457,0.3049,0.2750,0.2572,0.2520,0.2595,0.2791,0.3097,0.3497,0.3971,0.4494,0.5043,0.5589,0.6107]}"
2026-07-17T06:07:12,health_monitor/node_1/cs_imu,1530,"{""ts"":275340,""finger"":true,""mean_ax"":0.1000,""ax"":[2.8300,2.8658,2.9005,2.9328,2.9619,2.9867,3.0064,3.0204,3.0283,3.0298,3.0248,3.0135,2.9963,2.9737,2.9465,2.9155,2.8817,2.8463,2.8104,2.7750,2.7415,2.7108,2.6840,2.6619,2.6452,2.6345,2.6301,2.6322,2.6406,2.6552,2.6754,2.7007],""mean_ay"":0.2000,""ay"":[3.0983,3.1149,3.1256,3.1299,3.1278,3.1193,3.1046,3.0844,3.0591,3.0297,2.9970,2.9622,2.9263,2.8906,2.8561,2.8240,2.7954,2.7711,2.7519,2.7385,2.7313,2.7305,2.7361,2.7480,2.7658,2.7889,2.8165,2.8479,2.8818,2.9174,2.9533,2.9885],""mean_az"":0.3000,""az"":[3.2119,3.1940,3.1709,3.1432,3.1118,3.0778,3.0423,3.0064,2.9712,2.9379,2.9076,2.8813,2.8597,2.8437,2.8337,2.8300,2.8328,2.8420,2.8572,2.8780,2.9037,2.9336,2.9665,3.0015,3.0374,3.0730,3.1073,3.1391,3.1673,3.1911,3.2097,3.2225],""mean_gx"":0.4000,""gx"":[3.1582,3.1223,3.0867,3.0524,3.0207,2.9924,2.9687,2.9501,2.9374,2.9309,2.9308,2.9371,2.9497,2.9681,2.9918,3.0199,3.0515,3.0857,3.1214,3.1573,3.1923,3.2253,3.2553,3.2812,3.3022,3.3176,3.3270,3.3300,3.3265,3.3168,3.3009,3.2796],""mean_gy"":0.5000,""gy"":[3.0786,3.0577,3.0423,3.0330,3.0300,3.0335,3.0434,3.0592,3.0806,3.1069,3.1371,3.1703,3.2054,3.2414,3.2769,3.3110,3.3424,3.3702,3.3935,3.4115,3.4236,3.4295,3.4289,3.4219,3.4087,3.3897,3.3656,3.3370,3.3051,3.2707,3.2350,3.1991],""mean_gz"":0.6000,""gz"":[3.1382,3.1515,3.1705,3.1947,3.2232,3.2552,3.2896,3.3254,3.3612,3.3961,3.4288,3.4584,3.4837,3.5042,3.5189,3.5276,3.5299,3.5258,3.5153,3.4988,3.4769,3.4502,3.4196,3.3862,3.3509,3.3150,3.2795,3.2457,3.2146,3.1872,3.1644,3.1470],""relayed_by"":2}"
2026-07-17T06:07:15,health_monitor/node_2/cs_ppg,312,"{""ts"":278271,""hr"":79,""spo2"":98.0,""ppg_valid"":true,""finger"":true,""mean_ir"":0.5500,""ir"":[0.6500,0.7041,0.7546,0.7990,0.8351,0.8610,0.8754,0.8773,0.8665,0.8433,0.8084,0.7634,0.7101,0.6507,0.5879,0.5242,0.4626,0.4056,0.3557,0.3149,0.2850,0.2672,0.2620,0.2695,0.2891,0.3197,0.3597,0.4071,0.4594,0.5143,0.5689,0.6207]}"
2026-07-17T06:07:15,health_monitor/node_1/cs_imu,1530,"{""ts"":278372,""finger"":true,""mean_ax"":0.1000,""ax"":[2.8600,2.8958,2.9305,2.9628,2.9919,3.0167,3.0364,3.0504,3.0583,3.0598,3.0548,3.0435,3.0263,3.0037,2.9765,2.9455,2.9117,2.8763,2.8404,2.8050,2.7715,2.7408,2.7140,2.6919,2.6752,2.6645,2.6601,2.6622,2.6706,2.6852,2.7054,2.7307],""mean_ay"":0.2000,""ay"":[3.1283,3.1449,3.1556,3.1599,3.1578,3.1493,3.1346,3.1144,3.0891,3.0597,3.0270,2.9922,2.9563,2.9206,2.8861,2.8540,2.8254,2.8011,2.7819,2.7685,2.7613,2.7605,2.7661,2.7780,2.7958,2.8189,2.8465,2.8779,2.9118,2.9474,2.9833,3.0185],""mean_az"":0.3000,""az"":[3.2419,3.2240,3.2009,3.1732,3.1418,3.1078,3.0723,3.0364,3.0012,2.9679,2.9376,2.9113,2.8897,2.8737,2.8637,2.8600,2.8628,2.8720,2.8872,2.9080,2.9337,2.9636,2.9965,3.0315,3.0674,3.1030,3.1373,3.1691,3.1973,3.2211,3.2397,3.2525],""mean_gx"":0.4000,""gx"":[3.1882,3.1523,3.1167,3.0824,3.0507,3.0224,2.9987,2.9801,2.9674,2.9609,2.9608,2.9671,2.9797,2.9981,3.0218,3.0499,3.0815,3.1157,3.1514,3.1873,3.2223,3.2553,3.2853,3.3112,3.3322,3.3476,3.3570,3.3600,3.3565,3.3468,3.3309,3.3096],""mean_gy"":0.5000,""gy"":[3.1086,3.0877,3.0723,3.0630,3.0600,3.0635,3.0734,3.0892,3.1106,3.1369,3.1671,3.2003,3.2354,3.2714,3.3069,3.3410,3.3724,3.4002,3.4235,3.4415,3.4536,3.4595,3.4589,3.4519,3.4387,3.4197,3.3956,3.3670,3.3351,3.3007,3.2650,3.2291],""mean_gz"":0.6000,""gz"":[3.1682,3.1815,3.2005,3.2247,3.2532,3.2852,3.3196,3.3554,3.3912,3.4261,3.4588,3.4884,3.5137,3.5342,3.5489,3.5576,3.5599,3.5558,3.5453,3.5288,3.5069,3.4802,3.4496,3.4162,3.3809,3.3450,3.3095,3.2757,3.2446,3.2172,3.1944,3.1770],""relayed_by"":2}"
2026-07-17T06:07:18,health_monitor/node_2/cs_ppg,312,"{""ts"":281299,""hr"":79,""spo2"":98.0,""ppg_valid"":true,""finger"":true,""mean_ir"":0.5500,""ir"":[0.6600,0.7141,0.7646,0.8090,0.8451,0.8710,0.8854,0.8873,0.8765,0.8533,0.8184,0.7734,0.7201,0.6607,0.5979,0.5342,0.4726,0.4156,0.3657,0.3249,0.2950,0.2772,0.2720,0.2795,0.2991,0.3297,0.3697,0.4171,0.4694,0.5243,0.5789,0.6307]}"
2026-07-17T06:07:19,health_monitor/node_1/cs_imu,1530,"{""ts"":281407,""finger"":true,""mean_ax"":0.1000,""ax"":[2.8900,2.9258,2.9605,2.9928,3.0219,3.0467,3.0664,3.0804,3.0883,3.0898,3.0848,3.0735,3.0563,3.0337,3.0065,2.9755,2.9417,2.9063,2.8704,2.8350,2.8015,2.7708,2.7440,2.7219,2.7052,2.6945,2.6901,2.6922,2.7006,2.7152,2.7354,2.7607],""mean_ay"":0.2000,""ay"":[3.1583,3.1749,3.1856,3.1899,3.1878,3.1793,3.1646,3.1444,3.1191,3.0897,3.0570,3.0222,2.9863,2.9506,2.9161,2.8840,2.8554,2.8311,2.8119,2.7985,2.7913,2.7905,2.7961,2.8080,2.8258,2.8489,2.8765,2.9079,2.9418,2.9774,3.0133,3.0485],""mean_az"":0.3000,""az"":[3.2719,3.2540,3.2309,3.2032,3.1718,3.1378,3.1023,3.0664,3.0312,2.9979,2.9676,2.9413,2.9197,2.9037,2.8937,2.8900,2.8928,2.9020,2.9172,2.9380,2.9637,2.9936,3.0265,3.0615,3.0974,3.1330,3.1673,3.1991,3.2273,3.2511,3.2697,3.2825],""mean_gx"":0.4000,""gx"":[3.2182,3.1823,3.1467,3.1124,3.0807,3.0524,3.0287,3.0101,2.9974,2.9909,2.9908,2.9971,3.0097,3.0281,3.0518,3.0799,3.1115,3.1457,3.1814,3.2173,3.2523,3.2853,3.3153,3.3412,3.3622,3.3776,3.3870,3.3900,3.3865,3.3768,3.3609,3.3396],""mean_gy"":0.5000,""gy"":[3.1386,3.1177,3.1023,3.0930,3.0900,3.0935,3.1034,3.1192,3.1406,3.1669,3.1971,3.2303,3.2654,3.3014,3.3369,3.3710,3.4024,3.4302,3.4535,3.4715,3.4836,3.4895,3.4889,3.4819,3.4687,3.4497,3.4256,3.3970,3.3651,3.3307,3.2950,3.2591],""mean_gz"":0.6000,""gz"":[3.1982,3.2115,3.2305,3.2547,3.2832,3.3152,3.3496,3.3854,3.4212,3.4561,3.4888,3.5184,3.5437,3.5642,3.5789,3.5876,3.5899,3.5858,3.5753,3.5588,3.5369,3.5102,3.4796,3.4462,3.4109,3.3750,3.3395,3.3057,3.2746,3.2472,3.2244,3.2070],""relayed_by"":2}"
2026-07-17T06:07:21,health_monitor/node_2/cs_ppg,312,"{""ts"":284321,""hr"":79,""spo2"":98.0,""ppg_valid"":true,""finger"":true,""mean_ir"":0.5500,""ir"":[0.6700,0.7241,0.7746,0.8190,0.8551,0.8810,0.8954,0.8973,0.8865,0.8633,0.8284,0.7834,0.7301,0.6707,0.6079,0.5442,0.4826,0.4256,0.3757,0.3349,0.3050,0.2872,0.2820,0.2895,0.3091,0.3397,0.3797,0.4271,0.4794,0.5343,0.5889,0.6407]}"
2026-07-17T06:07:21,health_monitor/node_1/cs_imu,1530,"{""ts"":284431,""finger"":true,""mean_ax"":0.1000,""ax"":[2.9200,2.9558,2.9905,3.0228,3.0519,3.0767,3.0964,3.1104,3.1183,3.1198,3.1148,3.1035,3.0863,3.0637,3.0365,3.0055,2.9717,2.9363,2.9004,2.8650,2.8315,2.8008,2.7740,2.7519,2.7352,2.7245,2.7201,2.7222,2.7306,2.7452,2.7654,2.7907],""mean_ay"":0.2000,""ay"":[3.1883,3.2049,3.2156,3.2199,3.2178,3.2093,3.1946,3.1744,3.1491,3.1197,3.0870,3.0522,3.0163,2.9806,2.9461,2.9140,2.8854,2.8611,2.8419,2.8285,2.8213,2.8205,2.8261,2.8380,2.8558,2.8789,2.9065,2.9379,2.9718,3.0074,3.0433,3.0785],""mean_az"":0.3000,""az"":[3.3019,3.2840,3.2609,3.2332,3.2018,3.1678,3.1323,3.0964,3.0612,3.0279,2.9976,2.9713,2.9497,2.9337,2.9237,2.9200,2.9228,2.9320,2.9472,2.9680,2.9937,3.0236,3.0565,3.0915,3.1274,3.1630,3.1973,3.2291,3.2573,3.2811,3.2997,3.3125],""mean_gx"":0.4000,""gx"":[3.2482,3.2123,3.1767,3.1424,3.1107,3.0824,3.0587,3.0401,3.0274,3.0209,3.0208,3.0271,3.0397,3.0581,3.0818,3.1099,3.1415,3.1757,3.2114,3.2473,3.2823,3.3153,3.3453,3.3712,3.3922,3.4076,3.4170,3.4200,3.4165,3.4068,3.3909,3.3696],""mean_gy"":0.5000,""gy"":[3.1686,3.1477,3.1323,3.1230,3.1200,3.1235,3.1334,3.1492,3.1706,3.1969,3.2271,3.2603,3.2954,3.3314,3.3669,3.4010,3.4324,3.4602,3.4835,3.5015,3.5136,3.5195,3.5189,3.5119,3.4987,3.4797,3.4556,3.4270,3.3951,3.3607,3.3250,3.2891],""mean_gz"":0.6000,""gz"":[3.2282,3.2415,3.2605,3.2847,3.3132,3.3452,3.3796,3.4154,3.4512,3.4861,3.5188,3.5484,3.5737,3.5942,3.6089,3.6176,3.6199,3.6158,3.6053,3.5888,3.5669,3.5402,3.5096,3.4762,3.4409,3.4050,3.3695,3.3357,3.3046,3.2772,3.2544,3.2370],""relayed_by"":2}"
2026-07-17T06:07:24,health_monitor/node_2/cs_ppg,312,"{""ts"":287353,""hr"":79,""spo2"":98.0,""ppg_valid"":true,""finger"":true,""mean_ir"":0.5500,""ir"":[0.6800,0.7341,0.7846,0.8290,0.8651,0.8910,0.9054,0.9073,0.8965,0.8733,0.8384,0.7934,0.7401,0.6807,0.6179,0.5542,0.4926,0.4356,0.3857,0.3449,0.3150,0.2972,0.2920,0.2995,0.3191,0.3497,0.3897,0.4371,0.4894,0.5443,0.5989,0.6507]}"
2026-07-17T06:07:24,health_monitor/node_1/cs_imu,1530,"{""ts"":287457,""finger"":true,""mean_ax"":0.1000,""ax"":[2.9500,2.9858,3.0205,3.0528,3.0819,3.1067,3.1264,3.1404,3.1483,3.1498,3.1448,3.1335,3.1163,3.0937,3.0665,3.0355,3.0017,2.9663,2.9304,2.8950,2.8615,2.8308,2.8040,2.7819,2.7652,2.7545,2.7501,2.7522,2.7606,2.7752,2.7954,2.8207],""mean_ay"":0.2000,""ay"":[3.2183,3.2349,3.2456,3.2499,3.2478,3.2393,3.2246,3.2044,3.1791,3.1497,3.1170,3.0822,3.0463,3.0106,2.9761,2.9440,2.9154,2.8911,2.8719,2.8585,2.8513,2.8505,2.8561,2.8680,2.8858,2.9089,2.9365,2.9679,3.0018,3.0374,3.0733,3.1085],""mean_az"":0.3000,""az"":[3.3319,3.3140,3.2909,3.2632,3.2318,3.1978,3.1623,3.1264,3.0912,3.0579,3.0276,3.0013,2.9797,2.9637,2.9537,2.9500,2.9528,2.9620,2.9772,2.9980,3.0237,3.0536,3.0865,3.1215,3.1574,3.1930,3.2273,3.2591,3.2873,3.3111,3.3297,3.3425],""mean_gx"":0.4000,""gx"":[3.2782,3.2423,3.2067,3.1724,3.1407,3.1124,3.0887,3.0701,3.0574,3.0509,3.0508,3.0571,3.0697,3.0881,3.1118,3.1399,3.1715,3.2057,3.2414,3.2773,3.3123,3.3453,3.3753,3.4012,3.4222,3.4376,3.4470,3.4500,3.4465,3.4368,3.4209,3.3996],""mean_gy"":0.5000,""gy"":[3.1986,3.1777,3.1623,3.1530,3.1500,3.1535,3.1634,3.1792,3.2006,3.2269,3.2571,3.2903,3.3254,3.3614,3.3969,3.4310,3.4624,3.4902,3.5135,3.5315,3.5436,3.5495,3.5489,3.5419,3.5287,3.5097,3.4856,3.4570,3.4251,3.3907,3.3550,3.3191],""mean_gz"":0.6000,""gz"":[3.2582,3.2715,3.2905,3.3147,3.3432,3.3752,3.4096,3.4454,3.4812,3.5161,3.5488,3.5784,3.6037,3.6242,3.6389,3.6476,3.6499,3.6458,3.6353,3.6188,3.5969,3.5702,3.5396,3.5062,3.4709,3.4350,3.3995,3.3657,3.3346,3.3072,3.2844,3.2670],""relayed_by"":2}"
2026-07-17T06:07:27,health_monitor/node_2/cs_ppg,312,"{""ts"":290378,""hr"":79,""spo2"":98.0,""ppg_valid"":true,""finger"":true,""mean_ir"":0.5500,""ir"":[0.6900,0.7441,0.7946,0.8390,0.8751,0.9010,0.9154,0.9173,0.9065,0.8833,0.8484,0.8034,0.7501,0.6907,0.6279,0.5642,0.5026,0.4456,0.3957,0.3549,0.3250,0.3072,0.3020,0.3095,0.3291,0.3597,0.3997,0.4471,0.4994,0.5543,0.6089,0.6607]}"
2026-07-17T06:07:27,health_monitor/node_1/cs_imu,1530,"{""ts"":290477,""finger"":true,""mean_ax"":0.1000,""ax"":[2.9800,3.0158,3.0505,3.0828,3.1119,3.1367,3.1564,3.1704,3.1783,3.1798,3.1748,3.1635,3.1463,3.1237,3.0965,3.0655,3.0317,2.9963,2.9604,2.9250,2.8915,2.8608,2.8340,2.8119,2.7952,2.7845,2.7801,2.7822,2.7906,2.8052,2.8254,2.8507],""mean_ay"":0.2000,""ay"":[3.2483,3.2649,3.2756,3.2799,3.2778,3.2693,3.2546,3.2344,3.2091,3.1797,3.1470,3.1122,3.0763,3.0406,3.0061,2.9740,2.9454,2.9211,2.9019,2.8885,2.8813,2.8805,2.8861,2.8980,2.9158,2.9389,2.9665,2.9979,3.0318,3.0674,3.1033,3.1385],""mean_az"":0.3000,""az"":[3.3619,3.3440,3.3209,3.2932,3.2618,3.2278,3.1923,3.1564,3.1212,3.0879,3.0576,3.0313,3.0097,2.9937,2.9837,2.9800,2.9828,2.9920,3.0072,3.0280,3.0537,3.0836,3.1165,3.1515,3.1874,3.2230,3.2573,3.2891,3.3173,3.3411,3.3597,3.3725],""mean_gx"":0.4000,""gx"":[3.3082,3.2723,3.2367,3.2024,3.1707,3.1424,3.1187,3.1001,3.0874,3.0809,3.0808,3.0871,3.0997,3.1181,3.1418,3.1699,3.2015,3.2357,3.2714,3.3073,3.3423,3.3753,3.4053,3.4312,3.4522,3.4676,3.4770,3.4800,3.4765,3.4668,3.4509,3.4296],""mean_gy"":0.5000,""gy"":[3.2286,3.2077,3.1923,3.1830,3.1800,3.1835,3.1934,3.2092,3.2306,3.2569,3.2871,3.3203,3.3554,3.3914,3.4269,3.4610,3.4924,3.5202,3.5435,3.5615,3.5736,3.5795,3.5789,3.5719,3.5587,3.5397,3.5156,3.4870,3.4551,3.4207,3.3850,3.3491],""mean_gz"":0.6000,""gz"":[3.2882,3.3015,3.3205,3.3447,3.3732,3.4052,3.4396,3.4754,3.5112,3.5461,3.5788,3.6084,3.6337,3.6542,3.6689,3.6776,3.6799,3.6758,3.6653,3.6488,3.6269,3.6002,3.5696,3.5362,3.5009,3.4650,3.4295,3.3957,3.3646,3.3372,3.3144,3.2970],""relayed_by"":2}"
2026-07-17T06:07:30,health_monitor/node_2/cs_ppg,312,"{""ts"":293401,""hr"":79,""spo2"":98.0,""ppg_valid"":true,""finger"":true,""mean_ir"":0.5500,""ir"":[0.7000,0.7541,0.8046,0.8490,0.8851,0.9110,0.9254,0.9273,0.9165,0.8933,0.8584,0.8134,0.7601,0.7007,0.6379,0.5742,0.5126,0.4556,0.4057,0.3649,0.3350,0.3172,0.3120,0.3195,0.3391,0.3697,0.4097,0.4571,0.5094,0.5643,0.6189,0.6707]}"
2026-07-17T06:07:32,health_monitor/node_1/cs_imu,1530,"{""ts"":293510,""finger"":true,""mean_ax"":0.1000,""ax"":[3.0100,3.0458,3.0805,3.1128,3.1419,3.1667,3.1864,3.2004,3.2083,3.2098,3.2048,3.1935,3.1763,3.1537,3.1265,3.0955,3.0617,3.0263,2.9904,2.9550,2.9215,2.8908,2.8640,2.8419,2.8252,2.8145,2.8101,2.8122,2.8206,2.8352,2.8554,2.8807],""mean_ay"":0.2000,""ay"":[3.2783,3.2949,3.3056,3.3099,3.3078,3.2993,3.2846,3.2644,3.2391,3.2097,3.1770,3.1422,3.1063,3.0706,3.0361,3.0040,2.9754,2.9511,2.9319,2.9185,2.9113,2.9105,2.9161,2.9280,2.9458,2.9689,2.9965,3.0279,3.0618,3.0974,3.1333,3.1685],""mean_az"":0.3000,""az"":[3.3919,3.3740,3.3509,3.3232,3.2918,3.2578,3.2223,3.1864,3.1512,3.1179,3.0876,3.0613,3.0397,3.0237,3.0137,3.0100,3.0128,3.0220,3.0372,3.0580,3.0837,3.1136,3.1465,3.1815,3.2174,3.2530,3.2873,3.3191,3.3473,3.3711,3.3897,3.4025],""mean_gx"":0.4000,""gx"":[3.3382,3.3023,3.2667,3.2324,3.2007,3.1724,3.1487,3.1301,3.1174,3.1109,3.1108,3.1171,3.1297,3.1481,3.1718,3.1999,3.2315,3.2657,3.3014,3.3373,3.3723,3.4053,3.4353,3.4612,3.4822,3.4976,3.5070,3.5100,3.5065,3.4968,3.4809,3.4596],""mean_gy"":0.5000,""gy"":[3.2586,3.2377,3.2223,3.2130,3.2100,3.2135,3.2234,3.2392,3.2606,3.2869,3.3171,3.3503,3.3854,3.4214,3.4569,3.4910,3.5224,3.5502,3.5735,3.5915,3.6036,3.6095,3.6089,3.6019,3.5887,3.5697,3.5456,3.5170,3.4851,3.4507,3.4150,3.3791],""mean_gz"":0.6000,""gz"":[3.3182,3.3315,3.3505,3.3747,3.4032,3.4352,3.4696,3.5054,3.5412,3.5761,3.6088,3.6384,3.6637,3.6842,3.6989,3.7076,3.7099,3.7058,3.6953,3.6788,3.6569,3.6302,3.5996,3.5662,3.5309,3.4950,3.4595,3.4257,3.3946,3.3672,3.3444,3.3270],""relayed_by"":2}"
2026-07-17T06:07:33,health_monitor/node_2/cs_ppg,312,"{""ts"":296431,""hr"":79,""spo2"":98.0,""ppg_valid"":true,""finger"":true,""mean_ir"":0.5500,""ir"":[0.7100,0.7641,0.8146,0.8590,0.8951,0.9210,0.9354,0.9373,0.9265,0.9033,0.8684,0.8234,0.7701,0.7107,0.6479,0.5842,0.5226,0.4656,0.4157,0.3749,0.3450,0.3272,0.3220,0.3295,0.3491,0.3797,0.4197,0.4671,0.5194,0.5743,0.6289,0.6807]}"
2026-07-17T06:07:34,health_monitor/node_1/cs_imu,1530,"{""ts"":296534,""finger"":true,""mean_ax"":0.1000,""ax"":[3.0400,3.0758,3.1105,3.1428,3.1719,3.1967,3.2164,3.2304,3.2383,3.2398,3.2348,3.2235,3.2063,3.1837,3.1565,3.1255,3.0917,3.0563,3.0203,2.9850,2.9515,2.9208,2.8940,2.8719,2.8552,2.8445,2.8401,2.8422,2.8506,2.8652,2.8854,2.9107],""mean_ay"":0.2000,""ay"":[3.3083,3.3249,3.3356,3.3399,3.3378,3.3293,3.3146,3.2944,3.2691,3.2397,3.2070,3.1722,3.1363,3.1006,3.0661,3.0340,3.0054,2.9811,2.9619,2.9485,2.9413,2.9405,2.9461,2.9580,2.9758,2.9989,3.0265,3.0579,3.0918,3.1274,3.1633,3.1985],""mean_az"":0.3000,""az"":[3.4219,3.4040,3.3809,3.3532,3.3218,3.2878,3.2523,3.2164,3.1812,3.1479,3.1176,3.0913,3.0697,3.0537,3.0437,3.0400,3.0428,3.0520,3.0672,3.0880,3.1137,3.1436,3.1765,3.2115,3.2474,3.2830,3.3173,3.3491,3.3773,3.4011,3.4197,3.4325],""mean_gx"":0.4000,""gx"":[3.3682,3.3323,3.2967,3.2624,3.2307,3.2024,3.1787,3.1601,3.1474,3.1409,3.1408,3.1471,3.1597,3.1781,3.2018,3.2299,3.2615,3.2957,3.3314,3.3673,3.4023,3.4353,3.4653,3.4912,3.5122,3.5276,3.5370,3.5400,3.5365,3.5268,3.5109,3.4896],""mean_gy"":0.5000,""gy"":[3.2886,3.2677,3.2523,3.2430,3.2400,3.2435,3.2534,3.2692,3.2906,3.3169,3.3471,3.3803,3.4154,3.4514,3.4869,3.5210,3.5524,3.5802,3.6035,3.6215,3.6336,3.6395,3.6389,3.6319,3.6187,3.5997,3.5756,3.5470,3.5151,3.4807,3.4450,3.4091],""mean_gz"":0.6000,""gz"":[3.3482,3.3615,3.3805,3.4047,3.4332,3.4652,3.4996,3.5354,3.5712,3.6061,3.6388,3.6684,3.6937,3.7142,3.7289,3.7376,3.7399,3.7358,3.7253,3.7088,3.6869,3.6602,3.6296,3.5962,3.5609,3.5250,3.4895,3.4557,3.4246,3.3972,3.3744,3.3570],""relayed_by"":2}"
2026-07-17T06:07:36,health_monitor/node_2/cs_ppg,312,"{""ts"":299456,""hr"":79,""spo2"":98.0,""ppg_valid"":true,""finger"":true,""mean_ir"":0.5500,""ir"":[0.7200,0.7741,0.8246,0.8690,0.9051,0.9310,0.9454,0.9473,0.9365,0.9133,0.8784,0.8334,0.7801,0.7207,0.6579,0.5942,0.5326,0.4756,0.4257,0.3849,0.3550,0.3372,0.3320,0.3395,0.3591,0.3897,0.4297,0.4771,0.5294,0.5843,0.6389,0.6907]}"
2026-07-17T06:07:36,health_monitor/node_1/cs_imu,1530,"{""ts"":299563,""finger"":true,""mean_ax"":0.1000,""ax"":[3.0700,3.1058,3.1405,3.1728,3.2019,3.2267,3.2464,3.2604,3.2683,3.2698,3.2648,3.2535,3.2363,3.2137,3.1865,3.1555,3.1217,3.0863,3.0504,3.0150,2.9815,2.9508,2.9240,2.9019,2.8852,2.8745,2.8701,2.8722,2.8806,2.8952,2.9154,2.9407],""mean_ay"":0.2000,""ay"":[3.3383,3.3549,3.3656,3.3699,3.3678,3.3593,3.3446,3.3244,3.2991,3.2697,3.2370,3.2022,3.1663,3.1306,3.0961,3.0640,3.0354,3.0111,2.9919,2.9785,2.9713,2.9705,2.9761,2.9880,3.0058,3.0289,3.0565,3.0879,3.1218,3.1574,3.1933,3.2285],""mean_az"":0.3000,""az"":[3.4519,3.4340,3.4109,3.3832,3.3518,3.3178,3.2823,3.2464,3.2112,3.1779,3.1476,3.1213,3.0997,3.0837,3.0737,3.0700,3.0728,3.0820,3.0972,3.1180,3.1437,3.1736,3.2065,3.2415,3.2774,3.3130,3.3473,3.3791,3.4073,3.4311,3.4497,3.4625],""mean_gx"":0.4000,""gx"":[3.3982,3.3623,3.3267,3.2924,3.2607,3.2324,3.2087,3.1901,3.1774,3.1709,3.1708,3.1771,3.1897,3.2081,3.2318,3.2599,3.2915,3.3257,3.3614,3.3973,3.4323,3.4653,3.4953,3.5212,3.5422,3.5576,3.5670,3.5700,3.5665,3.5568,3.5409,3.5196],""mean_gy"":0.5000,""gy"":[3.3186,3.2977,3.2823,3.2730,3.2700,3.2735,3.2834,3.2992,3.3206,3.3469,3.3771,3.4103,3.4454,3.4814,3.5169,3.5510,3.5824,3.6102,3.6335,3.6515,3.6636,3.6695,3.6689,3.6619,3.6487,3.6297,3.6056,3.5770,3.5451,3.5107,3.4750,3.4391],""mean_gz"":0.6000,""gz"":[3.3782,3.3915,3.4105,3.4347,3.4632,3.4952,3.5296,3.5654,3.6012,3.6361,3.6688,3.6984,3.7237,3.7442,3.7589,3.7676,3.7699,3.7658,3.7553,3.7388,3.7169,3.6902,3.6596,3.6262,3.5909,3.5550,3.5195,3.4857,3.4546,3.4272,3.4044,3.3870],""relayed_by"":2}"
2026-07-17T06:07:39,health_monitor/node_2/cs_ppg,312,"{""ts"":302480,""hr"":79,""spo2"":98.0,""ppg_valid"":true,""finger"":true,""mean_ir"":0.5500,""ir"":[0.6300,0.6841,0.7346,0.7790,0.8151,0.8410,0.8554,0.8573,0.8465,0.8233,0.7884,0.7434,0.6901,0.6307,0.5679,0.5042,0.4426,0.3856,0.3357,0.2949,0.2650,0.2472,0.2420,0.2495,0.2691,0.2997,0.3397,0.3871,0.4394,0.4943,0.5489,0.6007]}"
2026-07-17T06:07:39,health_monitor/node_1/cs_imu,1515,"{""ts"":302591,""finger"":true,""mean_ax"":0.1000,""ax"":[3.1000,3.1358,3.1705,3.2028,3.2319,3.2567,3.2764,3.2904,3.2983,3.2998,3.2948,3.2835,3.2663,3.2437,3.2165,3.1855,3.1517,3.1163,3.0804,3.0450,3.0115,2.9808,2.9540,2.9319,2.9152,2.9045,2.9001,2.9022,2.9106,2.9252,2.9454,2.9707],""mean_ay"":0.2000,""ay"":[3.3683,3.3849,3.3956,3.3999,3.3978,3.3893,3.3746,3.3544,3.3291,3.2997,3.2670,3.2322,3.1963,3.1606,3.1261,3.0940,3.0654,3.0411,3.0219,3.0085,3.0013,3.0005,3.0061,3.0180,3.0358,3.0589,3.0865,3.1179,3.1518,3.1874,3.2233,3.2585],""mean_az"":0.3000,""az"":[3.4819,3.4640,3.4409,3.4132,3.3818,3.3478,3.3123,3.2764,3.2412,3.2079,3.1776,3.1513,3.1297,3.1137,3.1037,3.1000,3.1028,3.1120,3.1272,3.1480,3.1737,3.2036,3.2365,3.2715,3.3074,3.3430,3.3773,3.4091,3.4373,3.4611,3.4797,3.4925],""mean_gx"":0.4000,""gx"":[3.4282,3.3923,3.3567,3.3224,3.2907,3.2624,3.2387,3.2201,3.2074,3.2009,3.2008,3.2071,3.2197,3.2381,3.2618,3.2899,3.3215,3.3557,3.3914,3.4273,3.4623,3.4953,3.5253,3.5512,3.5722,3.5876,3.5970,3.6000,3.5965,3.5868,3.5709,3.5496],""mean_gy"":0.5000,""gy"":[3.3486,3.3277,3.3123,3.3030,3.3000,3.3035,3.3134,3.3292,3.3506,3.3769,3.4071,3.4403,3.4754,3.5114,3.5469,3.5810,3.6124,3.6402,3.6635,3.6815,3.6936,3.6995,3.6989,3.6919,3.6787,3.6597,3.6356,3.6070,3.5751,3.5407,3.5050,3.4691],""mean_gz"":0.6000,""gz"":[3.4082,3.4215,3.4405,3.4647,3.4932,3.5252,3.5596,3.5954,3.6312,3.6661,3.6988,3.7284,3.7537,3.7742,3.7889,3.7976,3.7999,3.7958,3.7853,3.7688,3.7469,3.7202,3.6896,3.6562,3.6209,3.5850,3.5495,3.5157,3.4846,3.4572,3.4344,3.4170]}"
2026-07-17T06:07:42,health_monitor/node_2/cs_ppg,312,"{""ts"":305510,""hr"":79,""spo2"":98.0,""ppg_valid"":true,""finger"":true,""mean_ir"":0.5500,""ir"":[0.6400,0.6941,0.7446,0.7890,0.8251,0.8510,0.8654,0.8673,0.8565,0.8333,0.7984,0.7534,0.7001,0.6407,0.5779,0.5142,0.4526,0.3956,0.3457,0.3049,0.2750,0.2572,0.2520,0.2595,0.2791,0.3097,0.3497,0.3971,0.4494,0.5043,0.5589,0.6107]}"
2026-07-17T06:07:42,health_monitor/node_1/cs_imu,1515,"{""ts"":305621,""finger"":true,""mean_ax"":0.1000,""ax"":[3.1300,3.1658,3.2005,3.2328,3.2619,3.2867,3.3064,3.3204,3.3283,3.3298,3.3248,3.3135,3.2963,3.2737,3.2465,3.2155,3.1817,3.1463,3.1104,3.0750,3.0415,3.0108,2.9840,2.9619,2.9452,2.9345,2.9301,2.9322,2.9406,2.9552,2.9754,3.0007],""mean_ay"":0.2000,""ay"":[3.3983,3.4149,3.4256,3.4299,3.4278,3.4193,3.4046,3.3844,3.3591,3.3297,3.2970,3.2622,3.2263,3.1906,3.1561,3.1240,3.0954,3.0711,3.0519,3.0385,3.0313,3.0305,3.0361,3.0480,3.0658,3.0889,3.1165,3.1479,3.1818,3.2174,3.2533,3.2885],""mean_az"":0.3000,""az"":[3.5119,3.4940,3.4709,3.4432,3.4118,3.3778,3.3423,3.3064,3.2712,3.2379,3.2076,3.1813,3.1597,3.1437,3.1337,3.1300,3.1328,3.1420,3.1572,3.1780,3.2037,3.2336,3.2665,3.3015,3.3374,3.3730,3.4073,3.4391,3.4673,3.4911,3.5097,3.5225],""mean_gx"":0.4000,""gx"":[3.4582,3.4223,3.3867,3.3524,3.3207,3.2924,3.2687,3.2501,3.2374,3.2309,3.2308,3.2371,3.2497,3.2681,3.2918,3.3199,3.3515,3.3857,3.4214,3.4573,3.4923,3.5253,3.5553,3.5812,3.6022,3.6176,3.6270,3.6300,3.6265,3.6168,3.6009,3.5796],""mean_gy"":0.5000,""gy"":[3.3786,3.3577,3.3423,3.3330,3.3300,3.3335,3.3434,3.3592,3.3806,3.4069,3.4371,3.4703,3.5054,3.5414,3.5769,3.6110,3.6424,3.6702,3.6935,3.7115,3.7236,3.7295,3.7289,3.7219,3.7087,3.6897,3.6656,3.6370,3.6051,3.5707,3.5350,3.4991],""mean_gz"":0.6000,""gz"":[3.4382,3.4515,3.4705,3.4947,3.5232,3.5552,3.5896,3.6254,3.6612,3.6961,3.7288,3.7584,3.7837,3.8042,3.8189,3.8276,3.8299,3.8258,3.8153,3.7988,3.7769,3.7502,3.7196,3.6862,3.6509,3.6150,3.5795,3.5457,3.5146,3.4872,3.4644,3.4470]}"
2026-07-17T06:07:45,health_monitor/node_2/cs_ppg,312,"{""ts"":308532,""hr"":79,""spo2"":98.0,""ppg_valid"":true,""finger"":true,""mean_ir"":0.5500,""ir"":[0.6500,0.7041,0.7546,0.7990,0.8351,0.8610,0.8754,0.8773,0.8665,0.8433,0.8084,0.7634,0.7101,0.6507,0.5879,0.5242,0.4626,0.4056,0.3557,0.3149,0.2850,0.2672,0.2620,0.2695,0.2891,0.3197,0.3597,0.4071,0.4594,0.5143,0.5689,0.6207]}"
2026-07-17T06:07:45,health_monitor/node_1/cs_imu,1515,"{""ts"":308655,""finger"":true,""mean_ax"":0.1000,""ax"":[3.1600,3.1958,3.2305,3.2628,3.2919,3.3167,3.3364,3.3504,3.3583,3.3598,3.3548,3.3435,3.3263,3.3037,3.2765,3.2455,3.2117,3.1763,3.1404,3.1050,3.0715,3.0408,3.0140,2.9919,2.9752,2.9645,2.9601,2.9622,2.9706,2.9852,3.0054,3.0307],""mean_ay"":0.2000,""ay"":[3.4283,3.4449,3.4556,3.4599,3.4578,3.4493,3.4346,3.4144,3.3891,3.3597,3.3270,3.2922,3.2563,3.2206,3.1861,3.1540,3.1254,3.1011,3.0819,3.0685,3.0613,3.0605,3.0661,3.0780,3.0958,3.1189,3.1465,3.1779,3.2118,3.2474,3.2833,3.3185],""mean_az"":0.3000,""az"":[3.5419,3.5240,3.5009,3.4732,3.4418,3.4078,3.3723,3.3364,3.3012,3.2679,3.2376,3.2113,3.1897,3.1737,3.1637,3.1600,3.1628,3.1720,3.1872,3.2080,3.2337,3.2636,3.2965,3.3315,3.3674,3.4030,3.4373,3.4691,3.4973,3.5211,3.5397,3.5525],""mean_gx"":0.4000,""gx"":[3.4882,3.4523,3.4167,3.3824,3.3507,3.3224,3.2987,3.2801,3.2674,3.2609,3.2608,3.2671,3.2797,3.2981,3.3218,3.3499,3.3815,3.4157,3.4514,3.4873,3.5223,3.5553,3.5853,3.6112,3.6322,3.6476,3.6570,3.6600,3.6565,3.6468,3.6309,3.6096],""mean_gy"":0.5000,""gy"":[3.4086,3.3877,3.3723,3.3630,3.3600,3.3635,3.3734,3.3892,3.4106,3.4369,3.4671,3.5003,3.5354,3.5714,3.6069,3.6410,3.6724,3.7002,3.7235,3.7415,3.7536,3.7595,3.7589,3.7519,3.7387,3.7197,3.6956,3.6670,3.6351,3.6007,3.5650,3.5291],""mean_gz"":0.6000,""gz"":[3.4682,3.4815,3.5005,3.5247,3.5532,3.5852,3.6196,3.6554,3.6912,3.7261,3.7588,3.7884,3.8137,3.8342,3.8489,3.8576,3.8599,3.8558,3.8453,3.8288,3.8069,3.7802,3.7496,3.7162,3.6809,3.6450,3.6095,3.5757,3.5446,3.5172,3.4944,3.4770]}"
2026-07-17T06:07:48,health_monitor/node_2/cs_ppg,312,"{""ts"":311555,""hr"":79,""spo2"":98.0,""ppg_valid"":true,""finger"":true,""mean_ir"":0.5500,""ir"":[0.6600,0.7141,0.7646,0.8090,0.8451,0.8710,0.8854,0.8873,0.8765,0.8533,0.8184,0.7734,0.7201,0.6607,0.5979,0.5342,0.4726,0.4156,0.3657,0.3249,0.2950,0.2772,0.2720,0.2795,0.2991,0.3297,0.3697,0.4171,0.4694,0.5243,0.5789,0.6307]}"
2026-07-17T06:07:49,health_monitor/node_1/cs_imu,1515,"{""ts"":311691,""finger"":true,""mean_ax"":0.1000,""ax"":[3.1900,3.2258,3.2605,3.2928,3.3219,3.3467,3.3664,3.3804,3.3883,3.3898,3.3848,3.3735,3.3563,3.3337,3.3065,3.2755,3.2417,3.2063,3.1704,3.1350,3.1015,3.0708,3.0440,3.0219,3.0052,2.9945,2.9901,2.9922,3.0006,3.0152,3.0354,3.0607],""mean_ay"":0.2000,""ay"":[3.4583,3.4749,3.4856,3.4899,3.4878,3.4793,3.4646,3.4444,3.4191,3.3897,3.3570,3.3222,3.2863,3.2506,3.2161,3.1840,3.1554,3.1311,3.1119,3.0985,3.0913,3.0905,3.0961,3.1080,3.1258,3.1489,3.1765,3.2079,3.2418,3.2774,3.3133,3.3485],""mean_az"":0.3000,""az"":[3.5719,3.5540,3.5309,3.5032,3.4718,3.4378,3.4023,3.3664,3.3312,3.2979,3.2676,3.2413,3.2197,3.2037,3.1937,3.1900,3.1928,3.2020,3.2172,3.2380,3.2637,3.2936,3.3265,3.3615,3.3974,3.4330,3.4673,3.4991,3.5273,3.5511,3.5697,3.5825],""mean_gx"":0.4000,""gx"":[3.5182,3.4823,3.4467,3.4124,3.3807,3.3524,3.3287,3.3101,3.2974,3.2909,3.2908,3.2971,3.3097,3.3281,3.3518,3.3799,3.4115,3.4457,3.4814,3.5173,3.5523,3.5853,3.6153,3.6412,3.6622,3.6776,3.6870,3.6900,3.6865,3.6768,3.6609,3.6396],""mean_gy"":0.5000,""gy"":[3.4386,3.4177,3.4023,3.3930,3.3900,3.3935,3.4034,3.4192,3.4406,3.4669,3.4971,3.5303,3.5654,3.6014,3.6369,3.6710,3.7024,3.7302,3.7535,3.7715,3.7836,3.7895,3.7889,3.7819,3.7687,3.7497,3.7256,3.6970,3.6651,3.6307,3.5950,3.5591],""mean_gz"":0.6000,""gz"":[3.4982,3.5115,3.5305,3.5547,3.5832,3.6152,3.6496,3.6854,3.7212,3.7561,3.7888,3.8184,3.8437,3.8642,3.8789,3.8876,3.8899,3.8858,3.8753,3.8588,3.8369,3.8102,3.7796,3.7462,3.7109,3.6750,3.6395,3.6057,3.5746,3.5472,3.5244,3.5070]}"
2026-07-17T06:07:51,health_monitor/node_2/cs_ppg,312,"{""ts"":314580,""hr"":79,""spo2"":98.0,""ppg_valid"":true,""finger"":true,""mean_ir"":0.5500,""ir"":[0.6700,0.7241,0.7746,0.8190,0.8551,0.8810,0.8954,0.8973,0.8865,0.8633,0.8284,0.7834,0.7301,0.6707,0.6079,0.5442,0.4826,0.4256,0.3757,0.3349,0.3050,0.2872,0.2820,0.2895,0.3091,0.3397,0.3797,0.4271,0.4794,0.5343,0.5889,0.6407]}"
2026-07-17T06:07:51,health_monitor/node_1/cs_imu,1515,"{""ts"":314719,""finger"":true,""mean_ax"":0.1000,""ax"":[3.2200,3.2558,3.2905,3.3228,3.3519,3.3767,3.3964,3.4104,3.4183,3.4198,3.4148,3.4035,3.3863,3.3637,3.3365,3.3055,3.2717,3.2363,3.2004,3.1650,3.1315,3.1008,3.0740,3.0519,3.0352,3.0245,3.0201,3.0222,3.0306,3.0452,3.0654,3.0907],""mean_ay"":0.2000,""ay"":[3.4883,3.5049,3.5156,3.5199,3.5178,3.5093,3.4946,3.4744,3.4491,3.4197,3.3870,3.3522,3.3163,3.2806,3.2461,3.2140,3.1854,3.1611,3.1419,3.1285,3.1213,3.1205,3.1261,3.1380,3.1558,3.1789,3.2065,3.2379,3.2718,3.3074,3.3433,3.3785],""mean_az"":0.3000,""az"":[3.6019,3.5840,3.5609,3.5332,3.5018,3.4678,3.4323,3.3964,3.3612,3.3279,3.2976,3.2713,3.2497,3.2337,3.2237,3.2200,3.2228,3.2320,3.2472,3.2680,3.2937,3.3236,3.3565,3.3915,3.4274,3.4630,3.4973,3.5291,3.5573,3.5811,3.5997,3.6125],""mean_gx"":0.4000,""gx"":[3.5482,3.5123,3.4767,3.4424,3.4107,3.3824,3.3587,3.3401,3.3274,3.3209,3.3208,3.3271,3.3397,3.3581,3.3818,3.4099,3.4415,3.4757,3.5114,3.5473,3.5823,3.6153,3.6453,3.6712,3.6922,3.7076,3.7170,3.7200,3.7165,3.7068,3.6909,3.6696],""mean_gy"":0.5000,""gy"":[3.4686,3.4477,3.4323,3.4230,3.4200,3.4235,3.4334,3.4492,3.4706,3.4969,3.5271,3.5603,3.5954,3.6314,3.6669,3.7010,3.7324,3.7602,3.7835,3.8015,3.8136,3.8195,3.8189,3.8119,3.7987,3.7797,3.7556,3.7270,3.6951,3.6607,3.6250,3.5891],""mean_gz"":0.6000,""gz"":[3.5282,3.5415,3.5605,3.5847,3.6132,3.6452,3.6796,3.7154,3.7512,3.7861,3.8188,3.8484,3.8737,3.8942,3.9089,3.9176,3.9199,3.9158,3.9053,3.8888,3.8669,3.8402,3.8096,3.7762,3.7409,3.7050,3.6695,3.6357,3.6046,3.5772,3.5544,3.5370]}"
2026-07-17T06:07:54,health_monitor/node_2/cs_ppg,312,"{""ts"":317603,""hr"":79,""spo2"":98.0,""ppg_valid"":true,""finger"":true,""mean_ir"":0.5500,""ir"":[0.6800,0.7341,0.7846,0.8290,0.8651,0.8910,0.9054,0.9073,0.8965,0.8733,0.8384,0.7934,0.7401,0.6807,0.6179,0.5542,0.4926,0.4356,0.3857,0.3449,0.3150,0.2972,0.2920,0.2995,0.3191,0.3497,0.3897,0.4371,0.4894,0.5443,0.5989,0.6507]}"
2026-07-17T06:07:55,health_monitor/node_1/cs_imu,1515,"{""ts"":317754,""finger"":true,""mean_ax"":0.1000,""ax"":[3.2500,3.2858,3.3205,3.3528,3.3819,3.4067,3.4264,3.4404,3.4483,3.4498,3.4448,3.4335,3.4163,3.3937,3.3665,3.3355,3.3017,3.2663,3.2304,3.1950,3.1615,3.1308,3.1040,3.0819,3.0652,3.0545,3.0501,3.0522,3.0606,3.0752,3.0954,3.1207],""mean_ay"":0.2000,""ay"":[3.5183,3.5349,3.5456,3.5499,3.5478,3.5393,3.5246,3.5044,3.4791,3.4497,3.4170,3.3822,3.3463,3.3106,3.2761,3.2440,3.2154,3.1911,3.1719,3.1585,3.1513,3.1505,3.1561,3.1680,3.1858,3.2089,3.2365,3.2679,3.3018,3.3374,3.3733,3.4085],""mean_az"":0.3000,""az"":[3.6319,3.6140,3.5909,3.5632,3.5318,3.4978,3.4623,3.4264,3.3912,3.3579,3.3276,3.3013,3.2797,3.2637,3.2537,3.2500,3.2528,3.2620,3.2772,3.2980,3.3237,3.3536,3.3865,3.4215,3.4574,3.4930,3.5273,3.5591,3.5873,3.6111,3.6297,3.6425],""mean_gx"":0.4000,""gx"":[3.5782,3.5423,3.5067,3.4724,3.4407,3.4124,3.3887,3.3701,3.3574,3.3509,3.3508,3.3571,3.3697,3.3881,3.4118,3.4399,3.4715,3.5057,3.5414,3.5773,3.6123,3.6453,3.6753,3.7012,3.7222,3.7376,3.7470,3.7500,3.7465,3.7368,3.7209,3.6996],""mean_gy"":0.5000,""gy"":[3.4986,3.4777,3.4623,3.4530,3.4500,3.4535,3.4634,3.4792,3.5006,3.5269,3.5571,3.5903,3.6254,3.6614,3.6969,3.7310,3.7624,3.7902,3.8135,3.8315,3.8436,3.8495,3.8489,3.8419,3.8287,3.8097,3.7856,3.7570,3.7251,3.6907,3.6550,3.6191],""mean_gz"":0.6000,""gz"":[3.5582,3.5715,3.5905,3.6147,3.6432,3.6752,3.7096,3.7454,3.7812,3.8161,3.8488,3.8784,3.9037,3.9242,3.9389,3.9476,3.9499,3.9458,3.9353,3.9188,3.8969,3.8702,3.8396,3.8062,3.7709,3.7350,3.6995,3.6657,3.6346,3.6072,3.5844,3.5670]}"
2026-07-17T06:07:57,health_monitor/node_2/cs_ppg,312,"{""ts"":320629,""hr"":79,""spo2"":98.0,""ppg_valid"":true,""finger"":true,""mean_ir"":0.5500,""ir"":[0.6900,0.7441,0.7946,0.8390,0.8751,0.9010,0.9154,0.9173,0.9065,0.8833,0.8484,0.8034,0.7501,0.6907,0.6279,0.5642,0.5026,0.4456,0.3957,0.3549,0.3250,0.3072,0.3020,0.3095,0.3291,0.3597,0.3997,0.4471,0.4994,0.5543,0.6089,0.6607]}"
2026-07-17T06:07:58,health_monitor/node_1/cs_imu,1515,"{""ts"":320788,""finger"":true,""mean_ax"":0.1000,""ax"":[3.2800,3.3158,3.3505,3.3828,3.4119,3.4367,3.4564,3.4704,3.4783,3.4798,3.4748,3.4635,3.4463,3.4237,3.3965,3.3655,3.3317,3.2963,3.2603,3.2250,3.1915,3.1608,3.1340,3.1119,3.0952,3.0845,3.0801,3.0822,3.0906,3.1052,3.1254,3.1507],""mean_ay"":0.2000,""ay"":[3.5483,3.5649,3.5756,3.5799,3.5778,3.5693,3.5546,3.5344,3.5091,3.4797,3.4470,3.4122,3.3763,3.3406,3.3061,3.2740,3.2454,3.2211,3.2019,3.1885,3.1813,3.1805,3.1861,3.1980,3.2158,3.2389,3.2665,3.2979,3.3318,3.3674,3.4033,3.4385],""mean_az"":0.3000,""az"":[3.6619,3.6440,3.6209,3.5932,3.5618,3.5278,3.4923,3.4564,3.4212,3.3879,3.3576,3.3313,3.3097,3.2937,3.2837,3.2800,3.2828,3.2920,3.3072,3.3280,3.3537,3.3836,3.4165,3.4515,3.4874,3.5230,3.5573,3.5891,3.6173,3.6411,3.6597,3.6725],""mean_gx"":0.4000,""gx"":[3.6082,3.5723,3.5367,3.5024,3.4707,3.4424,3.4187,3.4001,3.3874,3.3809,3.3808,3.3871,3.3997,3.4181,3.4418,3.4699,3.5015,3.5357,3.5714,3.6073,3.6423,3.6753,3.7053,3.7312,3.7522,3.7676,3.7770,3.7800,3.7765,3.7668,3.7509,3.7296],""mean_gy"":0.5000,""gy"":[3.5286,3.5077,3.4923,3.4830,3.4800,3.4835,3.4934,3.5092,3.5306,3.5569,3.5871,3.6203,3.6554,3.6914,3.7269,3.7610,3.7924,3.8202,3.8435,3.8615,3.8736,3.8795,3.8789,3.8719,3.8587,3.8397,3.8156,3.7870,3.7551,3.7207,3.6850,3.6491],""mean_gz"":0.6000,""gz"":[3.5882,3.6015,3.6205,3.6447,3.6732,3.7052,3.7396,3.7754,3.8112,3.8461,3.8788,3.9084,3.9337,3.9542,3.9689,3.9776,3.9799,3.9758,3.9653,3.9488,3.9269,3.9002,3.8696,3.8362,3.8009,3.7650,3.7295,3.6957,3.6646,3.6372,3.6144,3.5970]}"
2026-07-17T06:08:00,health_monitor/node_2/cs_ppg,312,"{""ts"":323660,""hr"":79,""spo2"":98.0,""ppg_valid"":true,""finger"":true,""mean_ir"":0.5500,""ir"":[0.7000,0.7541,0.8046,0.8490,0.8851,0.9110,0.9254,0.9273,0.9165,0.8933,0.8584,0.8134,0.7601,0.7007,0.6379,0.5742,0.5126,0.4556,0.4057,0.3649,0.3350,0.3172,0.3120,0.3195,0.3391,0.3697,0.4097,0.4571,0.5094,0.5643,0.6189,0.6707]}"
2026-07-17T06:08:01,health_monitor/node_1/cs_imu,1515,"{""ts"":323819,""finger"":true,""mean_ax"":0.1000,""ax"":[3.3100,3.3458,3.3805,3.4128,3.4419,3.4667,3.4864,3.5004,3.5083,3.5098,3.5048,3.4935,3.4763,3.4537,3.4265,3.3955,3.3617,3.3263,3.2904,3.2550,3.2215,3.1908,3.1640,3.1419,3.1252,3.1145,3.1101,3.1122,3.1206,3.1352,3.1554,3.1807],""mean_ay"":0.2000,""ay"":[3.5783,3.5949,3.6056,3.6099,3.6078,3.5993,3.5846,3.5644,3.5391,3.5097,3.4770,3.4422,3.4063,3.3706,3.3361,3.3040,3.2754,3.2511,3.2319,3.2185,3.2113,3.2105,3.2161,3.2280,3.2458,3.2689,3.2965,3.3279,3.3618,3.3974,3.4333,3.4685],""mean_az"":0.3000,""az"":[3.6919,3.6740,3.6509,3.6232,3.5918,3.5578,3.5223,3.4864,3.4512,3.4179,3.3876,3.3613,3.3397,3.3237,3.3137,3.3100,3.3128,3.3220,3.3372,3.3580,3.3837,3.4136,3.4465,3.4815,3.5174,3.5530,3.5873,3.6191,3.6473,3.6711,3.6897,3.7025],""mean_gx"":0.4000,""gx"":[3.6382,3.6023,3.5667,3.5324,3.5007,3.4724,3.4487,3.4301,3.4174,3.4109,3.4108,3.4171,3.4297,3.4481,3.4718,3.4999,3.5315,3.5657,3.6014,3.6373,3.6723,3.7053,3.7353,3.7612,3.7822,3.7976,3.8070,3.8100,3.8065,3.7968,3.7809,3.7596],""mean_gy"":0.5000,""gy"":[3.5586,3.5377,3.5223,3.5130,3.5100,3.5135,3.5234,3.5392,3.5606,3.5869,3.6171,3.6503,3.6854,3.7214,3.7569,3.7910,3.8224,3.8502,3.8735,3.8915,3.9036,3.9095,3.9089,3.9019,3.8887,3.8697,3.8456,3.8170,3.7851,3.7507,3.7150,3.6791],""mean_gz"":0.6000,""gz"":[3.6182,3.6315,3.6505,3.6747,3.7032,3.7352,3.7696,3.8054,3.8412,3.8761,3.9088,3.9384,3.9637,3.9842,3.9989,4.0076,4.0099,4.0058,3.9953,3.9788,3.9569,3.9302,3.8996,3.8662,3.8309,3.7950,3.7595,3.7257,3.6946,3.6672,3.6444,3.6270]}"
2026-07-17T06:08:03,health_monitor/node_2/cs_ppg,312,"{""ts"":326676,""hr"":79,""spo2"":98.0,""ppg_valid"":true,""finger"":true,""mean_ir"":0.5500,""ir"":[0.7100,0.7641,0.8146,0.8590,0.8951,0.9210,0.9354,0.9373,0.9265,0.9033,0.8684,0.8234,0.7701,0.7107,0.6479,0.5842,0.5226,0.4656,0.4157,0.3749,0.3450,0.3272,0.3220,0.3295,0.3491,0.3797,0.4197,0.4671,0.5194,0.5743,0.6289,0.6807]}"
2026-07-17T06:08:04,health_monitor/node_1/cs_imu,1515,"{""ts"":326849,""finger"":true,""mean_ax"":0.1000,""ax"":[3.3400,3.3758,3.4105,3.4428,3.4719,3.4967,3.5164,3.5304,3.5383,3.5398,3.5348,3.5235,3.5063,3.4837,3.4565,3.4255,3.3917,3.3563,3.3204,3.2850,3.2515,3.2208,3.1940,3.1719,3.1552,3.1445,3.1401,3.1422,3.1506,3.1652,3.1854,3.2107],""mean_ay"":0.2000,""ay"":[3.6083,3.6249,3.6356,3.6399,3.6378,3.6293,3.6146,3.5944,3.5691,3.5397,3.5070,3.4722,3.4363,3.4006,3.3661,3.3340,3.3054,3.2811,3.2619,3.2485,3.2413,3.2405,3.2461,3.2580,3.2758,3.2989,3.3265,3.3579,3.3918,3.4274,3.4633,3.4985],""mean_az"":0.3000,""az"":[3.7219,3.7040,3.6809,3.6532,3.6218,3.5878,3.5523,3.5164,3.4812,3.4479,3.4176,3.3913,3.3697,3.3537,3.3437,3.3400,3.3428,3.3520,3.3672,3.3880,3.4137,3.4436,3.4765,3.5115,3.5474,3.5830,3.6173,3.6491,3.6773,3.7011,3.7197,3.7325],""mean_gx"":0.4000,""gx"":[3.6682,3.6323,3.5967,3.5624,3.5307,3.5024,3.4787,3.4601,3.4474,3.4409,3.4408,3.4471,3.4597,3.4781,3.5018,3.5299,3.5615,3.5957,3.6314,3.6673,3.7023,3.7353,3.7653,3.7912,3.8122,3.8276,3.8370,3.8400,3.8365,3.8268,3.8109,3.7896],""mean_gy"":0.5000,""gy"":[3.5886,3.5677,3.5523,3.5430,3.5400,3.5435,3.5534,3.5692,3.5906,3.6169,3.6471,3.6803,3.7154,3.7514,3.7869,3.8210,3.8524,3.8802,3.9035,3.9215,3.9336,3.9395,3.9389,3.9319,3.9187,3.8997,3.8756,3.8470,3.8151,3.7807,3.7450,3.7091],""mean_gz"":0.6000,""gz"":[3.6482,3.6615,3.6805,3.7047,3.7332,3.7652,3.7996,3.8354,3.8712,3.9061,3.9388,3.9684,3.9937,4.0142,4.0289,4.0376,4.0399,4.0358,4.0253,4.0088,3.9869,3.9602,3.9296,3.8962,3.8609,3.8250,3.7895,3.7557,3.7246,3.6972,3.6744,3.6570]}"
2026-07-17T06:08:06,health_monitor/node_2/cs_ppg,312,"{""ts"":329697,""hr"":79,""spo2"":98.0,""ppg_valid"":true,""finger"":true,""mean_ir"":0.5500,""ir"":[0.7200,0.7741,0.8246,0.8690,0.9051,0.9310,0.9454,0.9473,0.9365,0.9133,0.8784,0.8334,0.7801,0.7207,0.6579,0.5942,0.5326,0.4756,0.4257,0.3849,0.3550,0.3372,0.3320,0.3395,0.3591,0.3897,0.4297,0.4771,0.5294,0.5843,0.6389,0.6907]}"
2026-07-17T06:08:07,health_monitor/node_1/cs_imu,1515,"{""ts"":329883,""finger"":true,""mean_ax"":0.1000,""ax"":[3.3700,3.4058,3.4405,3.4728,3.5019,3.5267,3.5464,3.5604,3.5683,3.5698,3.5648,3.5535,3.5363,3.5137,3.4865,3.4555,3.4217,3.3863,3.3504,3.3150,3.2815,3.2508,3.2240,3.2019,3.1852,3.1745,3.1701,3.1722,3.1806,3.1952,3.2154,3.2407],""mean_ay"":0.2000,""ay"":[3.6383,3.6549,3.6656,3.6699,3.6678,3.6593,3.6446,3.6244,3.5991,3.5697,3.5370,3.5022,3.4663,3.4306,3.3961,3.3640,3.3354,3.3111,3.2919,3.2785,3.2713,3.2705,3.2761,3.2880,3.3058,3.3289,3.3565,3.3879,3.4218,3.4574,3.4933,3.5285],""mean_az"":0.3000,""az"":[3.7519,3.7340,3.7109,3.6832,3.6518,3.6178,3.5823,3.5464,3.5112,3.4779,3.4476,3.4213,3.3997,3.3837,3.3737,3.3700,3.3728,3.3820,3.3972,3.4180,3.4437,3.4736,3.5065,3.5415,3.5774,3.6130,3.6473,3.6791,3.7073,3.7311,3.7497,3.7625],""mean_gx"":0.4000,""gx"":[3.6982,3.6623,3.6267,3.5924,3.5607,3.5324,3.5087,3.4901,3.4774,3.4709,3.4708,3.4771,3.4897,3.5081,3.5318,3.5599,3.5915,3.6257,3.6614,3.6973,3.7323,3.7653,3.7953,3.8212,3.8422,3.8576,3.8670,3.8700,3.8665,3.8568,3.8409,3.8196],""mean_gy"":0.5000,""gy"":[3.6186,3.5977,3.5823,3.5730,3.5700,3.5735,3.5834,3.5992,3.6206,3.6469,3.6771,3.7103,3.7454,3.7814,3.8169,3.8510,3.8824,3.9102,3.9335,3.9515,3.9636,3.9695,3.9689,3.9619,3.9487,3.9297,3.9056,3.8770,3.8451,3.8107,3.7750,3.7391],""mean_gz"":0.6000,""gz"":[3.6782,3.6915,3.7105,3.7347,3.7632,3.7952,3.8296,3.8654,3.9012,3.9361,3.9688,3.9984,4.0237,4.0442,4.0589,4.0676,4.0699,4.0658,4.0553,4.0388,4.0169,3.9902,3.9596,3.9262,3.8909,3.8550,3.8195,3.7857,3.7546,3.7272,3.7044,3.6870]}"
2026-07-17T06:08:09,health_monitor/node_2/cs_ppg,312,"{""ts"":332726,""hr"":79,""spo2"":98.0,""ppg_valid"":true,""finger"":true,""mean_ir"":0.5500,""ir"":[0.6300,0.6841,0.7346,0.7790,0.8151,0.8410,0.8554,0.8573,0.8465,0.8233,0.7884,0.7434,0.6901,0.6307,0.5679,0.5042,0.4426,0.3856,0.3357,0.2949,0.2650,0.2472,0.2420,0.2495,0.2691,0.2997,0.3397,0.3871,0.4394,0.4943,0.5489,0.6007]}"
2026-07-17T06:08:10,health_monitor/node_1/cs_imu,1515,"{""ts"":332916,""finger"":true,""mean_ax"":0.1000,""ax"":[3.4000,3.4358,3.4705,3.5028,3.5319,3.5567,3.5764,3.5904,3.5983,3.5998,3.5948,3.5835,3.5663,3.5437,3.5165,3.4855,3.4517,3.4163,3.3804,3.3450,3.3115,3.2808,3.2540,3.2319,3.2152,3.2045,3.2001,3.2022,3.2106,3.2252,3.2454,3.2707],""mean_ay"":0.2000,""ay"":[3.6683,3.6849,3.6956,3.6999,3.6978,3.6893,3.6746,3.6544,3.6291,3.5997,3.5670,3.5322,3.4963,3.4606,3.4261,3.3940,3.3654,3.3411,3.3219,3.3085,3.3013,3.3005,3.3061,3.3180,3.3358,3.3589,3.3865,3.4179,3.4518,3.4874,3.5233,3.5585],""mean_az"":0.3000,""az"":[3.7819,3.7640,3.7409,3.7132,3.6818,3.6478,3.6123,3.5764,3.5412,3.5079,3.4776,3.4513,3.4297,3.4137,3.4037,3.4000,3.4028,3.4120,3.4272,3.4480,3.4737,3.5036,3.5365,3.5715,3.6074,3.6430,3.6773,3.7091,3.7373,3.7611,3.7797,3.7925],""mean_gx"":0.4000,""gx"":[3.7282,3.6923,3.6567,3.6224,3.5907,3.5624,3.5387,3.5201,3.5074,3.5009,3.5008,3.5071,3.5197,3.5381,3.5618,3.5899,3.6215,3.6557,3.6914,3.7273,3.7623,3.7953,3.8253,3.8512,3.8722,3.8876,3.8970,3.9000,3.8965,3.8868,3.8709,3.8496],""mean_gy"":0.5000,""gy"":[3.6486,3.6277,3.6123,3.6030,3.6000,3.6035,3.6134,3.6292,3.6506,3.6769,3.7071,3.7403,3.7754,3.8114,3.8469,3.8810,3.9124,3.9402,3.9635,3.9815,3.9936,3.9995,3.9989,3.9919,3.9787,3.9597,3.9356,3.9070,3.8751,3.8407,3.8050,3.7691],""mean_gz"":0.6000,""gz"":[3.7082,3.7215,3.7405,3.7647,3.7932,3.8252,3.8596,3.8954,3.9312,3.9661,3.9988,4.0284,4.0537,4.0742,4.0889,4.0976,4.0999,4.0958,4.0853,4.0688,4.0469,4.0202,3.9896,3.9562,3.9209,3.8850,3.8495,3.8157,3.7846,3.7572,3.7344,3.7170]}"
2026-07-17T06:08:12,health_monitor/node_2/cs_ppg,312,"{""ts"":335748,""hr"":79,""spo2"":98.0,""ppg_valid"":true,""finger"":true,""mean_ir"":0.5500,""ir"":[0.6400,0.6941,0.7446,0.7890,0.8251,0.8510,0.8654,0.8673,0.8565,0.8333,0.7984,0.7534,0.7001,0.6407,0.5779,0.5142,0.4526,0.3956,0.3457,0.3049,0.2750,0.2572,0.2520,0.2595,0.2791,0.3097,0.3497,0.3971,0.4494,0.5043,0.5589,0.6107]}"
2026-07-17T06:08:13,health_monitor/node_1/cs_imu,1515,"{""ts"":335946,""finger"":true,""mean_ax"":0.1000,""ax"":[3.4300,3.4658,3.5005,3.5328,3.5619,3.5867,3.6064,3.6204,3.6283,3.6298,3.6248,3.6135,3.5963,3.5737,3.5465,3.5155,3.4817,3.4463,3.4104,3.3750,3.3415,3.3108,3.2840,3.2619,3.2452,3.2345,3.2301,3.2322,3.2406,3.2552,3.2754,3.3007],""mean_ay"":0.2000,""ay"":[3.6983,3.7149,3.7256,3.7299,3.7278,3.7193,3.7046,3.6844,3.6591,3.6297,3.5970,3.5622,3.5263,3.4906,3.4561,3.4240,3.3954,3.3711,3.3519,3.3385,3.3313,3.3305,3.3361,3.3480,3.3658,3.3889,3.4165,3.4479,3.4818,3.5174,3.5533,3.5885],""mean_az"":0.3000,""az"":[3.8119,3.7940,3.7709,3.7432,3.7118,3.6778,3.6423,3.6064,3.5712,3.5379,3.5076,3.4813,3.4597,3.4437,3.4337,3.4300,3.4328,3.4420,3.4572,3.4780,3.5037,3.5336,3.5665,3.6015,3.6374,3.6730,3.7073,3.7391,3.7673,3.7911,3.8097,3.8225],""mean_gx"":0.4000,""gx"":[3.7582,3.7223,3.6867,3.6524,3.6207,3.5924,3.5687,3.5501,3.5374,3.5309,3.5308,3.5371,3.5497,3.5681,3.5918,3.6199,3.6515,3.6857,3.7214,3.7573,3.7923,3.8253,3.8553,3.8812,3.9022,3.9176,3.9270,3.9300,3.9265,3.9168,3.9009,3.8796],""mean_gy"":0.5000,""gy"":[3.6786,3.6577,3.6423,3.6330,3.6300,3.6335,3.6434,3.6592,3.6806,3.7069,3.7371,3.7703,3.8054,3.8414,3.8769,3.9110,3.9424,3.9702,3.9935,4.0115,4.0236,4.0295,4.0289,4.0219,4.0087,3.9897,3.9656,3.9370,3.9051,3.8707,3.8350,3.7991],""mean_gz"":0.6000,""gz"":[3.7382,3.7515,3.7705,3.7947,3.8232,3.8552,3.8896,3.9254,3.9612,3.9961,4.0288,4.0584,4.0837,4.1042,4.1189,4.1276,4.1299,4.1258,4.1153,4.0988,4.0769,4.0502,4.0196,3.9862,3.9509,3.9150,3.8795,3.8457,3.8146,3.7872,3.7644,3.7470]}"
2026-07-17T06:08:15,health_monitor/node_2/cs_ppg,312,"{""ts"":338784,""hr"":79,""spo2"":98.0,""ppg_valid"":true,""finger"":true,""mean_ir"":0.5500,""ir"":[0.6500,0.7041,0.7546,0.7990,0.8351,0.8610,0.8754,0.8773,0.8665,0.8433,0.8084,0.7634,0.7101,0.6507,0.5879,0.5242,0.4626,0.4056,0.3557,0.3149,0.2850,0.2672,0.2620,0.2695,0.2891,0.3197,0.3597,0.4071,0.4594,0.5143,0.5689,0.6207]}"
2026-07-17T06:08:16,health_monitor/node_1/cs_imu,1515,"{""ts"":338975,""finger"":true,""mean_ax"":0.1000,""ax"":[3.4600,3.4958,3.5305,3.5628,3.5919,3.6167,3.6364,3.6504,3.6583,3.6598,3.6548,3.6435,3.6263,3.6037,3.5765,3.5455,3.5117,3.4763,3.4404,3.4050,3.3715,3.3408,3.3140,3.2919,3.2752,3.2645,3.2601,3.2622,3.2706,3.2852,3.3054,3.3307],""mean_ay"":0.2000,""ay"":[3.7283,3.7449,3.7556,3.7599,3.7578,3.7493,3.7346,3.7144,3.6891,3.6597,3.6270,3.5922,3.5563,3.5206,3.4861,3.4540,3.4254,3.4011,3.3819,3.3685,3.3613,3.3605,3.3661,3.3780,3.3958,3.4189,3.4465,3.4779,3.5118,3.5474,3.5833,3.6185],""mean_az"":0.3000,""az"":[3.8419,3.8240,3.8009,3.7732,3.7418,3.7078,3.6723,3.6364,3.6012,3.5679,3.5376,3.5113,3.4897,3.4737,3.4637,3.4600,3.4628,3.4720,3.4872,3.5080,3.5337,3.5636,3.5965,3.6315,3.6674,3.7030,3.7373,3.7691,3.7973,3.8211,3.8397,3.8525],""mean_gx"":0.4000,""gx"":[3.7882,3.7523,3.7167,3.6824,3.6507,3.6224,3.5987,3.5801,3.5674,3.5609,3.5608,3.5671,3.5797,3.5981,3.6218,3.6499,3.6815,3.7157,3.7514,3.7873,3.8223,3.8553,3.8853,3.9112,3.9322,3.9476,3.9570,3.9600,3.9565,3.9468,3.9309,3.9096],""mean_gy"":0.5000,""gy"":[3.7086,3.6877,3.6723,3.6630,3.6600,3.6635,3.6734,3.6892,3.7106,3.7369,3.7671,3.8003,3.8354,3.8714,3.9069,3.9410,3.9724,4.0002,4.0235,4.0415,4.0536,4.0595,4.0589,4.0519,4.0387,4.0197,3.9956,3.9670,3.9351,3.9007,3.8650,3.8291],""mean_gz"":0.6000,""gz"":[3.7682,3.7815,3.8005,3.8247,3.8532,3.8852,3.9196,3.9554,3.9912,4.0261,4.0588,4.0884,4.1137,4.1342,4.1489,4.1576,4.1599,4.1558,4.1453,4.1288,4.1069,4.0802,4.0496,4.0162,3.9809,3.9450,3.9095,3.8757,3.8446,3.8172,3.7944,3.7770]}"
2026-07-17T06:08:18,health_monitor/node_2/cs_ppg,312,"{""ts"":341805,""hr"":79,""spo2"":98.0,""ppg_valid"":true,""finger"":true,""mean_ir"":0.5500,""ir"":[0.6600,0.7141,0.7646,0.8090,0.8451,0.8710,0.8854,0.8873,0.8765,0.8533,0.8184,0.7734,0.7201,0.6607,0.5979,0.5342,0.4726,0.4156,0.3657,0.3249,0.2950,0.2772,0.2720,0.2795,0.2991,0.3297,0.3697,0.4171,0.4694,0.5243,0.5789,0.6307]}"
2026-07-17T06:08:19,health_monitor/node_1/cs_imu,1530,"{""ts"":342005,""finger"":true,""mean_ax"":0.1000,""ax"":[3.4900,3.5258,3.5605,3.5928,3.6219,3.6467,3.6664,3.6804,3.6883,3.6898,3.6848,3.6735,3.6563,3.6337,3.6065,3.5755,3.5417,3.5063,3.4704,3.4350,3.4015,3.3708,3.3440,3.3219,3.3052,3.2945,3.2901,3.2922,3.3006,3.3152,3.3354,3.3607],""mean_ay"":0.2000,""ay"":[3.7583,3.7749,3.7856,3.7899,3.7878,3.7793,3.7646,3.7444,3.7191,3.6897,3.6570,3.6222,3.5863,3.5506,3.5161,3.4840,3.4554,3.4311,3.4119,3.3985,3.3913,3.3905,3.3961,3.4080,3.4258,3.4489,3.4765,3.5079,3.5418,3.5774,3.6133,3.6485],""mean_az"":0.3000,""az"":[3.8719,3.8540,3.8309,3.8032,3.7718,3.7378,3.7023,3.6664,3.6312,3.5979,3.5676,3.5413,3.5197,3.5037,3.4937,3.4900,3.4928,3.5020,3.5172,3.5380,3.5637,3.5936,3.6265,3.6615,3.6974,3.7330,3.7673,3.7991,3.8273,3.8511,3.8697,3.8825],""mean_gx"":0.4000,""gx"":[3.8182,3.7823,3.7467,3.7124,3.6807,3.6524,3.6287,3.6101,3.5974,3.5909,3.5908,3.5971,3.6097,3.6281,3.6518,3.6799,3.7115,3.7457,3.7814,3.8173,3.8523,3.8853,3.9153,3.9412,3.9622,3.9776,3.9870,3.9900,3.9865,3.9768,3.9609,3.9396],""mean_gy"":0.5000,""gy"":[3.7386,3.7177,3.7023,3.6930,3.6900,3.6935,3.7034,3.7192,3.7406,3.7669,3.7971,3.8303,3.8654,3.9014,3.9369,3.9710,4.0024,4.0302,4.0535,4.0715,4.0836,4.0895,4.0889,4.0819,4.0687,4.0497,4.0256,3.9970,3.9651,3.9307,3.8950,3.8591],""mean_gz"":0.6000,""gz"":[3.7982,3.8115,3.8305,3.8547,3.8832,3.9152,3.9496,3.9854,4.0212,4.0561,4.0888,4.1184,4.1437,4.1642,4.1789,4.1876,4.1899,4.1858,4.1753,4.1588,4.1369,4.1102,4.0796,4.0462,4.0109,3.9750,3.9395,3.9057,3.8746,3.8472,3.8244,3.8070],""relayed_by"":2}"
2026-07-17T06:08:21,health_monitor/node_2/cs_ppg,312,"{""ts"":344829,""hr"":79,""spo2"":98.0,""ppg_valid"":true,""finger"":true,""mean_ir"":0.5500,""ir"":[0.6700,0.7241,0.7746,0.8190,0.8551,0.8810,0.8954,0.8973,0.8865,0.8633,0.8284,0.7834,0.7301,0.6707,0.6079,0.5442,0.4826,0.4256,0.3757,0.3349,0.3050,0.2872,0.2820,0.2895,0.3091,0.3397,0.3797,0.4271,0.4794,0.5343,0.5889,0.6407]}"
2026-07-17T06:08:22,health_monitor/node_1/cs_imu,1530,"{""ts"":345032,""finger"":true,""mean_ax"":0.1000,""ax"":[3.5200,3.5558,3.5905,3.6228,3.6519,3.6767,3.6964,3.7104,3.7183,3.7198,3.7148,3.7035,3.6863,3.6637,3.6365,3.6055,3.5717,3.5363,3.5003,3.4650,3.4315,3.4008,3.3740,3.3519,3.3352,3.3245,3.3201,3.3222,3.3306,3.3452,3.3654,3.3907],""mean_ay"":0.2000,""ay"":[3.7883,3.8049,3.8156,3.8199,3.8178,3.8093,3.7946,3.7744,3.7491,3.7197,3.6870,3.6522,3.6163,3.5806,3.5461,3.5140,3.4854,3.4611,3.4419,3.4285,3.4213,3.4205,3.4261,3.4380,3.4558,3.4789,3.5065,3.5379,3.5718,3.6074,3.6433,3.6785],""mean_az"":0.3000,""az"":[3.9019,3.8840,3.8609,3.8332,3.8018,3.7678,3.7323,3.6964,3.6612,3.6279,3.5976,3.5713,3.5497,3.5337,3.5237,3.5200,3.5228,3.5320,3.5472,3.5680,3.5937,3.6236,3.6565,3.6915,3.7274,3.7630,3.7973,3.8291,3.8573,3.8811,3.8997,3.9125],""mean_gx"":0.4000,""gx"":[3.8482,3.8123,3.7767,3.7424,3.7107,3.6824,3.6587,3.6401,3.6274,3.6209,3.6208,3.6271,3.6397,3.6581,3.6818,3.7099,3.7415,3.7757,3.8114,3.8473,3.8823,3.9153,3.9453,3.9712,3.9922,4.0076,4.0170,4.0200,4.0165,4.0068,3.9909,3.9696],""mean_gy"":0.5000,""gy"":[3.7686,3.7477,3.7323,3.7230,3.7200,3.7235,3.7334,3.7492,3.7706,3.7969,3.8271,3.8603,3.8954,3.9314,3.9669,4.0010,4.0324,4.0602,4.0835,4.1015,4.1136,4.1195,4.1189,4.1119,4.0987,4.0797,4.0556,4.0270,3.9951,3.9607,3.9250,3.8891],""mean_gz"":0.6000,""gz"":[3.8282,3.8415,3.8605,3.8847,3.9132,3.9452,3.9796,4.0154,4.0512,4.0861,4.1188,4.1484,4.1737,4.1942,4.2089,4.2176,4.2199,4.2158,4.2053,4.1888,4.1669,4.1402,4.1096,4.0762,4.0409,4.0050,3.9695,3.9357,3.9046,3.8772,3.8544,3.8370],""relayed_by"":2}"
2026-07-17T06:08:25,health_monitor/node_2/cs_ppg,312,"{""ts"":347855,""hr"":79,""spo2"":98.0,""ppg_valid"":true,""finger"":true,""mean_ir"":0.5500,""ir"":[0.6800,0.7341,0.7846,0.8290,0.8651,0.8910,0.9054,0.9073,0.8965,0.8733,0.8384,0.7934,0.7401,0.6807,0.6179,0.5542,0.4926,0.4356,0.3857,0.3449,0.3150,0.2972,0.2920,0.2995,0.3191,0.3497,0.3897,0.4371,0.4894,0.5443,0.5989,0.6507]}"
2026-07-17T06:08:25,health_monitor/node_1/cs_imu,1530,"{""ts"":348052,""finger"":true,""mean_ax"":0.1000,""ax"":[3.5500,3.5858,3.6205,3.6528,3.6819,3.7067,3.7264,3.7404,3.7483,3.7498,3.7448,3.7335,3.7163,3.6937,3.6665,3.6355,3.6017,3.5663,3.5303,3.4950,3.4615,3.4308,3.4040,3.3819,3.3652,3.3545,3.3501,3.3522,3.3606,3.3752,3.3954,3.4207],""mean_ay"":0.2000,""ay"":[3.8183,3.8349,3.8456,3.8499,3.8478,3.8393,3.8246,3.8044,3.7791,3.7497,3.7170,3.6822,3.6463,3.6106,3.5761,3.5440,3.5154,3.4911,3.4719,3.4585,3.4513,3.4505,3.4561,3.4680,3.4858,3.5089,3.5365,3.5679,3.6018,3.6374,3.6733,3.7085],""mean_az"":0.3000,""az"":[3.9319,3.9140,3.8909,3.8632,3.8318,3.7978,3.7623,3.7264,3.6912,3.6579,3.6276,3.6013,3.5797,3.5637,3.5537,3.5500,3.5528,3.5620,3.5772,3.5980,3.6237,3.6536,3.6865,3.7215,3.7574,3.7930,3.8273,3.8591,3.8873,3.9111,3.9297,3.9425],""mean_gx"":0.4000,""gx"":[3.8782,3.8423,3.8067,3.7724,3.7407,3.7124,3.6887,3.6701,3.6574,3.6509,3.6508,3.6571,3.6697,3.6881,3.7118,3.7399,3.7715,3.8057,3.8414,3.8773,3.9123,3.9453,3.9753,4.0012,4.0222,4.0376,4.0470,4.0500,4.0465,4.0368,4.0209,3.9996],""mean_gy"":0.5000,""gy"":[3.7986,3.7777,3.7623,3.7530,3.7500,3.7535,3.7634,3.7792,3.8006,3.8269,3.8571,3.8903,3.9254,3.9614,3.9969,4.0310,4.0624,4.0902,4.1135,4.1315,4.1436,4.1495,4.1489,4.1419,4.1287,4.1097,4.0856,4.0570,4.0251,3.9907,3.9550,3.9191],""mean_gz"":0.6000,""gz"":[3.8582,3.8715,3.8905,3.9147,3.9432,3.9752,4.0096,4.0454,4.0812,4.1161,4.1488,4.1784,4.2037,4.2242,4.2389,4.2476,4.2499,4.2458,4.2353,4.2188,4.1969,4.1702,4.1396,4.1062,4.0709,4.0350,3.9995,3.9657,3.9346,3.9072,3.8844,3.8670],""relayed_by"":2}"
2026-07-17T06:08:28,health_monitor/node_2/cs_ppg,312,"{""ts"":350891,""hr"":79,""spo2"":98.0,""ppg_valid"":true,""finger"":true,""mean_ir"":0.5500,""ir"":[0.6900,0.7441,0.7946,0.8390,0.8751,0.9010,0.9154,0.9173,0.9065,0.8833,0.8484,0.8034,0.7501,0.6907,0.6279,0.5642,0.5026,0.4456,0.3957,0.3549,0.3250,0.3072,0.3020,0.3095,0.3291,0.3597,0.3997,0.4471,0.4994,0.5543,0.6089,0.6607]}"
2026-07-17T06:08:28,health_monitor/node_1/cs_imu,1530,"{""ts"":351078,""finger"":true,""mean_ax"":0.1000,""ax"":[3.5800,3.6158,3.6505,3.6828,3.7119,3.7367,3.7564,3.7704,3.7783,3.7798,3.7748,3.7635,3.7463,3.7237,3.6965,3.6655,3.6317,3.5963,3.5604,3.5250,3.4915,3.4608,3.4340,3.4119,3.3952,3.3845,3.3801,3.3822,3.3906,3.4052,3.4254,3.4507],""mean_ay"":0.2000,""ay"":[3.8483,3.8649,3.8756,3.8799,3.8778,3.8693,3.8546,3.8344,3.8091,3.7797,3.7470,3.7122,3.6763,3.6406,3.6061,3.5740,3.5454,3.5211,3.5019,3.4885,3.4813,3.4805,3.4861,3.4980,3.5158,3.5389,3.5665,3.5979,3.6318,3.6674,3.7033,3.7385],""mean_az"":0.3000,""az"":[3.9619,3.9440,3.9209,3.8932,3.8618,3.8278,3.7923,3.7564,3.7212,3.6879,3.6576,3.6313,3.6097,3.5937,3.5837,3.5800,3.5828,3.5920,3.6072,3.6280,3.6537,3.6836,3.7165,3.7515,3.7874,3.8230,3.8573,3.8891,3.9173,3.9411,3.9597,3.9725],""mean_gx"":0.4000,""gx"":[3.9082,3.8723,3.8367,3.8024,3.7707,3.7424,3.7187,3.7001,3.6874,3.6809,3.6808,3.6871,3.6997,3.7181,3.7418,3.7699,3.8015,3.8357,3.8714,3.9073,3.9423,3.9753,4.0053,4.0312,4.0522,4.0676,4.0770,4.0800,4.0765,4.0668,4.0509,4.0296],""mean_gy"":0.5000,""gy"":[3.8286,3.8077,3.7923,3.7830,3.7800,3.7835,3.7934,3.8092,3.8306,3.8569,3.8871,3.9203,3.9554,3.9914,4.0269,4.0610,4.0924,4.1202,4.1435,4.1615,4.1736,4.1795,4.1789,4.1719,4.1587,4.1397,4.1156,4.0870,4.0551,4.0207,3.9850,3.9491],""mean_gz"":0.6000,""gz"":[3.8882,3.9015,3.9205,3.9447,3.9732,4.0052,4.0396,4.0754,4.1112,4.1461,4.1788,4.2084,4.2337,4.2542,4.2689,4.2776,4.2799,4.2758,4.2653,4.2488,4.2269,4.2002,4.1696,4.1362,4.1009,4.0650,4.0295,3.9957,3.9646,3.9372,3.9144,3.8970],""relayed_by"":2}"
2026-07-17T06:08:31,health_monitor/node_2/cs_ppg,312,"{""ts"":353910,""hr"":79,""spo2"":98.0,""ppg_valid"":true,""finger"":true,""mean_ir"":0.5500,""ir"":[0.7000,0.7541,0.8046,0.8490,0.8851,0.9110,0.9254,0.9273,0.9165,0.8933,0.8584,0.8134,0.7601,0.7007,0.6379,0.5742,0.5126,0.4556,0.4057,0.3649,0.3350,0.3172,0.3120,0.3195,0.3391,0.3697,0.4097,0.4571,0.5094,0.5643,0.6189,0.6707]}"
2026-07-17T06:08:31,health_monitor/node_1/cs_imu,1530,"{""ts"":354135,""finger"":true,""mean_ax"":0.1000,""ax"":[3.6100,3.6458,3.6805,3.7128,3.7419,3.7667,3.7864,3.8004,3.8083,3.8098,3.8048,3.7935,3.7763,3.7537,3.7265,3.6955,3.6617,3.6263,3.5904,3.5550,3.5215,3.4908,3.4640,3.4419,3.4252,3.4145,3.4101,3.4122,3.4206,3.4352,3.4554,3.4807],""mean_ay"":0.2000,""ay"":[3.8783,3.8949,3.9056,3.9099,3.9078,3.8993,3.8846,3.8644,3.8391,3.8097,3.7770,3.7422,3.7063,3.6706,3.6361,3.6040,3.5754,3.5511,3.5319,3.5185,3.5113,3.5105,3.5161,3.5280,3.5458,3.5689,3.5965,3.6279,3.6618,3.6974,3.7333,3.7685],""mean_az"":0.3000,""az"":[3.9919,3.9740,3.9509,3.9232,3.8918,3.8578,3.8223,3.7864,3.7512,3.7179,3.6876,3.6613,3.6397,3.6237,3.6137,3.6100,3.6128,3.6220,3.6372,3.6580,3.6837,3.7136,3.7465,3.7815,3.8174,3.8530,3.8873,3.9191,3.9473,3.9711,3.9897,4.0025],""mean_gx"":0.4000,""gx"":[3.9382,3.9023,3.8667,3.8324,3.8007,3.7724,3.7487,3.7301,3.7174,3.7109,3.7108,3.7171,3.7297,3.7481,3.7718,3.7999,3.8315,3.8657,3.9014,3.9373,3.9723,4.0053,4.0353,4.0612,4.0822,4.0976,4.1070,4.1100,4.1065,4.0968,4.0809,4.0596],""mean_gy"":0.5000,""gy"":[3.8586,3.8377,3.8223,3.8130,3.8100,3.8135,3.8234,3.8392,3.8606,3.8869,3.9171,3.9503,3.9854,4.0214,4.0569,4.0910,4.1224,4.1502,4.1735,4.1915,4.2036,4.2095,4.2089,4.2019,4.1887,4.1697,4.1456,4.1170,4.0851,4.0507,4.0150,3.9791],""mean_gz"":0.6000,""gz"":[3.9182,3.9315,3.9505,3.9747,4.0032,4.0352,4.0696,4.1054,4.1412,4.1761,4.2088,4.2384,4.2637,4.2842,4.2989,4.3076,4.3099,4.3058,4.2953,4.2788,4.2569,4.2302,4.1996,4.1662,4.1309,4.0950,4.0595,4.0257,3.9946,3.9672,3.9444,3.9270],""relayed_by"":2}"
2026-07-17T06:08:34,health_monitor/node_2/cs_ppg,312,"{""ts"":356941,""hr"":79,""spo2"":98.0,""ppg_valid"":true,""finger"":true,""mean_ir"":0.5500,""ir"":[0.7100,0.7641,0.8146,0.8590,0.8951,0.9210,0.9354,0.9373,0.9265,0.9033,0.8684,0.8234,0.7701,0.7107,0.6479,0.5842,0.5226,0.4656,0.4157,0.3749,0.3450,0.3272,0.3220,0.3295,0.3491,0.3797,0.4197,0.4671,0.5194,0.5743,0.6289,0.6807]}"
2026-07-17T06:08:34,health_monitor/node_1/cs_imu,1530,"{""ts"":357156,""finger"":true,""mean_ax"":0.1000,""ax"":[3.6400,3.6758,3.7105,3.7428,3.7719,3.7967,3.8164,3.8304,3.8383,3.8398,3.8348,3.8235,3.8063,3.7837,3.7565,3.7255,3.6917,3.6563,3.6204,3.5850,3.5515,3.5208,3.4940,3.4719,3.4552,3.4445,3.4401,3.4422,3.4506,3.4652,3.4854,3.5107],""mean_ay"":0.2000,""ay"":[3.9083,3.9249,3.9356,3.9399,3.9378,3.9293,3.9146,3.8944,3.8691,3.8397,3.8070,3.7722,3.7363,3.7006,3.6661,3.6340,3.6054,3.5811,3.5619,3.5485,3.5413,3.5405,3.5461,3.5580,3.5758,3.5989,3.6265,3.6579,3.6918,3.7274,3.7633,3.7985],""mean_az"":0.3000,""az"":[4.0219,4.0040,3.9809,3.9532,3.9218,3.8878,3.8523,3.8164,3.7812,3.7479,3.7176,3.6913,3.6697,3.6537,3.6437,3.6400,3.6428,3.6520,3.6672,3.6880,3.7137,3.7436,3.7765,3.8115,3.8474,3.8830,3.9173,3.9491,3.9773,4.0011,4.0197,4.0325],""mean_gx"":0.4000,""gx"":[3.9682,3.9323,3.8967,3.8624,3.8307,3.8024,3.7787,3.7601,3.7474,3.7409,3.7408,3.7471,3.7597,3.7781,3.8018,3.8299,3.8615,3.8957,3.9314,3.9673,4.0023,4.0353,4.0653,4.0912,4.1122,4.1276,4.1370,4.1400,4.1365,4.1268,4.1109,4.0896],""mean_gy"":0.5000,""gy"":[3.8886,3.8677,3.8523,3.8430,3.8400,3.8435,3.8534,3.8692,3.8906,3.9169,3.9471,3.9803,4.0154,4.0514,4.0869,4.1210,4.1524,4.1802,4.2035,4.2215,4.2336,4.2395,4.2389,4.2319,4.2187,4.1997,4.1756,4.1470,4.1151,4.0807,4.0450,4.0091],""mean_gz"":0.6000,""gz"":[3.9482,3.9615,3.9805,4.0047,4.0332,4.0652,4.0996,4.1354,4.1712,4.2061,4.2388,4.2684,4.2937,4.3142,4.3289,4.3376,4.3399,4.3358,4.3253,4.3088,4.2869,4.2602,4.2296,4.1962,4.1609,4.1250,4.0895,4.0557,4.0246,3.9972,3.9744,3.9570],""relayed_by"":2}"
2026-07-17T06:08:37,health_monitor/node_2/cs_ppg,312,"{""ts"":359965,""hr"":79,""spo2"":98.0,""ppg_valid"":true,""finger"":true,""mean_ir"":0.5500,""ir"":[0.7200,0.7741,0.8246,0.8690,0.9051,0.9310,0.9454,0.9473,0.9365,0.9133,0.8784,0.8334,0.7801,0.7207,0.6579,0.5942,0.5326,0.4756,0.4257,0.3849,0.3550,0.3372,0.3320,0.3395,0.3591,0.3897,0.4297,0.4771,0.5294,0.5843,0.6389,0.6907]}"
2026-07-17T06:08:37,health_monitor/node_1/cs_imu,1530,"{""ts"":360180,""finger"":true,""mean_ax"":0.1000,""ax"":[3.6700,3.7058,3.7405,3.7728,3.8019,3.8267,3.8464,3.8604,3.8683,3.8698,3.8648,3.8535,3.8363,3.8137,3.7865,3.7555,3.7217,3.6863,3.6504,3.6150,3.5815,3.5508,3.5240,3.5019,3.4852,3.4745,3.4701,3.4722,3.4806,3.4952,3.5154,3.5407],""mean_ay"":0.2000,""ay"":[3.9383,3.9549,3.9656,3.9699,3.9678,3.9593,3.9446,3.9244,3.8991,3.8697,3.8370,3.8022,3.7663,3.7306,3.6961,3.6640,3.6354,3.6111,3.5919,3.5785,3.5713,3.5705,3.5761,3.5880,3.6058,3.6289,3.6565,3.6879,3.7218,3.7574,3.7933,3.8285],""mean_az"":0.3000,""az"":[4.0519,4.0340,4.0109,3.9832,3.9518,3.9178,3.8823,3.8464,3.8112,3.7779,3.7476,3.7213,3.6997,3.6837,3.6737,3.6700,3.6728,3.6820,3.6972,3.7180,3.7437,3.7736,3.8065,3.8415,3.8774,3.9130,3.9473,3.9791,4.0073,4.0311,4.0497,4.0625],""mean_gx"":0.4000,""gx"":[3.9982,3.9623,3.9267,3.8924,3.8607,3.8324,3.8087,3.7901,3.7774,3.7709,3.7708,3.7771,3.7897,3.8081,3.8318,3.8599,3.8915,3.9257,3.9614,3.9973,4.0323,4.0653,4.0953,4.1212,4.1422,4.1576,4.1670,4.1700,4.1665,4.1568,4.1409,4.1196],""mean_gy"":0.5000,""gy"":[3.9186,3.8977,3.8823,3.8730,3.8700,3.8735,3.8834,3.8992,3.9206,3.9469,3.9771,4.0103,4.0454,4.0814,4.1169,4.1510,4.1824,4.2102,4.2335,4.2515,4.2636,4.2695,4.2689,4.2619,4.2487,4.2297,4.2056,4.1770,4.1451,4.1107,4.0750,4.0391],""mean_gz"":0.6000,""gz"":[3.9782,3.9915,4.0105,4.0347,4.0632,4.0952,4.1296,4.1654,4.2012,4.2361,4.2688,4.2984,4.3237,4.3442,4.3589,4.3676,4.3699,4.3658,4.3553,4.3388,4.3169,4.2902,4.2596,4.2262,4.1909,4.1550,4.1195,4.0857,4.0546,4.0272,4.0044,3.9870],""relayed_by"":2}"
2026-07-17T06:08:40,health_monitor/node_2/cs_ppg,312,"{""ts"":362990,""hr"":79,""spo2"":98.0,""ppg_valid"":true,""finger"":true,""mean_ir"":0.5500,""ir"":[0.6300,0.6841,0.7346,0.7790,0.8151,0.8410,0.8554,0.8573,0.8465,0.8233,0.7884,0.7434,0.6901,0.6307,0.5679,0.5042,0.4426,0.3856,0.3357,0.2949,0.2650,0.2472,0.2420,0.2495,0.2691,0.2997,0.3397,0.3871,0.4394,0.4943,0.5489,0.6007]}"
2026-07-17T06:08:40,health_monitor/node_1/cs_imu,1530,"{""ts"":363205,""finger"":true,""mean_ax"":0.1000,""ax"":[3.7000,3.7358,3.7705,3.8028,3.8319,3.8567,3.8764,3.8904,3.8983,3.8998,3.8948,3.8835,3.8663,3.8437,3.8165,3.7855,3.7517,3.7163,3.6804,3.6450,3.6115,3.5808,3.5540,3.5319,3.5152,3.5045,3.5001,3.5022,3.5106,3.5252,3.5454,3.5707],""mean_ay"":0.2000,""ay"":[3.9683,3.9849,3.9956,3.9999,3.9978,3.9893,3.9746,3.9544,3.9291,3.8997,3.8670,3.8322,3.7963,3.7606,3.7261,3.6940,3.6654,3.6411,3.6219,3.6085,3.6013,3.6005,3.6061,3.6180,3.6358,3.6589,3.6865,3.7179,3.7518,3.7874,3.8233,3.8585],""mean_az"":0.3000,""az"":[4.0819,4.0640,4.0409,4.0132,3.9818,3.9478,3.9123,3.8764,3.8412,3.8079,3.7776,3.7513,3.7297,3.7137,3.7037,3.7000,3.7028,3.7120,3.7272,3.7480,3.7737,3.8036,3.8365,3.8715,3.9074,3.9430,3.9773,4.0091,4.0373,4.0611,4.0797,4.0925],""mean_gx"":0.4000,""gx"":[4.0282,3.9923,3.9567,3.9224,3.8907,3.8624,3.8387,3.8201,3.8074,3.8009,3.8008,3.8071,3.8197,3.8381,3.8618,3.8899,3.9215,3.9557,3.9914,4.0273,4.0623,4.0953,4.1253,4.1512,4.1722,4.1876,4.1970,4.2000,4.1965,4.1868,4.1709,4.1496],""mean_gy"":0.5000,""gy"":[3.9486,3.9277,3.9123,3.9030,3.9000,3.9035,3.9134,3.9292,3.9506,3.9769,4.0071,4.0403,4.0754,4.1114,4.1469,4.1810,4.2124,4.2402,4.2635,4.2815,4.2936,4.2995,4.2989,4.2919,4.2787,4.2597,4.2356,4.2070,4.1751,4.1407,4.1050,4.0691],""mean_gz"":0.6000,""gz"":[4.0082,4.0215,4.0405,4.0647,4.0932,4.1252,4.1596,4.1954,4.2312,4.2661,4.2988,4.3284,4.3537,4.3742,4.3889,4.3976,4.3999,4.3958,4.3853,4.3688,4.3469,4.3202,4.2896,4.2562,4.2209,4.1850,4.1495,4.1157,4.0846,4.0572,4.0344,4.0170],""relayed_by"":2}"
2026-07-17T06:08:43,health_monitor/node_2/cs_ppg,312,"{""ts"":366025,""hr"":79,""spo2"":98.0,""ppg_valid"":true,""finger"":true,""mean_ir"":0.5500,""ir"":[0.6400,0.6941,0.7446,0.7890,0.8251,0.8510,0.8654,0.8673,0.8565,0.8333,0.7984,0.7534,0.7001,0.6407,0.5779,0.5142,0.4526,0.3956,0.3457,0.3049,0.2750,0.2572,0.2520,0.2595,0.2791,0.3097,0.3497,0.3971,0.4494,0.5043,0.5589,0.6107]}"
2026-07-17T06:08:43,health_monitor/node_1/cs_imu,1530,"{""ts"":366229,""finger"":true,""mean_ax"":0.1000,""ax"":[3.7300,3.7658,3.8005,3.8328,3.8619,3.8867,3.9064,3.9204,3.9283,3.9298,3.9248,3.9135,3.8963,3.8737,3.8465,3.8155,3.7817,3.7463,3.7104,3.6750,3.6415,3.6108,3.5840,3.5619,3.5452,3.5345,3.5301,3.5322,3.5406,3.5552,3.5754,3.6007],""mean_ay"":0.2000,""ay"":[3.9983,4.0149,4.0256,4.0299,4.0278,4.0193,4.0046,3.9844,3.9591,3.9297,3.8970,3.8622,3.8263,3.7906,3.7561,3.7240,3.6954,3.6711,3.6519,3.6385,3.6313,3.6305,3.6361,3.6480,3.6658,3.6889,3.7165,3.7479,3.7818,3.8174,3.8533,3.8885],""mean_az"":0.3000,""az"":[4.1119,4.0940,4.0709,4.0432,4.0118,3.9778,3.9423,3.9064,3.8712,3.8379,3.8076,3.7813,3.7597,3.7437,3.7337,3.7300,3.7328,3.7420,3.7572,3.7780,3.8037,3.8336,3.8665,3.9015,3.9374,3.9730,4.0073,4.0391,4.0673,4.0911,4.1097,4.1225],""mean_gx"":0.4000,""gx"":[4.0582,4.0223,3.9867,3.9524,3.9207,3.8924,3.8687,3.8501,3.8374,3.8309,3.8308,3.8371,3.8497,3.8681,3.8918,3.9199,3.9515,3.9857,4.0214,4.0573,4.0923,4.1253,4.1553,4.1812,4.2022,4.2176,4.2270,4.2300,4.2265,4.2168,4.2009,4.1796],""mean_gy"":0.5000,""gy"":[3.9786,3.9577,3.9423,3.9330,3.9300,3.9335,3.9434,3.9592,3.9806,4.0069,4.0371,4.0703,4.1054,4.1414,4.1769,4.2110,4.2424,4.2702,4.2935,4.3115,4.3236,4.3295,4.3289,4.3219,4.3087,4.2897,4.2656,4.2370,4.2051,4.1707,4.1350,4.0991],""mean_gz"":0.6000,""gz"":[4.0382,4.0515,4.0705,4.0947,4.1232,4.1552,4.1896,4.2254,4.2612,4.2961,4.3288,4.3584,4.3837,4.4042,4.4189,4.4276,4.4299,4.4258,4.4153,4.3988,4.3769,4.3502,4.3196,4.2862,4.2509,4.2150,4.1795,4.1457,4.1146,4.0872,4.0644,4.0470],""relayed_by"":2}"
2026-07-17T06:08:46,health_monitor/node_2/cs_ppg,312,"{""ts"":369051,""hr"":79,""spo2"":98.0,""ppg_valid"":true,""finger"":true,""mean_ir"":0.5500,""ir"":[0.6500,0.7041,0.7546,0.7990,0.8351,0.8610,0.8754,0.8773,0.8665,0.8433,0.8084,0.7634,0.7101,0.6507,0.5879,0.5242,0.4626,0.4056,0.3557,0.3149,0.2850,0.2672,0.2620,0.2695,0.2891,0.3197,0.3597,0.4071,0.4594,0.5143,0.5689,0.6207]}"
2026-07-17T06:08:46,health_monitor/node_1/cs_imu,1530,"{""ts"":369249,""finger"":true,""mean_ax"":0.1000,""ax"":[3.7600,3.7958,3.8305,3.8628,3.8919,3.9167,3.9364,3.9504,3.9583,3.9598,3.9548,3.9435,3.9263,3.9037,3.8765,3.8455,3.8117,3.7763,3.7404,3.7050,3.6715,3.6408,3.6140,3.5919,3.5752,3.5645,3.5601,3.5622,3.5706,3.5852,3.6054,3.6307],""mean_ay"":0.2000,""ay"":[4.0283,4.0449,4.0556,4.0599,4.0578,4.0493,4.0346,4.0144,3.9891,3.9597,3.9270,3.8922,3.8563,3.8206,3.7861,3.7540,3.7254,3.7011,3.6819,3.6685,3.6613,3.6605,3.6661,3.6780,3.6958,3.7189,3.7465,3.7779,3.8118,3.8474,3.8833,3.9185],""mean_az"":0.3000,""az"":[4.1419,4.1240,4.1009,4.0732,4.0418,4.0078,3.9723,3.9364,3.9012,3.8679,3.8376,3.8113,3.7897,3.7737,3.7637,3.7600,3.7628,3.7720,3.7872,3.8080,3.8337,3.8636,3.8965,3.9315,3.9674,4.0030,4.0373,4.0691,4.0973,4.1211,4.1397,4.1525],""mean_gx"":0.4000,""gx"":[4.0882,4.0523,4.0167,3.9824,3.9507,3.9224,3.8987,3.8801,3.8674,3.8609,3.8608,3.8671,3.8797,3.8981,3.9218,3.9499,3.9815,4.0157,4.0514,4.0873,4.1223,4.1553,4.1853,4.2112,4.2322,4.2476,4.2570,4.2600,4.2565,4.2468,4.2309,4.2096],""mean_gy"":0.5000,""gy"":[4.0086,3.9877,3.9723,3.9630,3.9600,3.9635,3.9734,3.9892,4.0106,4.0369,4.0671,4.1003,4.1354,4.1714,4.2069,4.2410,4.2724,4.3002,4.3235,4.3415,4.3536,4.3595,4.3589,4.3519,4.3387,4.3197,4.2956,4.2670,4.2351,4.2007,4.1650,4.1291],""mean_gz"":0.6000,""gz"":[4.0682,4.0815,4.1005,4.1247,4.1532,4.1852,4.2196,4.2554,4.2912,4.3261,4.3588,4.3884,4.4137,4.4342,4.4489,4.4576,4.4599,4.4558,4.4453,4.4288,4.4069,4.3802,4.3496,4.3162,4.2809,4.2450,4.2095,4.1757,4.1446,4.1172,4.0944,4.0770],""relayed_by"":2}"
2026-07-17T06:08:49,health_monitor/node_2/cs_ppg,312,"{""ts"":372076,""hr"":79,""spo2"":98.0,""ppg_valid"":true,""finger"":true,""mean_ir"":0.5500,""ir"":[0.6600,0.7141,0.7646,0.8090,0.8451,0.8710,0.8854,0.8873,0.8765,0.8533,0.8184,0.7734,0.7201,0.6607,0.5979,0.5342,0.4726,0.4156,0.3657,0.3249,0.2950,0.2772,0.2720,0.2795,0.2991,0.3297,0.3697,0.4171,0.4694,0.5243,0.5789,0.6307]}"
2026-07-17T06:08:49,health_monitor/node_1/cs_imu,1530,"{""ts"":372276,""finger"":true,""mean_ax"":0.1000,""ax"":[3.7900,3.8258,3.8605,3.8928,3.9219,3.9467,3.9664,3.9804,3.9883,3.9898,3.9848,3.9735,3.9563,3.9337,3.9065,3.8755,3.8417,3.8063,3.7703,3.7350,3.7015,3.6708,3.6440,3.6219,3.6052,3.5945,3.5901,3.5922,3.6006,3.6152,3.6354,3.6607],""mean_ay"":0.2000,""ay"":[4.0583,4.0749,4.0856,4.0899,4.0878,4.0793,4.0646,4.0444,4.0191,3.9897,3.9570,3.9222,3.8863,3.8506,3.8161,3.7840,3.7554,3.7311,3.7119,3.6985,3.6913,3.6905,3.6961,3.7080,3.7258,3.7489,3.7765,3.8079,3.8418,3.8774,3.9133,3.9485],""mean_az"":0.3000,""az"":[4.1719,4.1540,4.1309,4.1032,4.0718,4.0378,4.0023,3.9664,3.9312,3.8979,3.8676,3.8413,3.8197,3.8037,3.7937,3.7900,3.7928,3.8020,3.8172,3.8380,3.8637,3.8936,3.9265,3.9615,3.9974,4.0330,4.0673,4.0991,4.1273,4.1511,4.1697,4.1825],""mean_gx"":0.4000,""gx"":[4.1182,4.0823,4.0467,4.0124,3.9807,3.9524,3.9287,3.9101,3.8974,3.8909,3.8908,3.8971,3.9097,3.9281,3.9518,3.9799,4.0115,4.0457,4.0814,4.1173,4.1523,4.1853,4.2153,4.2412,4.2622,4.2776,4.2870,4.2900,4.2865,4.2768,4.2609,4.2396],""mean_gy"":0.5000,""gy"":[4.0386,4.0177,4.0023,3.9930,3.9900,3.9935,4.0034,4.0192,4.0406,4.0669,4.0971,4.1303,4.1654,4.2014,4.2369,4.2710,4.3024,4.3302,4.3535,4.3715,4.3836,4.3895,4.3889,4.3819,4.3687,4.3497,4.3256,4.2970,4.2651,4.2307,4.1950,4.1591],""mean_gz"":0.6000,""gz"":[4.0982,4.1115,4.1305,4.1547,4.1832,4.2152,4.2496,4.2854,4.3212,4.3561,4.3888,4.4184,4.4437,4.4642,4.4789,4.4876,4.4899,4.4858,4.4753,4.4588,4.4369,4.4102,4.3796,4.3462,4.3109,4.2750,4.2395,4.2057,4.1746,4.1472,4.1244,4.1070],""relayed_by"":2}"
2026-07-17T06:08:52,health_monitor/node_2/cs_ppg,312,"{""ts"":375106,""hr"":79,""spo2"":98.0,""ppg_valid"":true,""finger"":true,""mean_ir"":0.5500,""ir"":[0.6700,0.7241,0.7746,0.8190,0.8551,0.8810,0.8954,0.8973,0.8865,0.8633,0.8284,0.7834,0.7301,0.6707,0.6079,0.5442,0.4826,0.4256,0.3757,0.3349,0.3050,0.2872,0.2820,0.2895,0.3091,0.3397,0.3797,0.4271,0.4794,0.5343,0.5889,0.6407]}"
2026-07-17T06:08:52,health_monitor/node_1/cs_imu,1530,"{""ts"":375307,""finger"":true,""mean_ax"":0.1000,""ax"":[3.8200,3.8558,3.8905,3.9228,3.9519,3.9767,3.9964,4.0104,4.0183,4.0198,4.0148,4.0035,3.9863,3.9637,3.9365,3.9055,3.8717,3.8363,3.8004,3.7650,3.7315,3.7008,3.6740,3.6519,3.6352,3.6245,3.6201,3.6222,3.6306,3.6452,3.6654,3.6907],""mean_ay"":0.2000,""ay"":[4.0883,4.1049,4.1156,4.1199,4.1178,4.1093,4.0946,4.0744,4.0491,4.0197,3.9870,3.9522,3.9163,3.8806,3.8461,3.8140,3.7854,3.7611,3.7419,3.7285,3.7213,3.7205,3.7261,3.7380,3.7558,3.7789,3.8065,3.8379,3.8718,3.9074,3.9433,3.9785],""mean_az"":0.3000,""az"":[4.2019,4.1840,4.1609,4.1332,4.1018,4.0679,4.0323,3.9964,3.9612,3.9279,3.8976,3.8713,3.8497,3.8337,3.8237,3.8200,3.8228,3.8320,3.8472,3.8680,3.8937,3.9236,3.9565,3.9915,4.0274,4.0630,4.0973,4.1291,4.1573,4.1811,4.1997,4.2125],""mean_gx"":0.4000,""gx"":[4.1482,4.1123,4.0767,4.0424,4.0107,3.9824,3.9587,3.9401,3.9274,3.9209,3.9208,3.9271,3.9397,3.9581,3.9818,4.0099,4.0415,4.0757,4.1114,4.1473,4.1823,4.2153,4.2453,4.2712,4.2922,4.3076,4.3170,4.3200,4.3165,4.3068,4.2909,4.2696],""mean_gy"":0.5000,""gy"":[4.0686,4.0477,4.0323,4.0230,4.0200,4.0235,4.0334,4.0492,4.0706,4.0969,4.1271,4.1603,4.1954,4.2314,4.2669,4.3010,4.3324,4.3602,4.3835,4.4015,4.4136,4.4195,4.4189,4.4119,4.3987,4.3797,4.3556,4.3270,4.2951,4.2607,4.2250,4.1891],""mean_gz"":0.6000,""gz"":[4.1282,4.1415,4.1605,4.1847,4.2132,4.2452,4.2796,4.3154,4.3512,4.3861,4.4188,4.4484,4.4737,4.4942,4.5089,4.5176,4.5199,4.5158,4.5053,4.4888,4.4669,4.4402,4.4096,4.3762,4.3409,4.3050,4.2695,4.2357,4.2046,4.1772,4.1544,4.1370],""relayed_by"":2}"
2026-07-17T06:08:55,health_monitor/node_2/cs_ppg,312,"{""ts"":378124,""hr"":79,""spo2"":98.0,""ppg_valid"":true,""finger"":true,""mean_ir"":0.5500,""ir"":[0.6800,0.7341,0.7846,0.8290,0.8651,0.8910,0.9054,0.9073,0.8965,0.8733,0.8384,0.7934,0.7401,0.6807,0.6179,0.5542,0.4926,0.4356,0.3857,0.3449,0.3150,0.2972,0.2920,0.2995,0.3191,0.3497,0.3897,0.4371,0.4894,0.5443,0.5989,0.6507]}"
2026-07-17T06:08:55,health_monitor/node_1/cs_imu,1530,"{""ts"":378333,""finger"":true,""mean_ax"":0.1000,""ax"":[3.8500,3.8858,3.9205,3.9528,3.9819,4.0067,4.0264,4.0404,4.0483,4.0498,4.0448,4.0335,4.0163,3.9937,3.9665,3.9355,3.9017,3.8663,3.8304,3.7950,3.7615,3.7308,3.7040,3.6819,3.6652,3.6545,3.6501,3.6522,3.6606,3.6752,3.6954,3.7207],""mean_ay"":0.2000,""ay"":[4.1183,4.1349,4.1456,4.1499,4.1478,4.1393,4.1246,4.1044,4.0791,4.0497,4.0170,3.9822,3.9463,3.9106,3.8761,3.8440,3.8154,3.7911,3.7719,3.7585,3.7513,3.7505,3.7561,3.7680,3.7858,3.8089,3.8365,3.8679,3.9018,3.9374,3.9733,4.0085],""mean_az"":0.3000,""az"":[4.2319,4.2140,4.1909,4.1632,4.1318,4.0978,4.0623,4.0264,3.9912,3.9579,3.9276,3.9013,3.8797,3.8637,3.8537,3.8500,3.8528,3.8620,3.8772,3.8980,3.9237,3.9536,3.9865,4.0215,4.0574,4.0930,4.1273,4.1591,4.1873,4.2111,4.2297,4.2425],""mean_gx"":0.4000,""gx"":[4.1782,4.1423,4.1067,4.0724,4.0407,4.0124,3.9887,3.9701,3.9574,3.9509,3.9508,3.9571,3.9697,3.9881,4.0118,4.0399,4.0715,4.1057,4.1414,4.1773,4.2123,4.2453,4.2753,4.3012,4.3222,4.3376,4.3470,4.3500,4.3465,4.3368,4.3209,4.2996],""mean_gy"":0.5000,""gy"":[4.0986,4.0777,4.0623,4.0530,4.0500,4.0535,4.0634,4.0792,4.1006,4.1269,4.1571,4.1903,4.2254,4.2614,4.2969,4.3310,4.3624,4.3902,4.4135,4.4315,4.4436,4.4495,4.4489,4.4419,4.4287,4.4097,4.3856,4.3570,4.3251,4.2907,4.2550,4.2191],""mean_gz"":0.6000,""gz"":[4.1582,4.1715,4.1905,4.2147,4.2432,4.2752,4.3096,4.3454,4.3812,4.4161,4.4488,4.4784,4.5037,4.5242,4.5389,4.5476,4.5499,4.5458,4.5353,4.5188,4.4969,4.4702,4.4396,4.4062,4.3709,4.3350,4.2995,4.2657,4.2346,4.2072,4.1844,4.1670],""relayed_by"":2}"
2026-07-17T06:08:58,health_monitor/node_2/cs_ppg,312,"{""ts"":381154,""hr"":79,""spo2"":98.0,""ppg_valid"":true,""finger"":true,""mean_ir"":0.5500,""ir"":[0.6900,0.7441,0.7946,0.8390,0.8751,0.9010,0.9154,0.9173,0.9065,0.8833,0.8484,0.8034,0.7501,0.6907,0.6279,0.5642,0.5026,0.4456,0.3957,0.3549,0.3250,0.3072,0.3020,0.3095,0.3291,0.3597,0.3997,0.4471,0.4994,0.5543,0.6089,0.6607]}"
2026-07-17T06:08:58,health_monitor/node_1/cs_imu,1515,"{""ts"":381372,""finger"":true,""mean_ax"":0.1000,""ax"":[3.8800,3.9158,3.9505,3.9828,4.0119,4.0367,4.0564,4.0704,4.0783,4.0798,4.0748,4.0635,4.0463,4.0237,3.9965,3.9655,3.9317,3.8963,3.8604,3.8250,3.7915,3.7608,3.7340,3.7119,3.6952,3.6845,3.6801,3.6822,3.6906,3.7052,3.7254,3.7507],""mean_ay"":0.2000,""ay"":[4.1483,4.1649,4.1756,4.1799,4.1778,4.1693,4.1546,4.1344,4.1091,4.0797,4.0470,4.0122,3.9763,3.9406,3.9061,3.8740,3.8454,3.8211,3.8019,3.7885,3.7813,3.7805,3.7861,3.7980,3.8158,3.8389,3.8665,3.8979,3.9318,3.9674,4.0033,4.0385],""mean_az"":0.3000,""az"":[4.2619,4.2440,4.2209,4.1932,4.1618,4.1278,4.0923,4.0564,4.0212,3.9879,3.9576,3.9313,3.9097,3.8937,3.8837,3.8800,3.8828,3.8920,3.9072,3.9280,3.9537,3.9836,4.0165,4.0515,4.0874,4.1230,4.1573,4.1891,4.2173,4.2411,4.2597,4.2725],""mean_gx"":0.4000,""gx"":[4.2082,4.1723,4.1367,4.1024,4.0707,4.0424,4.0187,4.0001,3.9874,3.9809,3.9808,3.9871,3.9997,4.0181,4.0418,4.0699,4.1015,4.1357,4.1714,4.2073,4.2423,4.2753,4.3053,4.3312,4.3522,4.3676,4.3770,4.3800,4.3765,4.3668,4.3509,4.3296],""mean_gy"":0.5000,""gy"":[4.1286,4.1077,4.0923,4.0830,4.0800,4.0835,4.0934,4.1092,4.1306,4.1569,4.1871,4.2203,4.2554,4.2914,4.3269,4.3610,4.3924,4.4202,4.4435,4.4615,4.4736,4.4795,4.4789,4.4719,4.4587,4.4397,4.4156,4.3870,4.3551,4.3207,4.2850,4.2491],""mean_gz"":0.6000,""gz"":[4.1882,4.2015,4.2205,4.2447,4.2732,4.3052,4.3396,4.3754,4.4112,4.4461,4.4788,4.5084,4.5337,4.5542,4.5689,4.5776,4.5799,4.5758,4.5653,4.5488,4.5269,4.5002,4.4696,4.4362,4.4009,4.3650,4.3295,4.2957,4.2646,4.2372,4.2144,4.1970]}"
2026-07-17T06:09:01,health_monitor/node_2/cs_ppg,312,"{""ts"":384177,""hr"":79,""spo2"":98.0,""ppg_valid"":true,""finger"":true,""mean_ir"":0.5500,""ir"":[0.7000,0.7541,0.8046,0.8490,0.8851,0.9110,0.9254,0.9273,0.9165,0.8933,0.8584,0.8134,0.7601,0.7007,0.6379,0.5742,0.5126,0.4556,0.4057,0.3649,0.3350,0.3172,0.3120,0.3195,0.3391,0.3697,0.4097,0.4571,0.5094,0.5643,0.6189,0.6707]}"
2026-07-17T06:09:01,health_monitor/node_1/cs_imu,1515,"{""ts"":384397,""finger"":true,""mean_ax"":0.1000,""ax"":[3.9100,3.9458,3.9805,4.0128,4.0419,4.0667,4.0864,4.1004,4.1083,4.1098,4.1048,4.0935,4.0763,4.0537,4.0265,3.9955,3.9617,3.9263,3.8904,3.8550,3.8215,3.7908,3.7640,3.7419,3.7252,3.7145,3.7101,3.7122,3.7206,3.7352,3.7554,3.7807],""mean_ay"":0.2000,""ay"":[4.1783,4.1949,4.2056,4.2099,4.2078,4.1993,4.1846,4.1644,4.1391,4.1097,4.0770,4.0422,4.0063,3.9706,3.9361,3.9040,3.8754,3.8511,3.8319,3.8185,3.8113,3.8105,3.8161,3.8280,3.8458,3.8689,3.8965,3.9279,3.9618,3.9974,4.0333,4.0685],""mean_az"":0.3000,""az"":[4.2919,4.2740,4.2509,4.2232,4.1918,4.1578,4.1223,4.0864,4.0512,4.0179,3.9876,3.9613,3.9397,3.9237,3.9137,3.9100,3.9128,3.9220,3.9372,3.9580,3.9837,4.0136,4.0465,4.0815,4.1174,4.1530,4.1873,4.2191,4.2473,4.2711,4.2897,4.3025],""mean_gx"":0.4000,""gx"":[4.2382,4.2023,4.1667,4.1324,4.1007,4.0724,4.0487,4.0301,4.0174,4.0109,4.0108,4.0171,4.0297,4.0481,4.0718,4.0999,4.1315,4.1657,4.2014,4.2373,4.2723,4.3053,4.3353,4.3612,4.3822,4.3976,4.4070,4.4100,4.4065,4.3968,4.3809,4.3596],""mean_gy"":0.5000,""gy"":[4.1586,4.1377,4.1223,4.1130,4.1100,4.1135,4.1234,4.1392,4.1606,4.1869,4.2171,4.2503,4.2854,4.3214,4.3569,4.3910,4.4224,4.4502,4.4735,4.4915,4.5036,4.5095,4.5089,4.5019,4.4887,4.4697,4.4456,4.4170,4.3851,4.3507,4.3150,4.2791],""mean_gz"":0.6000,""gz"":[4.2182,4.2315,4.2505,4.2747,4.3032,4.3352,4.3696,4.4054,4.4412,4.4761,4.5088,4.5384,4.5637,4.5842,4.5989,4.6076,4.6099,4.6058,4.5953,4.5788,4.5569,4.5302,4.4996,4.4662,4.4309,4.3950,4.3595,4.3257,4.2946,4.2672,4.2444,4.2270]}"
2026-07-17T06:09:04,health_monitor/node_2/cs_ppg,312,"{""ts"":387196,""hr"":79,""spo2"":98.0,""ppg_valid"":true,""finger"":true,""mean_ir"":0.5500,""ir"":[0.7100,0.7641,0.8146,0.8590,0.8951,0.9210,0.9354,0.9373,0.9265,0.9033,0.8684,0.8234,0.7701,0.7107,0.6479,0.5842,0.5226,0.4656,0.4157,0.3749,0.3450,0.3272,0.3220,0.3295,0.3491,0.3797,0.4197,0.4671,0.5194,0.5743,0.6289,0.6807]}"
2026-07-17T06:09:04,health_monitor/node_1/cs_imu,1515,"{""ts"":387435,""finger"":true,""mean_ax"":0.1000,""ax"":[3.9400,3.9758,4.0105,4.0428,4.0719,4.0967,4.1164,4.1304,4.1383,4.1398,4.1348,4.1235,4.1063,4.0837,4.0565,4.0255,3.9917,3.9563,3.9204,3.8850,3.8515,3.8208,3.7940,3.7719,3.7552,3.7445,3.7401,3.7422,3.7506,3.7652,3.7854,3.8107],""mean_ay"":0.2000,""ay"":[4.2083,4.2249,4.2356,4.2399,4.2378,4.2293,4.2146,4.1944,4.1691,4.1397,4.1070,4.0722,4.0363,4.0006,3.9661,3.9340,3.9054,3.8811,3.8619,3.8485,3.8413,3.8405,3.8461,3.8580,3.8758,3.8989,3.9265,3.9579,3.9918,4.0274,4.0633,4.0985],""mean_az"":0.3000,""az"":[4.3219,4.3040,4.2809,4.2532,4.2218,4.1878,4.1523,4.1164,4.0812,4.0479,4.0176,3.9913,3.9697,3.9537,3.9437,3.9400,3.9428,3.9520,3.9672,3.9880,4.0137,4.0436,4.0765,4.1115,4.1474,4.1830,4.2173,4.2491,4.2773,4.3011,4.3197,4.3325],""mean_gx"":0.4000,""gx"":[4.2682,4.2323,4.1967,4.1624,4.1307,4.1024,4.0787,4.0601,4.0474,4.0409,4.0408,4.0471,4.0597,4.0781,4.1018,4.1299,4.1615,4.1957,4.2314,4.2673,4.3023,4.3353,4.3653,4.3912,4.4122,4.4276,4.4370,4.4400,4.4365,4.4268,4.4109,4.3896],""mean_gy"":0.5000,""gy"":[4.1886,4.1677,4.1523,4.1430,4.1400,4.1435,4.1534,4.1692,4.1906,4.2169,4.2471,4.2803,4.3154,4.3514,4.3869,4.4210,4.4524,4.4802,4.5035,4.5215,4.5336,4.5395,4.5389,4.5319,4.5187,4.4997,4.4756,4.4470,4.4151,4.3807,4.3450,4.3091],""mean_gz"":0.6000,""gz"":[4.2482,4.2615,4.2805,4.3047,4.3332,4.3652,4.3996,4.4354,4.4712,4.5061,4.5388,4.5684,4.5937,4.6142,4.6289,4.6376,4.6399,4.6358,4.6253,4.6088,4.5869,4.5602,4.5296,4.4962,4.4609,4.4250,4.3895,4.3557,4.3246,4.2972,4.2744,4.2570]}"
2026-07-17T06:09:07,health_monitor/node_2/cs_ppg,312,"{""ts"":390237,""hr"":79,""spo2"":98.0,""ppg_valid"":true,""finger"":true,""mean_ir"":0.5500,""ir"":[0.7200,0.7741,0.8246,0.8690,0.9051,0.9310,0.9454,0.9473,0.9365,0.9133,0.8784,0.8334,0.7801,0.7207,0.6579,0.5942,0.5326,0.4756,0.4257,0.3849,0.3550,0.3372,0.3320,0.3395,0.3591,0.3897,0.4297,0.4771,0.5294,0.5843,0.6389,0.6907]}"
2026-07-17T06:09:07,health_monitor/node_1/cs_imu,1515,"{""ts"":390461,""finger"":true,""mean_ax"":0.1000,""ax"":[3.9700,4.0058,4.0405,4.0728,4.1019,4.1267,4.1464,4.1604,4.1683,4.1698,4.1648,4.1535,4.1363,4.1137,4.0865,4.0555,4.0217,3.9863,3.9504,3.9150,3.8815,3.8508,3.8240,3.8019,3.7852,3.7745,3.7701,3.7722,3.7806,3.7952,3.8154,3.8407],""mean_ay"":0.2000,""ay"":[4.2383,4.2549,4.2656,4.2699,4.2678,4.2593,4.2446,4.2244,4.1991,4.1697,4.1370,4.1022,4.0663,4.0306,3.9961,3.9640,3.9354,3.9111,3.8919,3.8785,3.8713,3.8705,3.8761,3.8880,3.9058,3.9289,3.9565,3.9879,4.0218,4.0574,4.0933,4.1285],""mean_az"":0.3000,""az"":[4.3519,4.3340,4.3109,4.2832,4.2518,4.2178,4.1823,4.1464,4.1112,4.0779,4.0476,4.0213,3.9997,3.9837,3.9737,3.9700,3.9728,3.9820,3.9972,4.0180,4.0437,4.0736,4.1065,4.1415,4.1774,4.2130,4.2473,4.2791,4.3073,4.3311,4.3497,4.3625],""mean_gx"":0.4000,""gx"":[4.2982,4.2623,4.2267,4.1924,4.1607,4.1324,4.1087,4.0901,4.0774,4.0709,4.0708,4.0771,4.0897,4.1081,4.1318,4.1599,4.1915,4.2257,4.2614,4.2973,4.3323,4.3653,4.3953,4.4212,4.4422,4.4576,4.4670,4.4700,4.4665,4.4568,4.4409,4.4196],""mean_gy"":0.5000,""gy"":[4.2186,4.1977,4.1823,4.1730,4.1700,4.1735,4.1834,4.1992,4.2206,4.2469,4.2771,4.3103,4.3454,4.3814,4.4169,4.4510,4.4824,4.5102,4.5335,4.5515,4.5636,4.5695,4.5689,4.5619,4.5487,4.5297,4.5056,4.4770,4.4451,4.4107,4.3750,4.3391],""mean_gz"":0.6000,""gz"":[4.2782,4.2915,4.3105,4.3347,4.3632,4.3952,4.4296,4.4654,4.5012,4.5361,4.5688,4.5984,4.6237,4.6442,4.6589,4.6676,4.6699,4.6658,4.6553,4.6388,4.6169,4.5902,4.5596,4.5262,4.4909,4.4550,4.4195,4.3857,4.3546,4.3272,4.3044,4.2870]}"
2026-07-17T06:09:10,health_monitor/node_2/cs_ppg,312,"{""ts"":393248,""hr"":79,""spo2"":98.0,""ppg_valid"":true,""finger"":true,""mean_ir"":0.5500,""ir"":[0.6300,0.6841,0.7346,0.7790,0.8151,0.8410,0.8554,0.8573,0.8465,0.8233,0.7884,0.7434,0.6901,0.6307,0.5679,0.5042,0.4426,0.3856,0.3357,0.2949,0.2650,0.2472,0.2420,0.2495,0.2691,0.2997,0.3397,0.3871,0.4394,0.4943,0.5489,0.6007]}"
2026-07-17T06:09:10,health_monitor/node_1/cs_imu,1515,"{""ts"":393487,""finger"":true,""mean_ax"":0.1000,""ax"":[4.0000,4.0358,4.0705,4.1028,4.1319,4.1567,4.1764,4.1904,4.1983,4.1998,4.1948,4.1835,4.1663,4.1437,4.1165,4.0855,4.0517,4.0163,3.9804,3.9450,3.9115,3.8808,3.8540,3.8319,3.8152,3.8045,3.8001,3.8022,3.8106,3.8252,3.8454,3.8707],""mean_ay"":0.2000,""ay"":[4.2683,4.2849,4.2956,4.2999,4.2978,4.2893,4.2746,4.2544,4.2291,4.1997,4.1670,4.1322,4.0963,4.0606,4.0261,3.9940,3.9654,3.9411,3.9219,3.9085,3.9013,3.9005,3.9061,3.9180,3.9358,3.9589,3.9865,4.0179,4.0518,4.0874,4.1233,4.1585],""mean_az"":0.3000,""az"":[4.3819,4.3640,4.3409,4.3132,4.2818,4.2478,4.2123,4.1764,4.1412,4.1079,4.0776,4.0513,4.0297,4.0137,4.0037,4.0000,4.0028,4.0120,4.0272,4.0480,4.0737,4.1036,4.1365,4.1715,4.2074,4.2430,4.2773,4.3091,4.3373,4.3611,4.3797,4.3925],""mean_gx"":0.4000,""gx"":[4.3282,4.2923,4.2567,4.2224,4.1907,4.1624,4.1387,4.1201,4.1074,4.1009,4.1008,4.1071,4.1197,4.1381,4.1618,4.1899,4.2215,4.2557,4.2914,4.3273,4.3623,4.3953,4.4253,4.4512,4.4722,4.4876,4.4970,4.5000,4.4965,4.4868,4.4709,4.4496],""mean_gy"":0.5000,""gy"":[4.2486,4.2277,4.2123,4.2030,4.2000,4.2035,4.2134,4.2292,4.2506,4.2769,4.3071,4.3403,4.3754,4.4114,4.4469,4.4810,4.5124,4.5402,4.5635,4.5815,4.5936,4.5995,4.5989,4.5919,4.5787,4.5597,4.5356,4.5070,4.4751,4.4407,4.4050,4.3691],""mean_gz"":0.6000,""gz"":[4.3082,4.3215,4.3405,4.3647,4.3932,4.4252,4.4596,4.4954,4.5312,4.5661,4.5988,4.6284,4.6537,4.6742,4.6889,4.6976,4.6999,4.6958,4.6853,4.6688,4.6469,4.6202,4.5896,4.5562,4.5209,4.4850,4.4495,4.4157,4.3846,4.3572,4.3344,4.3170]}"
2026-07-17T06:09:13,health_monitor/node_2/cs_ppg,312,"{""ts"":396271,""hr"":79,""spo2"":98.0,""ppg_valid"":true,""finger"":true,""mean_ir"":0.5500,""ir"":[0.6400,0.6941,0.7446,0.7890,0.8251,0.8510,0.8654,0.8673,0.8565,0.8333,0.7984,0.7534,0.7001,0.6407,0.5779,0.5142,0.4526,0.3956,0.3457,0.3049,0.2750,0.2572,0.2520,0.2595,0.2791,0.3097,0.3497,0.3971,0.4494,0.5043,0.5589,0.6107]}"
2026-07-17T06:09:13,health_monitor/node_1/cs_imu,1515,"{""ts"":396512,""finger"":true,""mean_ax"":0.1000,""ax"":[4.0300,4.0658,4.1005,4.1328,4.1619,4.1867,4.2064,4.2204,4.2283,4.2298,4.2248,4.2135,4.1963,4.1737,4.1465,4.1155,4.0817,4.0463,4.0104,3.9750,3.9415,3.9108,3.8840,3.8619,3.8452,3.8345,3.8301,3.8322,3.8406,3.8552,3.8754,3.9007],""mean_ay"":0.2000,""ay"":[4.2983,4.3149,4.3256,4.3299,4.3278,4.3193,4.3046,4.2844,4.2591,4.2297,4.1970,4.1622,4.1263,4.0906,4.0561,4.0240,3.9954,3.9711,3.9519,3.9385,3.9313,3.9305,3.9361,3.9480,3.9658,3.9889,4.0165,4.0479,4.0818,4.1174,4.1533,4.1885],""mean_az"":0.3000,""az"":[4.4119,4.3940,4.3709,4.3432,4.3118,4.2778,4.2423,4.2064,4.1712,4.1379,4.1076,4.0813,4.0597,4.0437,4.0337,4.0300,4.0328,4.0420,4.0572,4.0780,4.1037,4.1336,4.1665,4.2015,4.2374,4.2730,4.3073,4.3391,4.3673,4.3911,4.4097,4.4225],""mean_gx"":0.4000,""gx"":[4.3582,4.3223,4.2867,4.2524,4.2207,4.1924,4.1687,4.1501,4.1374,4.1309,4.1308,4.1371,4.1497,4.1681,4.1918,4.2199,4.2515,4.2857,4.3214,4.3573,4.3923,4.4253,4.4553,4.4812,4.5022,4.5176,4.5270,4.5300,4.5265,4.5168,4.5009,4.4796],""mean_gy"":0.5000,""gy"":[4.2786,4.2577,4.2423,4.2330,4.2300,4.2335,4.2434,4.2592,4.2806,4.3069,4.3371,4.3703,4.4054,4.4414,4.4769,4.5110,4.5424,4.5702,4.5935,4.6115,4.6236,4.6295,4.6289,4.6219,4.6087,4.5897,4.5656,4.5370,4.5051,4.4707,4.4350,4.3991],""mean_gz"":0.6000,""gz"":[4.3382,4.3515,4.3705,4.3947,4.4232,4.4552,4.4896,4.5254,4.5612,4.5961,4.6288,4.6584,4.6837,4.7042,4.7189,4.7276,4.7299,4.7258,4.7153,4.6988,4.6769,4.6502,4.6196,4.5862,4.5509,4.5150,4.4795,4.4457,4.4146,4.3872,4.3644,4.3470]}"
2026-07-17T06:09:16,health_monitor/node_2/cs_ppg,312,"{""ts"":399301,""hr"":79,""spo2"":98.0,""ppg_valid"":true,""finger"":true,""mean_ir"":0.5500,""ir"":[0.6500,0.7041,0.7546,0.7990,0.8351,0.8610,0.8754,0.8773,0.8665,0.8433,0.8084,0.7634,0.7101,0.6507,0.5879,0.5242,0.4626,0.4056,0.3557,0.3149,0.2850,0.2672,0.2620,0.2695,0.2891,0.3197,0.3597,0.4071,0.4594,0.5143,0.5689,0.6207]}"
2026-07-17T06:09:16,health_monitor/node_1/cs_imu,1515,"{""ts"":399544,""finger"":true,""mean_ax"":0.1000,""ax"":[4.0600,4.0958,4.1305,4.1628,4.1919,4.2167,4.2364,4.2504,4.2583,4.2598,4.2548,4.2435,4.2263,4.2037,4.1765,4.1455,4.1117,4.0763,4.0403,4.0050,3.9715,3.9408,3.9140,3.8919,3.8752,3.8645,3.8601,3.8622,3.8706,3.8852,3.9054,3.9307],""mean_ay"":0.2000,""ay"":[4.3283,4.3449,4.3556,4.3599,4.3578,4.3493,4.3346,4.3144,4.2891,4.2597,4.2270,4.1922,4.1563,4.1206,4.0861,4.0540,4.0254,4.0011,3.9819,3.9685,3.9613,3.9605,3.9661,3.9780,3.9958,4.0189,4.0465,4.0779,4.1118,4.1474,4.1833,4.2185],""mean_az"":0.3000,""az"":[4.4419,4.4240,4.4009,4.3732,4.3418,4.3078,4.2723,4.2364,4.2012,4.1679,4.1376,4.1113,4.0897,4.0737,4.0637,4.0600,4.0628,4.0720,4.0872,4.1080,4.1337,4.1636,4.1965,4.2315,4.2674,4.3030,4.3373,4.3691,4.3973,4.4211,4.4397,4.4525],""mean_gx"":0.4000,""gx"":[4.3882,4.3523,4.3167,4.2824,4.2507,4.2224,4.1987,4.1801,4.1674,4.1609,4.1608,4.1671,4.1797,4.1981,4.2218,4.2499,4.2815,4.3157,4.3514,4.3873,4.4223,4.4553,4.4853,4.5112,4.5322,4.5476,4.5570,4.5600,4.5565,4.5468,4.5309,4.5096],""mean_gy"":0.5000,""gy"":[4.3086,4.2877,4.2723,4.2630,4.2600,4.2635,4.2734,4.2892,4.3106,4.3369,4.3671,4.4003,4.4354,4.4714,4.5069,4.5410,4.5724,4.6002,4.6235,4.6415,4.6536,4.6595,4.6589,4.6519,4.6387,4.6197,4.5956,4.5670,4.5351,4.5007,4.4650,4.4291],""mean_gz"":0.6000,""gz"":[4.3682,4.3815,4.4005,4.4247,4.4532,4.4852,4.5196,4.5554,4.5912,4.6261,4.6588,4.6884,4.7137,4.7342,4.7489,4.7576,4.7599,4.7558,4.7453,4.7288,4.7069,4.6802,4.6496,4.6162,4.5809,4.5450,4.5095,4.4757,4.4446,4.4172,4.3944,4.3770]}"
