window_idx,sample_idx,raw_ir,reconstructed_ir,abs_error
1,0,77779.000000,77817.631425,38.631425
1,1,77780.000000,77820.986722,40.986722
1,2,77778.000000,77814.908343,36.908343
1,3,77777.000000,77808.694660,31.694660
1,4,77773.000000,77791.988590,18.988590
1,5,77769.000000,77788.309335,19.309335
1,6,77767.000000,77790.900225,23.900225
1,7,77765.000000,77789.401104,24.401104
1,8,77773.000000,77766.491207,6.508793
1,9,77776.000000,77765.106167,10.893833
1,10,77782.000000,77775.168517,6.831483
1,11,77792.000000,77783.611317,8.388683
1,12,77795.000000,77790.462467,4.537533
1,13,77798.000000,77792.229641,5.770359
1,14,77800.000000,77796.643915,3.356085
1,15,77800.000000,77800.113019,0.113019
1,16,77800.000000,77812.935093,12.935093
1,17,77796.000000,77817.661498,21.661498
1,18,77795.000000,77807.404352,12.404352
1,19,77794.000000,77808.268388,14.268388
1,20,77790.000000,77810.014782,20.014782
1,21,77785.000000,77807.932074,22.932074
1,22,77773.000000,77788.946900,15.946900
1,23,77768.000000,77788.017293,20.017293
1,24,77763.000000,77785.800927,22.800927
1,25,77762.000000,77780.686134,18.686134
1,26,77760.000000,77775.152528,15.152528
1,27,77760.000000,77771.566876,11.566876
1,28,77759.000000,77760.921064,1.921064
1,29,77765.000000,77761.881430,3.118570
1,30,77765.000000,77769.705793,4.705793
1,31,77766.000000,77769.092467,3.092467
1,32,77765.000000,77770.554869,5.554869
1,33,77760.000000,77765.714637,5.714637
1,34,77760.000000,77772.118770,12.118770
1,35,77763.000000,77768.201698,5.201698
1,36,77765.000000,77759.876473,5.123527
1,37,77771.000000,77764.636900,6.363100
1,38,77774.000000,77766.000427,7.999573
1,39,77773.000000,77757.930325,15.069675
1,40,77773.000000,77745.117806,27.882194
1,41,77772.000000,77748.043677,23.956323
1,42,77765.000000,77738.085634,26.914366
1,43,77763.000000,77740.996482,22.003518
1,44,77760.000000,77741.854061,18.145939
1,45,77757.000000,77733.847208,23.152792
1,46,77743.000000,77718.485418,24.514582
1,47,77734.000000,77717.838572,16.161428
1,48,77735.000000,77724.099277,10.900723
1,49,77731.000000,77715.802122,15.197878
1,50,77726.000000,77707.779735,18.220265
1,51,77726.000000,77708.869952,17.130048
1,52,77722.000000,77708.719611,13.280389
1,53,77716.000000,77702.889407,13.110593
1,54,77715.000000,77702.413725,12.586275
1,55,77706.000000,77701.515237,4.484763
1,56,77701.000000,77690.985040,10.014960
1,57,77703.000000,77697.419057,5.580943
1,58,77705.000000,77704.727664,0.272336
1,59,77709.000000,77701.138733,7.861267
1,60,77711.000000,77687.310848,23.689152
1,61,77716.000000,77695.424462,20.575538
1,62,77719.000000,77697.979581,21.020419
1,63,77726.000000,77704.972338,21.027662
2,0,77757.000000,77704.972338,52.027662
2,1,77763.000000,77701.396174,61.603826
2,2,77765.000000,77696.689633,68.310367
2,3,77767.000000,77699.353856,67.646144
2,4,77769.000000,77713.760676,55.239324
2,5,77772.000000,77710.167586,61.832414
2,6,77774.000000,77716.228390,57.771610
2,7,77777.000000,77714.644370,62.355630
2,8,77782.000000,77740.985792,41.014208
2,9,77777.000000,77738.945527,38.054473
2,10,77782.000000,77743.701524,38.298476
2,11,77786.000000,77742.012386,43.987614
2,12,77790.000000,77752.106498,37.893502
2,13,77796.000000,77757.466892,38.533108
2,14,77795.000000,77755.905307,39.094693
2,15,77797.000000,77749.478916,47.521084
2,16,77795.000000,77745.442827,49.557173
2,17,77791.000000,77748.126466,42.873534
2,18,77784.000000,77744.521495,39.478505
2,19,77780.000000,77744.022293,35.977707
2,20,77776.000000,77728.138327,47.861673
2,21,77779.000000,77741.181002,37.818998
2,22,77778.000000,77734.548907,43.451093
2,23,77782.000000,77739.909972,42.090028
2,24,77780.000000,77715.706313,64.293687
2,25,77782.000000,77717.027889,64.972111
2,26,77785.000000,77720.275661,64.724339
2,27,77783.000000,77720.983216,62.016784
2,28,77782.000000,77714.352069,67.647931
2,29,77782.000000,77712.916097,69.083903
2,30,77777.000000,77720.935030,56.064970
2,31,77779.000000,77726.648160,52.351840
2,32,77780.000000,77734.529222,45.470778
2,33,77782.000000,77733.242485,48.757515
2,34,77785.000000,77736.542424,48.457576
2,35,77788.000000,77734.627803,53.372197
2,36,77788.000000,77754.396549,33.603451
2,37,77788.000000,77744.891733,43.108267
2,38,77791.000000,77740.889125,50.110875
2,39,77792.000000,77734.761140,57.238860
2,40,77794.000000,77743.350881,50.649119
2,41,77793.000000,77741.005091,51.994909
2,42,77791.000000,77732.118411,58.881589
2,43,77791.000000,77734.805697,56.194303
2,44,77794.000000,77741.850752,52.149248
2,45,77797.000000,77743.245686,53.754314
2,46,77796.000000,77740.423073,55.576927
2,47,77793.000000,77732.544141,60.455859
2,48,77790.000000,77732.164624,57.835376
2,49,77788.000000,77736.783187,51.216813
2,50,77790.000000,77737.276215,52.723785
2,51,77789.000000,77736.318512,52.681488
2,52,77789.000000,77724.267037,64.732963
2,53,77786.000000,77729.716979,56.283021
2,54,77786.000000,77737.484384,48.515616
2,55,77784.000000,77736.648853,47.351147
2,56,77776.000000,77724.331171,51.668829
2,57,77776.000000,77719.396766,56.603234
2,58,77769.000000,77726.576674,42.423326
2,59,77761.000000,77726.687510,34.312490
2,60,77756.000000,77711.519731,44.480269
2,61,77755.000000,77708.906773,46.093227
2,62,77747.000000,77703.856983,43.143017
2,63,77741.000000,77703.084192,37.915808
3,0,77731.000000,77703.084192,27.915808
3,1,77733.000000,77705.220356,27.779644
3,2,77736.000000,77703.089308,32.910692
3,3,77736.000000,77703.088063,32.911937
3,4,77741.000000,77712.917065,28.082935
3,5,77743.000000,77713.815748,29.184252
3,6,77736.000000,77713.222081,22.777919
3,7,77734.000000,77704.954386,29.045614
3,8,77733.000000,77710.837546,22.162454
3,9,77740.000000,77716.736441,23.263559
3,10,77745.000000,77720.456311,24.543689
3,11,77747.000000,77725.603696,21.396304
3,12,77747.000000,77729.436942,17.563058
3,13,77743.000000,77725.423347,17.576653
3,14,77741.000000,77725.218170,15.781830
3,15,77750.000000,77729.407023,20.592977
3,16,77752.000000,77722.830295,29.169705
3,17,77757.000000,77721.305451,35.694549
3,18,77761.000000,77721.622841,39.377159
3,19,77757.000000,77721.524656,35.475344
3,20,77756.000000,77725.561967,30.438033
3,21,77758.000000,77726.326665,31.673335
3,22,77754.000000,77724.181380,29.818620
3,23,77753.000000,77727.371394,25.628606
3,24,77754.000000,77718.599160,35.400840
3,25,77756.000000,77723.772370,32.227630
3,26,77759.000000,77726.301138,32.698862
3,27,77764.000000,77728.387451,35.612549
3,28,77764.000000,77727.966087,36.033913
3,29,77764.000000,77738.286132,25.713868
3,30,77765.000000,77735.549475,29.450525
3,31,77764.000000,77730.344556,33.655444
3,32,77769.000000,77727.603563,41.396437
3,33,77770.000000,77723.659215,46.340785
3,34,77772.000000,77727.575245,44.424755
3,35,77768.000000,77725.492692,42.507308
3,36,77768.000000,77729.128972,38.871028
3,37,77768.000000,77731.038037,36.961963
3,38,77774.000000,77730.088133,43.911867
3,39,77769.000000,77726.444347,42.555653
3,40,77771.000000,77732.786516,38.213484
3,41,77770.000000,77727.673446,42.326554
3,42,77767.000000,77725.603489,41.396511
3,43,77766.000000,77721.991009,44.008991
3,44,77764.000000,77727.457105,36.542895
3,45,77766.000000,77730.684710,35.315290
3,46,77767.000000,77731.394027,35.605973
3,47,77768.000000,77730.086749,37.913251
3,48,77767.000000,77726.101323,40.898677
3,49,77762.000000,77718.995672,43.004328
3,50,77758.000000,77718.735312,39.264688
3,51,77755.000000,77723.794204,31.205796
3,52,77753.000000,77720.798415,32.201585
3,53,77754.000000,77720.400998,33.599002
3,54,77756.000000,77722.337259,33.662741
3,55,77752.000000,77718.684581,33.315419
3,56,77749.000000,77716.009989,32.990011
3,57,77746.000000,77714.580960,31.419040
3,58,77738.000000,77707.547272,30.452728
3,59,77735.000000,77706.464254,28.535746
3,60,77726.000000,77695.131237,30.868763
3,61,77730.000000,77700.327594,29.672406
3,62,77727.000000,77703.299713,23.700287
3,63,77728.000000,77699.598194,28.401806
4,0,77728.000000,77699.598194,28.401806
4,1,77734.000000,77696.298102,37.701898
4,2,77733.000000,77692.690375,40.309625
4,3,77739.000000,77707.654152,31.345848
4,4,77737.000000,77707.281723,29.718277
4,5,77739.000000,77699.867075,39.132925
4,6,77740.000000,77695.293235,44.706765
4,7,77741.000000,77704.204172,36.795828
4,8,77747.000000,77698.007957,48.992043
4,9,77748.000000,77698.988041,49.011959
4,10,77746.000000,77694.520406,51.479594
4,11,77746.000000,77698.422822,47.577178
4,12,77743.000000,77698.637360,44.362640
4,13,77748.000000,77700.166938,47.833062
4,14,77750.000000,77691.073103,58.926897
4,15,77757.000000,77702.367365,54.632635
4,16,77753.000000,77724.504696,28.495304
4,17,77759.000000,77724.615522,34.384478
4,18,77757.000000,77720.487462,36.512538
4,19,77756.000000,77725.274805,30.725195
4,20,77753.000000,77726.168667,26.831333
4,21,77746.000000,77715.485710,30.514290
4,22,77747.000000,77703.421690,43.578310
4,23,77742.000000,77704.942524,37.057476
4,24,77739.000000,77722.205473,16.794527
4,25,77743.000000,77719.376967,23.623033
4,26,77746.000000,77714.252098,31.747902
4,27,77751.000000,77722.265208,28.734792
4,28,77751.000000,77730.629094,20.370906
4,29,77751.000000,77721.375432,29.624568
4,30,77754.000000,77719.712800,34.287200
4,31,77755.000000,77727.429492,27.570508
4,32,77757.000000,77735.873055,21.126945
4,33,77757.000000,77742.261064,14.738936
4,34,77764.000000,77745.826138,18.173862
4,35,77764.000000,77739.258294,24.741706
4,36,77767.000000,77747.802552,19.197448
4,37,77766.000000,77750.725463,15.274537
4,38,77764.000000,77738.004214,25.995786
4,39,77770.000000,77738.488003,31.511997
4,40,77775.000000,77746.057874,28.942126
4,41,77771.000000,77750.290960,20.709040
4,42,77777.000000,77745.973250,31.026750
4,43,77781.000000,77744.676681,36.323319
4,44,77779.000000,77748.207726,30.792274
4,45,77783.000000,77759.664625,23.335375
4,46,77785.000000,77751.673662,33.326338
4,47,77789.000000,77750.826398,38.173602
4,48,77788.000000,77756.328755,31.671245
4,49,77791.000000,77763.015803,27.984197
4,50,77791.000000,77748.856903,42.143097
4,51,77795.000000,77749.438253,45.561747
4,52,77801.000000,77754.650154,46.349846
4,53,77806.000000,77762.298601,43.701399
4,54,77806.000000,77774.442178,31.557822
4,55,77809.000000,77775.951938,33.048062
4,56,77811.000000,77771.738524,39.261476
4,57,77812.000000,77780.991071,31.008929
4,58,77813.000000,77776.229515,36.770485
4,59,77804.000000,77756.181647,47.818353
4,60,77804.000000,77756.290341,47.709659
4,61,77804.000000,77764.419487,39.580513
4,62,77798.000000,77763.381067,34.618933
4,63,77799.000000,77754.315060,44.684940
5,0,77812.000000,77754.315060,57.684940
5,1,77813.000000,77754.623843,58.376157
5,2,77812.000000,77756.578676,55.421324
5,3,77818.000000,77755.034162,62.965838
5,4,77818.000000,77757.585180,60.414820
5,5,77817.000000,77756.263090,60.736910
5,6,77815.000000,77759.773121,55.226879
5,7,77820.000000,77766.292567,53.707433
5,8,77822.000000,77773.796978,48.203022
5,9,77824.000000,77776.525713,47.474287
5,10,77826.000000,77780.737196,45.262804
5,11,77828.000000,77775.334151,52.665849
5,12,77831.000000,77779.858425,51.141575
5,13,77834.000000,77778.448113,55.551887
5,14,77834.000000,77786.014196,47.985804
5,15,77835.000000,77793.374059,41.625941
5,16,77838.000000,77788.180055,49.819945
5,17,77834.000000,77792.091472,41.908528
5,18,77839.000000,77793.942491,45.057509
5,19,77838.000000,77793.986471,44.013529
5,20,77838.000000,77798.093694,39.906306
5,21,77838.000000,77796.973726,41.026274
5,22,77840.000000,77788.735097,51.264903
5,23,77841.000000,77789.664843,51.335157
5,24,77839.000000,77782.233669,56.766331
5,25,77838.000000,77788.806694,49.193306
5,26,77835.000000,77786.737312,48.262688
5,27,77832.000000,77783.477738,48.522262
5,28,77826.000000,77786.041593,39.958407
5,29,77822.000000,77775.167219,46.832781
5,30,77827.000000,77769.357065,57.642935
5,31,77827.000000,77773.626091,53.373909
5,32,77829.000000,77764.963047,64.036953
5,33,77828.000000,77766.088850,61.911150
5,34,77831.000000,77765.018259,65.981741
5,35,77832.000000,77760.635993,71.364007
5,36,77824.000000,77763.160790,60.839210
5,37,77827.000000,77757.708850,69.291150
5,38,77827.000000,77760.863251,66.136749
5,39,77827.000000,77764.793535,62.206465
5,40,77830.000000,77758.136932,71.863068
5,41,77829.000000,77758.065361,70.934639
5,42,77830.000000,77757.374429,72.625571
5,43,77829.000000,77752.902141,76.097859
5,44,77837.000000,77764.072858,72.927142
5,45,77840.000000,77764.476522,75.523478
5,46,77839.000000,77766.231237,72.768763
5,47,77840.000000,77766.538274,73.461726
5,48,77842.000000,77762.010083,79.989917
5,49,77843.000000,77768.801765,74.198235
5,50,77844.000000,77769.468638,74.531362
5,51,77850.000000,77774.009591,75.990409
5,52,77853.000000,77776.949452,76.050548
5,53,77855.000000,77775.346302,79.653698
5,54,77853.000000,77772.970479,80.029521
5,55,77854.000000,77782.041392,71.958608
5,56,77857.000000,77781.327044,75.672956
5,57,77859.000000,77786.925652,72.074348
5,58,77858.000000,77784.761122,73.238878
5,59,77859.000000,77785.063421,73.936579
5,60,77859.000000,77783.504801,75.495199
5,61,77860.000000,77784.712251,75.287749
5,62,77859.000000,77787.840400,71.159600
5,63,77857.000000,77788.416832,68.583168
6,0,77844.000000,77788.416832,55.583168
6,1,77846.000000,77790.484218,55.515782
6,2,77842.000000,77783.658739,58.341261
6,3,77846.000000,77784.347641,61.652359
6,4,77846.000000,77795.293898,50.706102
6,5,77846.000000,77796.513197,49.486803
6,6,77845.000000,77797.257374,47.742626
6,7,77851.000000,77800.903990,50.096010
6,8,77848.000000,77794.089156,53.910844
6,9,77852.000000,77794.922345,57.077655
6,10,77852.000000,77804.129205,47.870795
6,11,77856.000000,77806.524776,49.475224
6,12,77860.000000,77811.254880,48.745120
6,13,77860.000000,77808.578579,51.421421
6,14,77855.000000,77796.597948,58.402052
6,15,77858.000000,77800.733087,57.266913
6,16,77861.000000,77810.864995,50.135005
6,17,77861.000000,77811.783826,49.216174
6,18,77866.000000,77814.342631,51.657369
6,19,77866.000000,77819.612534,46.387466
6,20,77865.000000,77813.636733,51.363267
6,21,77870.000000,77814.562552,55.437448
6,22,77869.000000,77819.747569,49.252431
6,23,77871.000000,77822.293184,48.706816
6,24,77875.000000,77828.251718,46.748282
6,25,77874.000000,77835.270539,38.729461
6,26,77874.000000,77824.006650,49.993350
6,27,77869.000000,77818.899276,50.100724
6,28,77866.000000,77820.711574,45.288426
6,29,77869.000000,77824.588744,44.411256
6,30,77863.000000,77834.189217,28.810783
6,31,77862.000000,77829.790161,32.209839
6,32,77860.000000,77819.152017,40.847983
6,33,77862.000000,77822.870498,39.129502
6,34,77859.000000,77832.831310,26.168690
6,35,77859.000000,77832.982669,26.017331
6,36,77860.000000,77843.325439,16.674561
6,37,77863.000000,77842.089872,20.910128
6,38,77864.000000,77834.945675,29.054325
6,39,77866.000000,77835.251030,30.748970
6,40,77867.000000,77846.128411,20.871589
6,41,77864.000000,77843.842229,20.157771
6,42,77865.000000,77848.898812,16.101188
6,43,77863.000000,77847.750418,15.249582
6,44,77855.000000,77836.772027,18.227973
6,45,77858.000000,77836.147210,21.852790
6,46,77858.000000,77839.421958,18.578042
6,47,77862.000000,77840.503324,21.496676
6,48,77865.000000,77847.399054,17.600946
6,49,77865.000000,77849.487040,15.512960
6,50,77865.000000,77839.870861,25.129139
6,51,77868.000000,77841.751304,26.248696
6,52,77866.000000,77837.786721,28.213279
6,53,77868.000000,77841.142015,26.857985
6,54,77870.000000,77850.883804,19.116196
6,55,77872.000000,77854.088327,17.911673
6,56,77883.000000,77838.457409,44.542591
6,57,77881.000000,77836.523100,44.476900
6,58,77882.000000,77837.360101,44.639899
6,59,77881.000000,77837.893956,43.106044
6,60,77879.000000,77841.638657,37.361343
6,61,77877.000000,77841.462021,35.537979
6,62,77869.000000,77831.955162,37.044838
6,63,77868.000000,77833.859807,34.140193
7,0,77862.000000,77833.859807,28.140193
7,1,77866.000000,77837.674198,28.325802
7,2,77865.000000,77840.535402,24.464598
7,3,77867.000000,77841.750148,25.249852
7,4,77871.000000,77843.844609,27.155391
7,5,77874.000000,77848.620282,25.379718
7,6,77873.000000,77847.514912,25.485088
7,7,77874.000000,77850.046621,23.953379
7,8,77874.000000,77846.368868,27.631132
7,9,77877.000000,77848.883331,28.116669
7,10,77880.000000,77852.387431,27.612569
7,11,77885.000000,77851.947112,33.052888
7,12,77883.000000,77852.625438,30.374562
7,13,77885.000000,77854.952012,30.047988
7,14,77885.000000,77860.935706,24.064294
7,15,77883.000000,77858.017591,24.982409
7,16,77885.000000,77849.795283,35.204717
7,17,77891.000000,77859.361639,31.638361
7,18,77891.000000,77853.790731,37.209269
7,19,77890.000000,77851.696423,38.303577
7,20,77888.000000,77851.518254,36.481746
7,21,77890.000000,77854.070385,35.929615
7,22,77885.000000,77855.661096,29.338904
7,23,77887.000000,77854.039410,32.960590
7,24,77889.000000,77851.884304,37.115696
7,25,77887.000000,77853.290282,33.709718
7,26,77883.000000,77848.296461,34.703539
7,27,77877.000000,77844.336399,32.663601
7,28,77872.000000,77840.702149,31.297851
7,29,77872.000000,77838.825812,33.174188
7,30,77874.000000,77838.610022,35.389978
7,31,77874.000000,77839.550243,34.449757
7,32,77873.000000,77839.282367,33.717633
7,33,77875.000000,77841.021381,33.978619
7,34,77874.000000,77842.965882,31.034118
7,35,77874.000000,77845.501556,28.498444
7,36,77873.000000,77842.647937,30.352063
7,37,77877.000000,77842.759634,34.240366
7,38,77875.000000,77844.428639,30.571361
7,39,77875.000000,77846.485778,28.514222
7,40,77874.000000,77847.224958,26.775042
7,41,77872.000000,77845.972334,26.027666
7,42,77873.000000,77855.296572,17.703428
7,43,77873.000000,77854.776207,18.223793
7,44,77870.000000,77851.765231,18.234769
7,45,77873.000000,77853.274468,19.725532
7,46,77875.000000,77854.726158,20.273842
7,47,77874.000000,77851.697145,22.302855
7,48,77871.000000,77847.440393,23.559607
7,49,77873.000000,77850.827390,22.172610
7,50,77871.000000,77853.365690,17.634310
7,51,77871.000000,77849.330265,21.669735
7,52,77873.000000,77855.872127,17.127873
7,53,77873.000000,77856.282607,16.717393
7,54,77875.000000,77853.409313,21.590687
7,55,77875.000000,77852.697150,22.302850
7,56,77866.000000,77851.733254,14.266746
7,57,77865.000000,77847.575598,17.424402
7,58,77866.000000,77843.510200,22.489800
7,59,77861.000000,77842.534770,18.465230
7,60,77862.000000,77845.103969,16.896031
7,61,77860.000000,77841.523203,18.476797
7,62,77860.000000,77840.564773,19.435227
7,63,77860.000000,77845.829423,14.170577
8,0,77838.000000,77845.829423,7.829423
8,1,77835.000000,77841.637915,6.637915
8,2,77833.000000,77843.995438,10.995438
8,3,77830.000000,77838.246390,8.246390
8,4,77834.000000,77851.873916,17.873916
8,5,77834.000000,77847.830569,13.830569
8,6,77839.000000,77851.007922,12.007922
8,7,77841.000000,77849.992950,8.992950
8,8,77843.000000,77864.161725,21.161725
8,9,77843.000000,77863.793027,20.793027
8,10,77843.000000,77866.462820,23.462820
8,11,77842.000000,77865.429234,23.429234
8,12,77842.000000,77869.166265,27.166265
8,13,77841.000000,77868.137962,27.137962
8,14,77843.000000,77862.355995,19.355995
8,15,77844.000000,77863.114453,19.114453
8,16,77844.000000,77854.501645,10.501645
8,17,77845.000000,77860.047707,15.047707
8,18,77846.000000,77860.695932,14.695932
8,19,77847.000000,77859.857273,12.857273
8,20,77847.000000,77855.257984,8.257984
8,21,77847.000000,77857.856245,10.856245
8,22,77845.000000,77865.683136,20.683136
8,23,77845.000000,77863.199030,18.199030
8,24,77843.000000,77853.908458,10.908458
8,25,77840.000000,77849.838483,9.838483
8,26,77845.000000,77849.384082,4.384082
8,27,77836.000000,77845.759824,9.759824
8,28,77831.000000,77838.743178,7.743178
8,29,77823.000000,77831.082754,8.082754
8,30,77814.000000,77831.298625,17.298625
8,31,77810.000000,77830.114765,20.114765
8,32,77810.000000,77829.087211,19.087211
8,33,77810.000000,77828.887389,18.887389
8,34,77810.000000,77826.717805,16.717805
8,35,77811.000000,77828.510698,17.510698
8,36,77810.000000,77835.517171,25.517171
8,37,77810.000000,77832.998470,22.998470
8,38,77809.000000,77832.392054,23.392054
8,39,77811.000000,77830.188203,19.188203
8,40,77815.000000,77847.413906,32.413906
8,41,77813.000000,77844.847301,31.847301
8,42,77814.000000,77840.302871,26.302871
8,43,77812.000000,77840.564129,28.564129
8,44,77812.000000,77847.335123,35.335123
8,45,77813.000000,77843.060646,30.060646
8,46,77807.000000,77836.837474,29.837474
8,47,77805.000000,77832.822867,27.822867
8,48,77802.000000,77825.984826,23.984826
8,49,77796.000000,77821.381584,25.381584
8,50,77793.000000,77821.083961,28.083961
8,51,77795.000000,77824.272807,29.272807
8,52,77796.000000,77815.006846,19.006846
8,53,77798.000000,77822.921947,24.921947
8,54,77800.000000,77830.576819,30.576819
8,55,77795.000000,77830.691868,35.691868
8,56,77798.000000,77826.072259,28.072259
8,57,77798.000000,77824.229165,26.229165
8,58,77794.000000,77826.971420,32.971420
8,59,77783.000000,77814.875941,31.875941
8,60,77772.000000,77802.829398,30.829398
8,61,77762.000000,77793.743254,31.743254
8,62,77753.000000,77788.431581,35.431581
8,63,77746.000000,77786.162587,40.162587
9,0,77761.000000,77786.162587,25.162587
9,1,77758.000000,77781.022236,23.022236
9,2,77756.000000,77772.434811,16.434811
9,3,77756.000000,77766.695710,10.695710
9,4,77753.000000,77764.968433,11.968433
9,5,77756.000000,77767.588432,11.588432
9,6,77757.000000,77768.764115,11.764115
9,7,77762.000000,77783.591647,21.591647
9,8,77767.000000,77779.407409,12.407409
9,9,77769.000000,77779.476264,10.476264
9,10,77775.000000,77775.657915,0.657915
9,11,77775.000000,77766.325001,8.674999
9,12,77776.000000,77768.061960,7.938040
9,13,77777.000000,77771.262120,5.737880
9,14,77780.000000,77778.972817,1.027183
9,15,77788.000000,77792.437708,4.437708
9,16,77791.000000,77797.466664,6.466664
9,17,77792.000000,77805.952941,13.952941
9,18,77790.000000,77802.212659,12.212659
9,19,77787.000000,77798.411657,11.411657
9,20,77788.000000,77795.152396,7.152396
9,21,77788.000000,77787.105393,0.894607
9,22,77790.000000,77797.657933,7.657933
9,23,77796.000000,77801.263610,5.263610
9,24,77795.000000,77808.919565,13.919565
9,25,77793.000000,77814.980269,21.980269
9,26,77784.000000,77805.904370,21.904370
9,27,77783.000000,77808.813419,25.813419
9,28,77781.000000,77800.693459,19.693459
9,29,77783.000000,77796.560086,13.560086
9,30,77783.000000,77798.801849,15.801849
9,31,77784.000000,77800.445191,16.445191
9,32,77787.000000,77820.193472,33.193472
9,33,77790.000000,77823.052969,33.052969
9,34,77792.000000,77834.249858,42.249858
9,35,77797.000000,77833.771729,36.771729
9,36,77798.000000,77829.717223,31.717223
9,37,77798.000000,77831.946506,33.946506
9,38,77801.000000,77828.733548,27.733548
9,39,77802.000000,77835.919862,33.919862
9,40,77806.000000,77843.371052,37.371052
9,41,77804.000000,77840.140591,36.140591
9,42,77803.000000,77853.608561,50.608561
9,43,77809.000000,77851.733682,42.733682
9,44,77807.000000,77847.434938,40.434938
9,45,77804.000000,77842.180986,38.180986
9,46,77804.000000,77832.929049,28.929049
9,47,77808.000000,77842.635540,34.635540
9,48,77811.000000,77844.141683,33.141683
9,49,77818.000000,77855.404954,37.404954
9,50,77816.000000,77857.450500,41.450500
9,51,77820.000000,77862.593496,42.593496
9,52,77825.000000,77863.964664,38.964664
9,53,77827.000000,77858.801069,31.801069
9,54,77830.000000,77859.499574,29.499574
9,55,77828.000000,77857.459456,29.459456
9,56,77830.000000,77853.804987,23.804987
9,57,77832.000000,77865.942174,33.942174
9,58,77839.000000,77870.816970,31.816970
9,59,77842.000000,77872.340242,30.340242
9,60,77841.000000,77870.027241,29.027241
9,61,77836.000000,77859.914249,23.914249
9,62,77832.000000,77856.363202,24.363202
9,63,77829.000000,77853.484815,24.484815
10,0,77822.000000,77853.484815,31.484815
10,1,77823.000000,77850.488160,27.488160
10,2,77822.000000,77857.051223,35.051223
10,3,77821.000000,77856.149811,35.149811
10,4,77821.000000,77854.172997,33.172997
10,5,77827.000000,77861.000622,34.000622
10,6,77830.000000,77863.208359,33.208359
10,7,77831.000000,77863.031656,32.031656
10,8,77831.000000,77864.965753,33.965753
10,9,77832.000000,77867.609249,35.609249
10,10,77830.000000,77872.579720,42.579720
10,11,77828.000000,77868.015455,40.015455
10,12,77837.000000,77874.018678,37.018678
10,13,77837.000000,77873.721078,36.721078
10,14,77838.000000,77872.443397,34.443397
10,15,77837.000000,77874.718335,37.718335
10,16,77837.000000,77876.309898,39.309898
10,17,77833.000000,77872.361025,39.361025
10,18,77834.000000,77871.884856,37.884856
10,19,77827.000000,77872.558683,45.558683
10,20,77828.000000,77871.477845,43.477845
10,21,77826.000000,77867.438261,41.438261
10,22,77828.000000,77863.633121,35.633121
10,23,77830.000000,77864.464692,34.464692
10,24,77825.000000,77858.225881,33.225881
10,25,77821.000000,77859.221625,38.221625
10,26,77817.000000,77853.779351,36.779351
10,27,77812.000000,77847.383144,35.383144
10,28,77812.000000,77851.924995,39.924995
10,29,77811.000000,77848.025234,37.025234
10,30,77809.000000,77845.001122,36.001122
10,31,77811.000000,77843.485054,32.485054
10,32,77811.000000,77844.618390,33.618390
10,33,77812.000000,77844.564964,32.564964
10,34,77810.000000,77845.663220,35.663220
10,35,77807.000000,77840.993497,33.993497
10,36,77811.000000,77846.490935,35.490935
10,37,77809.000000,77840.254699,31.254699
10,38,77809.000000,77843.450061,34.450061
10,39,77808.000000,77844.682480,36.682480
10,40,77810.000000,77836.965977,26.965977
10,41,77808.000000,77835.745396,27.745396
10,42,77809.000000,77838.032374,29.032374
10,43,77808.000000,77836.766759,28.766759
10,44,77808.000000,77830.091273,22.091273
10,45,77803.000000,77829.716890,26.716890
10,46,77800.000000,77829.235742,29.235742
10,47,77804.000000,77831.526733,27.526733
10,48,77806.000000,77825.895084,19.895084
10,49,77808.000000,77829.335901,21.335901
10,50,77803.000000,77823.408609,20.408609
10,51,77802.000000,77826.772503,24.772503
10,52,77806.000000,77827.404799,21.404799
10,53,77805.000000,77821.091881,16.091881
10,54,77800.000000,77819.984021,19.984021
10,55,77793.000000,77815.443142,22.443142
10,56,77785.000000,77814.862092,29.862092
10,57,77774.000000,77807.908579,33.908579
10,58,77768.000000,77805.229655,37.229655
10,59,77760.000000,77797.165608,37.165608
10,60,77760.000000,77794.453477,34.453477
10,61,77755.000000,77790.470036,35.470036
10,62,77756.000000,77795.156988,39.156988
10,63,77751.000000,77783.160477,32.160477
11,0,77733.000000,77783.160477,50.160477
11,1,77729.000000,77779.531365,50.531365
11,2,77716.000000,77773.293682,57.293682
11,3,77707.000000,77763.390599,56.390599
11,4,77706.000000,77762.751837,56.751837
11,5,77705.000000,77761.348093,56.348093
11,6,77710.000000,77761.217558,51.217558
11,7,77713.000000,77762.823370,49.823370
11,8,77717.000000,77761.410167,44.410167
11,9,77717.000000,77762.194237,45.194237
11,10,77719.000000,77765.529565,46.529565
11,11,77725.000000,77772.025762,47.025762
11,12,77723.000000,77767.487822,44.487822
11,13,77723.000000,77766.479163,43.479163
11,14,77719.000000,77761.464346,42.464346
11,15,77719.000000,77761.097100,42.097100
11,16,77722.000000,77767.202704,45.202704
11,17,77717.000000,77766.229346,49.229346
11,18,77716.000000,77769.886975,53.886975
11,19,77709.000000,77767.444445,58.444445
11,20,77705.000000,77758.347321,53.347321
11,21,77707.000000,77759.564657,52.564657
11,22,77707.000000,77751.077342,44.077342
11,23,77705.000000,77750.373068,45.373068
11,24,77703.000000,77755.208015,52.208015
11,25,77704.000000,77757.837717,53.837717
11,26,77705.000000,77759.466880,54.466880
11,27,77708.000000,77762.335195,54.335195
11,28,77711.000000,77766.729964,55.729964
11,29,77717.000000,77769.426755,52.426755
11,30,77719.000000,77774.404086,55.404086
11,31,77725.000000,77776.707945,51.707945
11,32,77731.000000,77764.186335,33.186335
11,33,77733.000000,77767.401712,34.401712
11,34,77733.000000,77759.549714,26.549714
11,35,77734.000000,77762.487256,28.487256
11,36,77736.000000,77771.585999,35.585999
11,37,77738.000000,77766.472094,28.472094
11,38,77745.000000,77776.794724,31.794724
11,39,77745.000000,77772.396639,27.396639
11,40,77748.000000,77764.289170,16.289170
11,41,77747.000000,77767.373818,20.373818
11,42,77744.000000,77757.288501,13.288501
11,43,77747.000000,77765.514704,18.514704
11,44,77749.000000,77768.237109,19.237109
11,45,77755.000000,77771.477244,16.477244
11,46,77759.000000,77771.715322,12.715322
11,47,77761.000000,77771.308873,10.308873
11,48,77760.000000,77778.073837,18.073837
11,49,77760.000000,77778.107902,18.107902
11,50,77760.000000,77780.396028,20.396028
11,51,77755.000000,77774.668929,19.668929
11,52,77746.000000,77760.604830,14.604830
11,53,77741.000000,77757.074197,16.074197
11,54,77732.000000,77749.033579,17.033579
11,55,77732.000000,77751.567654,19.567654
11,56,77741.000000,77759.852384,18.852384
11,57,77745.000000,77762.105416,17.105416
11,58,77741.000000,77768.437415,27.437415
11,59,77738.000000,77765.467237,27.467237
11,60,77735.000000,77758.859849,23.859849
11,61,77737.000000,77762.247894,25.247894
11,62,77741.000000,77761.450388,20.450388
11,63,77747.000000,77768.281119,21.281119
12,0,77748.000000,77768.281119,20.281119
12,1,77750.000000,77770.089539,20.089539
12,2,77752.000000,77773.682895,21.682895
12,3,77753.000000,77776.753457,23.753457
12,4,77751.000000,77774.430393,23.430393
12,5,77756.000000,77776.306149,20.306149
12,6,77756.000000,77777.535098,21.535098
12,7,77753.000000,77774.834686,21.834686
12,8,77753.000000,77768.414224,15.414224
12,9,77751.000000,77769.668509,18.668509
12,10,77752.000000,77776.045929,24.045929
12,11,77750.000000,77772.268621,22.268621
12,12,77747.000000,77762.261497,15.261497
12,13,77744.000000,77756.165181,12.165181
12,14,77737.000000,77753.086409,16.086409
12,15,77739.000000,77753.990080,14.990080
12,16,77736.000000,77752.297706,16.297706
12,17,77739.000000,77754.813150,15.813150
12,18,77746.000000,77755.530329,9.530329
12,19,77751.000000,77758.293364,7.293364
12,20,77756.000000,77760.722353,4.722353
12,21,77754.000000,77762.217443,8.217443
12,22,77757.000000,77762.332512,5.332512
12,23,77758.000000,77766.852901,8.852901
12,24,77761.000000,77777.306117,16.306117
12,25,77765.000000,77778.219661,13.219661
12,26,77761.000000,77777.667445,16.667445
12,27,77766.000000,77779.117555,13.117555
12,28,77765.000000,77782.091940,17.091940
12,29,77766.000000,77782.201360,16.201360
12,30,77765.000000,77775.563978,10.563978
12,31,77760.000000,77777.115886,17.115886
12,32,77766.000000,77783.898548,17.898548
12,33,77766.000000,77784.099831,18.099831
12,34,77768.000000,77787.631425,19.631425
12,35,77767.000000,77785.477280,18.477280
12,36,77766.000000,77784.679595,18.679595
12,37,77766.000000,77780.749893,14.749893
12,38,77767.000000,77787.557108,20.557108
12,39,77767.000000,77790.097080,23.097080
12,40,77769.000000,77792.629039,23.629039
12,41,77765.000000,77791.150535,26.150535
12,42,77763.000000,77791.603373,28.603373
12,43,77760.000000,77786.315263,26.315263
12,44,77762.000000,77777.686369,15.686369
12,45,77761.000000,77778.359521,17.359521
12,46,77759.000000,77785.032069,26.032069
12,47,77751.000000,77774.520025,23.520025
12,48,77745.000000,77773.727403,28.727403
12,49,77737.000000,77769.972009,32.972009
12,50,77738.000000,77770.798678,32.798678
12,51,77737.000000,77763.972767,26.972767
12,52,77738.000000,77762.582455,24.582455
12,53,77735.000000,77762.559740,27.559740
12,54,77736.000000,77759.416042,23.416042
12,55,77735.000000,77758.548469,23.548469
12,56,77733.000000,77765.087288,32.087288
12,57,77735.000000,77764.132444,29.132444
12,58,77729.000000,77755.918253,26.918253
12,59,77727.000000,77753.879634,26.879634
12,60,77731.000000,77757.639343,26.639343
12,61,77724.000000,77750.734271,26.734271
12,62,77725.000000,77755.502992,30.502992
12,63,77726.000000,77760.571317,34.571317
13,0,77731.000000,77760.571317,29.571317
13,1,77730.000000,77757.335222,27.335222
13,2,77726.000000,77753.921906,27.921906
13,3,77721.000000,77749.199993,28.199993
13,4,77715.000000,77744.134703,29.134703
13,5,77716.000000,77739.365419,23.365419
13,6,77711.000000,77734.973198,23.973198
13,7,77707.000000,77731.947731,24.947731
13,8,77707.000000,77727.316361,20.316361
13,9,77701.000000,77719.295818,18.295818
13,10,77700.000000,77722.510294,22.510294
13,11,77700.000000,77722.777276,22.777276
13,12,77697.000000,77719.244092,22.244092
13,13,77698.000000,77718.446414,20.446414
13,14,77697.000000,77718.303841,21.303841
13,15,77697.000000,77716.818131,19.818131
13,16,77696.000000,77723.053080,27.053080
13,17,77698.000000,77727.567609,29.567609
13,18,77695.000000,77720.926145,25.926145
13,19,77695.000000,77724.597484,29.597484
13,20,77692.000000,77719.487108,27.487108
13,21,77691.000000,77718.064282,27.064282
13,22,77692.000000,77717.883869,25.883869
13,23,77689.000000,77720.915552,31.915552
13,24,77691.000000,77707.415319,16.415319
13,25,77691.000000,77706.944931,15.944931
13,26,77688.000000,77708.273142,20.273142
13,27,77690.000000,77711.809630,21.809630
13,28,77693.000000,77709.088382,16.088382
13,29,77693.000000,77708.380910,15.380910
13,30,77694.000000,77709.549541,15.549541
13,31,77692.000000,77708.226168,16.226168
13,32,77691.000000,77707.738045,16.738045
13,33,77692.000000,77709.322756,17.322756
13,34,77689.000000,77711.184320,22.184320
13,35,77688.000000,77703.838657,15.838657
13,36,77686.000000,77703.349631,17.349631
13,37,77682.000000,77701.397377,19.397377
13,38,77686.000000,77701.687132,15.687132
13,39,77684.000000,77692.261713,8.261713
13,40,77681.000000,77685.583575,4.583575
13,41,77676.000000,77680.266052,4.266052
13,42,77672.000000,77678.934620,6.934620
13,43,77659.000000,77665.959851,6.959851
13,44,77656.000000,77664.189748,8.189748
13,45,77655.000000,77660.822162,5.822162
13,46,77654.000000,77657.505830,3.505830
13,47,77653.000000,77658.653821,5.653821
13,48,77655.000000,77663.045292,8.045292
13,49,77648.000000,77655.935571,7.935571
13,50,77646.000000,77657.490085,11.490085
13,51,77646.000000,77663.584115,17.584115
13,52,77650.000000,77661.660950,11.660950
13,53,77656.000000,77666.175128,10.175128
13,54,77659.000000,77669.174738,10.174738
13,55,77653.000000,77665.891355,12.891355
13,56,77655.000000,77662.896531,7.896531
13,57,77657.000000,77673.505914,16.505914
13,58,77656.000000,77675.893803,19.893803
13,59,77657.000000,77672.927006,15.927006
13,60,77658.000000,77664.490718,6.490718
13,61,77655.000000,77666.563444,11.563444
13,62,77652.000000,77669.097430,17.097430
13,63,77655.000000,77668.005357,13.005357
14,0,77656.000000,77668.005357,12.005357
14,1,77658.000000,77668.424655,10.424655
14,2,77658.000000,77669.726574,11.726574
14,3,77664.000000,77674.128279,10.128279
14,4,77659.000000,77672.194759,13.194759
14,5,77650.000000,77665.059876,15.059876
14,6,77645.000000,77662.541476,17.541476
14,7,77637.000000,77655.780412,18.780412
14,8,77635.000000,77645.619293,10.619293
14,9,77634.000000,77640.558229,6.558229
14,10,77634.000000,77638.399340,4.399340
14,11,77635.000000,77641.768331,6.768331
14,12,77634.000000,77634.787519,0.787519
14,13,77634.000000,77639.766869,5.766869
14,14,77629.000000,77641.280138,12.280138
14,15,77630.000000,77641.514937,11.514937
14,16,77631.000000,77640.889833,9.889833
14,17,77631.000000,77638.261796,7.261796
14,18,77634.000000,77640.274519,6.274519
14,19,77633.000000,77640.137863,7.137863
14,20,77631.000000,77639.120347,8.120347
14,21,77627.000000,77636.654989,9.654989
14,22,77631.000000,77636.702420,5.702420
14,23,77624.000000,77633.723696,9.723696
14,24,77624.000000,77637.918791,13.918791
14,25,77625.000000,77634.968192,9.968192
14,26,77624.000000,77639.053675,15.053675
14,27,77625.000000,77637.922159,12.922159
14,28,77627.000000,77644.097183,17.097183
14,29,77622.000000,77644.556899,22.556899
14,30,77621.000000,77638.593401,17.593401
14,31,77621.000000,77634.699314,13.699314
14,32,77622.000000,77628.223863,6.223863
14,33,77624.000000,77623.863579,0.136421
14,34,77620.000000,77619.506935,0.493065
14,35,77617.000000,77615.334829,1.665171
14,36,77613.000000,77614.159994,1.159994
14,37,77614.000000,77619.394250,5.394250
14,38,77614.000000,77622.448572,8.448572
14,39,77613.000000,77621.883715,8.883715
14,40,77612.000000,77617.986604,5.986604
14,41,77612.000000,77615.572964,3.572964
14,42,77607.000000,77612.023933,5.023933
14,43,77600.000000,77604.334225,4.334225
14,44,77596.000000,77597.093120,1.093120
14,45,77584.000000,77590.536638,6.536638
14,46,77582.000000,77586.444644,4.444644
14,47,77580.000000,77588.552434,8.552434
14,48,77577.000000,77584.262986,7.262986
14,49,77582.000000,77586.078363,4.078363
14,50,77582.000000,77582.190915,0.190915
14,51,77584.000000,77586.737688,2.737688
14,52,77585.000000,77590.995530,5.995530
14,53,77581.000000,77589.492171,8.492171
14,54,77583.000000,77585.436427,2.436427
14,55,77587.000000,77587.425500,0.425500
14,56,77590.000000,77593.867516,3.867516
14,57,77589.000000,77591.972194,2.972194
14,58,77594.000000,77590.122238,3.877762
14,59,77598.000000,77593.710181,4.289819
14,60,77597.000000,77601.889044,4.889044
14,61,77598.000000,77603.641125,5.641125
14,62,77603.000000,77607.253898,4.253898
14,63,77605.000000,77608.056802,3.056802
15,0,77602.000000,77608.056802,6.056802
15,1,77601.000000,77609.323041,8.323041
15,2,77605.000000,77608.944720,3.944720
15,3,77604.000000,77601.936326,2.063674
15,4,77601.000000,77600.626892,0.373108
15,5,77593.000000,77594.661961,1.661961
15,6,77588.000000,77590.494789,2.494789
15,7,77591.000000,77591.023597,0.023597
15,8,77589.000000,77596.941738,7.941738
15,9,77593.000000,77598.046391,5.046391
15,10,77597.000000,77596.796103,0.203897
15,11,77595.000000,77593.896066,1.103934
15,12,77597.000000,77597.605395,0.605395
15,13,77598.000000,77593.217826,4.782174
15,14,77599.000000,77598.147785,0.852215
15,15,77595.000000,77599.343420,4.343420
15,16,77599.000000,77602.741865,3.741865
15,17,77592.000000,77600.012323,8.012323
15,18,77594.000000,77603.672850,9.672850
15,19,77595.000000,77608.585379,13.585379
15,20,77594.000000,77600.907667,6.907667
15,21,77592.000000,77598.233642,6.233642
15,22,77591.000000,77594.441171,3.441171
15,23,77592.000000,77598.587835,6.587835
15,24,77596.000000,77600.728418,4.728418
15,25,77599.000000,77606.899855,7.899855
15,26,77602.000000,77613.724289,11.724289
15,27,77601.000000,77611.893738,10.893738
15,28,77598.000000,77605.346226,7.346226
15,29,77600.000000,77603.432860,3.432860
15,30,77601.000000,77606.938965,5.938965
15,31,77604.000000,77610.238609,6.238609
15,32,77606.000000,77616.222715,10.222715
15,33,77603.000000,77618.163981,15.163981
15,34,77604.000000,77616.839436,12.839436
15,35,77605.000000,77614.695023,9.695023
15,36,77608.000000,77621.858559,13.858559
15,37,77610.000000,77617.932390,7.932390
15,38,77606.000000,77616.078589,10.078589
15,39,77604.000000,77607.358819,3.358819
15,40,77597.000000,77611.284766,14.284766
15,41,77594.000000,77611.325864,17.325864
15,42,77595.000000,77608.678678,13.678678
15,43,77590.000000,77608.637847,18.637847
15,44,77590.000000,77608.828463,18.828463
15,45,77592.000000,77604.091635,12.091635
15,46,77595.000000,77605.911312,10.911312
15,47,77599.000000,77609.768714,10.768714
15,48,77603.000000,77615.087498,12.087498
15,49,77599.000000,77613.868849,14.868849
15,50,77604.000000,77616.741548,12.741548
15,51,77605.000000,77613.817773,8.817773
15,52,77608.000000,77612.716573,4.716573
15,53,77606.000000,77615.295454,9.295454
15,54,77612.000000,77620.472503,8.472503
15,55,77614.000000,77627.236912,13.236912
15,56,77610.000000,77616.822833,6.822833
15,57,77612.000000,77616.634234,4.634234
15,58,77611.000000,77617.279699,6.279699
15,59,77615.000000,77618.280548,3.280548
15,60,77618.000000,77617.738887,0.261113
15,61,77621.000000,77621.334202,0.334202
15,62,77622.000000,77624.117642,2.117642
15,63,77619.000000,77625.926822,6.926822
16,0,77636.000000,77625.926822,10.073178
16,1,77636.000000,77624.073890,11.926110
16,2,77633.000000,77618.673583,14.326417
16,3,77637.000000,77622.153439,14.846561
16,4,77632.000000,77622.863341,9.136659
16,5,77626.000000,77617.827969,8.172031
16,6,77624.000000,77616.254770,7.745230
16,7,77620.000000,77611.068188,8.931812
16,8,77623.000000,77620.286743,2.713257
16,9,77622.000000,77615.282732,6.717268
16,10,77622.000000,77615.670037,6.329963
16,11,77622.000000,77613.617977,8.382023
16,12,77628.000000,77621.934822,6.065178
16,13,77625.000000,77618.146131,6.853869
16,14,77627.000000,77622.630061,4.369939
16,15,77632.000000,77624.374853,7.625147
16,16,77634.000000,77623.158895,10.841105
16,17,77629.000000,77621.505401,7.494599
16,18,77633.000000,77628.357807,4.642193
16,19,77630.000000,77628.220390,1.779610
16,20,77627.000000,77620.960325,6.039675
16,21,77628.000000,77621.966599,6.033401
16,22,77632.000000,77625.358067,6.641933
16,23,77633.000000,77626.494859,6.505141
16,24,77632.000000,77620.450034,11.549966
16,25,77633.000000,77623.752838,9.247162
16,26,77636.000000,77623.500167,12.499833
16,27,77638.000000,77629.374415,8.625585
16,28,77640.000000,77628.605295,11.394705
16,29,77638.000000,77631.308218,6.691782
16,30,77638.000000,77634.921737,3.078263
16,31,77637.000000,77633.163923,3.836077
16,32,77632.000000,77646.004526,14.004526
16,33,77629.000000,77640.581243,11.581243
16,34,77631.000000,77643.531033,12.531033
16,35,77629.000000,77642.603535,13.603535
16,36,77629.000000,77647.341723,18.341723
16,37,77628.000000,77644.619214,16.619214
16,38,77624.000000,77642.614321,18.614321
16,39,77622.000000,77636.808559,14.808559
16,40,77623.000000,77639.448115,16.448115
16,41,77618.000000,77631.904792,13.904792
16,42,77615.000000,77630.936905,15.936905
16,43,77607.000000,77622.727617,15.727617
16,44,77605.000000,77623.044028,18.044028
16,45,77601.000000,77615.134169,14.134169
16,46,77598.000000,77615.034761,17.034761
16,47,77598.000000,77611.075635,13.075635
16,48,77597.000000,77609.344405,12.344405
16,49,77598.000000,77605.609225,7.609225
16,50,77600.000000,77606.368058,6.368058
16,51,77600.000000,77608.153262,8.153262
16,52,77601.000000,77607.248480,6.248480
16,53,77601.000000,77608.325213,7.325213
16,54,77600.000000,77610.080210,10.080210
16,55,77603.000000,77614.724166,11.724166
16,56,77603.000000,77616.698333,13.698333
16,57,77603.000000,77620.831542,17.831542
16,58,77602.000000,77620.315736,18.315736
16,59,77606.000000,77627.575689,21.575689
16,60,77608.000000,77628.064321,20.064321
16,61,77607.000000,77633.312435,26.312435
16,62,77608.000000,77627.557681,19.557681
16,63,77614.000000,77635.460605,21.460605
17,0,77620.000000,77635.460605,15.460605
17,1,77621.000000,77632.703766,11.703766
17,2,77619.000000,77636.473165,17.473165
17,3,77620.000000,77635.904227,15.904227
17,4,77620.000000,77630.874170,10.874170
17,5,77619.000000,77626.431366,7.431366
17,6,77620.000000,77625.157283,5.157283
17,7,77616.000000,77622.510013,6.510013
17,8,77610.000000,77624.579122,14.579122
17,9,77610.000000,77625.941584,15.941584
17,10,77607.000000,77625.521685,18.521685
17,11,77606.000000,77623.037503,17.037503
17,12,77600.000000,77615.360576,15.360576
17,13,77596.000000,77613.599057,17.599057
17,14,77599.000000,77615.142344,16.142344
17,15,77597.000000,77614.354818,17.354818
17,16,77594.000000,77617.701235,23.701235
17,17,77590.000000,77617.599271,27.599271
17,18,77594.000000,77617.135925,23.135925
17,19,77593.000000,77615.594283,22.594283
17,20,77594.000000,77618.803212,24.803212
17,21,77591.000000,77616.386628,25.386628
17,22,77587.000000,77610.419961,23.419961
17,23,77586.000000,77609.803123,23.803123
17,24,77586.000000,77612.506930,26.506930
17,25,77590.000000,77615.480254,25.480254
17,26,77591.000000,77619.937745,28.937745
17,27,77590.000000,77619.858559,29.858559
17,28,77590.000000,77614.007454,24.007454
17,29,77587.000000,77607.480042,20.480042
17,30,77588.000000,77605.901198,17.901198
17,31,77590.000000,77608.050962,18.050962
17,32,77590.000000,77611.302549,21.302549
17,33,77593.000000,77613.139446,20.139446
17,34,77594.000000,77612.170004,18.170004
17,35,77594.000000,77611.536045,17.536045
17,36,77594.000000,77607.227931,13.227931
17,37,77593.000000,77603.341760,10.341760
17,38,77593.000000,77605.256405,12.256405
17,39,77591.000000,77602.393315,11.393315
17,40,77591.000000,77598.267489,7.267489
17,41,77587.000000,77597.544418,10.544418
17,42,77581.000000,77590.783444,9.783444
17,43,77578.000000,77586.939567,8.939567
17,44,77577.000000,77586.634158,9.634158
17,45,77577.000000,77585.829942,8.829942
17,46,77574.000000,77584.016143,10.016143
17,47,77577.000000,77585.563831,8.563831
17,48,77579.000000,77582.678738,3.678738
17,49,77578.000000,77582.352061,4.352061
17,50,77578.000000,77582.808574,4.808574
17,51,77579.000000,77583.717159,4.717159
17,52,77583.000000,77586.137322,3.137322
17,53,77583.000000,77587.971678,4.971678
17,54,77585.000000,77587.901500,2.901500
17,55,77583.000000,77589.799772,6.799772
17,56,77588.000000,77592.821260,4.821260
17,57,77587.000000,77591.722589,4.722589
17,58,77585.000000,77589.767332,4.767332
17,59,77586.000000,77587.014474,1.014474
17,60,77588.000000,77580.921410,7.078590
17,61,77591.000000,77584.422452,6.577548
17,62,77591.000000,77589.782577,1.217423
17,63,77596.000000,77595.774287,0.225713
18,0,77619.000000,77595.774287,23.225713
18,1,77617.000000,77594.292524,22.707476
18,2,77620.000000,77593.266430,26.733570
18,3,77624.000000,77596.080052,27.919948
18,4,77630.000000,77600.482223,29.517777
18,5,77620.000000,77592.764168,27.235832
18,6,77620.000000,77600.092927,19.907073
18,7,77616.000000,77594.658484,21.341516
18,8,77612.000000,77602.121823,9.878177
18,9,77606.000000,77597.461484,8.538516
18,10,77604.000000,77598.797370,5.202630
18,11,77605.000000,77599.902452,5.097548
18,12,77607.000000,77597.064507,9.935493
18,13,77612.000000,77603.279027,8.720973
18,14,77609.000000,77599.296116,9.703884
18,15,77613.000000,77603.887885,9.112115
18,16,77608.000000,77604.731806,3.268194
18,17,77611.000000,77605.479654,5.520346
18,18,77613.000000,77605.516701,7.483299
18,19,77616.000000,77612.979764,3.020236
18,20,77621.000000,77615.455815,5.544185
18,21,77623.000000,77617.309899,5.690101
18,22,77624.000000,77612.579325,11.420675
18,23,77625.000000,77619.720841,5.279159
18,24,77624.000000,77624.576807,0.576807
18,25,77623.000000,77625.213140,2.213140
18,26,77626.000000,77625.196857,0.803143
18,27,77631.000000,77622.835816,8.164184
18,28,77630.000000,77624.820122,5.179878
18,29,77632.000000,77629.473161,2.526839
18,30,77631.000000,77634.151112,3.151112
18,31,77630.000000,77628.343877,1.656123
18,32,77630.000000,77630.613625,0.613625
18,33,77630.000000,77630.541626,0.541626
18,34,77631.000000,77637.015008,6.015008
18,35,77629.000000,77632.865280,3.865280
18,36,77634.000000,77638.991133,4.991133
18,37,77630.000000,77634.535892,4.535892
18,38,77629.000000,77630.383964,1.383964
18,39,77632.000000,77632.181211,0.181211
18,40,77634.000000,77628.035132,5.964868
18,41,77635.000000,77629.634026,5.365974
18,42,77632.000000,77621.158132,10.841868
18,43,77624.000000,77616.890466,7.109534
18,44,77619.000000,77606.485822,12.514178
18,45,77618.000000,77607.041125,10.958875
18,46,77615.000000,77605.173328,9.826672
18,47,77607.000000,77602.261277,4.738723
18,48,77607.000000,77589.537944,17.462056
18,49,77605.000000,77588.860254,16.139746
18,50,77608.000000,77591.200969,16.799031
18,51,77612.000000,77592.024351,19.975649
18,52,77615.000000,77591.051373,23.948627
18,53,77608.000000,77586.331771,21.668229
18,54,77609.000000,77592.648594,16.351406
18,55,77609.000000,77591.805183,17.194817
18,56,77611.000000,77598.647183,12.352817
18,57,77613.000000,77594.738806,18.261194
18,58,77610.000000,77598.980852,11.019148
18,59,77612.000000,77603.460719,8.539281
18,60,77614.000000,77602.930061,11.069939
18,61,77615.000000,77601.455671,13.544329
18,62,77616.000000,77602.776151,13.223849
18,63,77617.000000,77607.422591,9.577409
19,0,77636.000000,77607.422591,28.577409
19,1,77636.000000,77604.980583,31.019417
19,2,77638.000000,77605.807071,32.192929
19,3,77636.000000,77602.691646,33.308354
19,4,77635.000000,77601.354346,33.645654
19,5,77634.000000,77598.776109,35.223891
19,6,77628.000000,77593.825166,34.174834
19,7,77628.000000,77593.985279,34.014721
19,8,77621.000000,77601.221578,19.778422
19,9,77622.000000,77599.638133,22.361867
19,10,77618.000000,77596.156880,21.843120
19,11,77618.000000,77592.361544,25.638456
19,12,77618.000000,77596.634035,21.365965
19,13,77620.000000,77596.983203,23.016797
19,14,77622.000000,77599.981922,22.018078
19,15,77620.000000,77595.969365,24.030635
19,16,77622.000000,77596.727795,25.272205
19,17,77621.000000,77598.295188,22.704812
19,18,77624.000000,77601.070466,22.929534
19,19,77621.000000,77602.837053,18.162947
19,20,77624.000000,77601.720183,22.279817
19,21,77626.000000,77604.611059,21.388941
19,22,77630.000000,77605.270283,24.729717
19,23,77630.000000,77608.156086,21.843914
19,24,77633.000000,77603.000830,29.999170
19,25,77635.000000,77607.486972,27.513028
19,26,77637.000000,77613.076462,23.923538
19,27,77637.000000,77613.339366,23.660634
19,28,77641.000000,77613.153382,27.846618
19,29,77639.000000,77611.298380,27.701620
19,30,77645.000000,77614.684895,30.315105
19,31,77647.000000,77616.146228,30.853772
19,32,77647.000000,77616.211876,30.788124
19,33,77652.000000,77616.151637,35.848363
19,34,77651.000000,77614.306688,36.693312
19,35,77656.000000,77615.842976,40.157024
19,36,77654.000000,77618.978757,35.021243
19,37,77656.000000,77618.025462,37.974538
19,38,77655.000000,77614.035944,40.964056
19,39,77654.000000,77612.824042,41.175958
19,40,77650.000000,77614.296583,35.703417
19,41,77648.000000,77611.126878,36.873122
19,42,77646.000000,77605.411905,40.588095
19,43,77642.000000,77598.490367,43.509633
19,44,77640.000000,77601.928106,38.071894
19,45,77640.000000,77602.802452,37.197548
19,46,77643.000000,77602.020901,40.979099
19,47,77644.000000,77602.329200,41.670800
19,48,77644.000000,77600.527377,43.472623
19,49,77644.000000,77603.526138,40.473862
19,50,77644.000000,77605.549911,38.450089
19,51,77645.000000,77607.962966,37.037034
19,52,77645.000000,77604.456797,40.543203
19,53,77647.000000,77606.535394,40.464606
19,54,77647.000000,77607.260620,39.739380
19,55,77647.000000,77606.656587,40.343413
19,56,77649.000000,77605.275163,43.724837
19,57,77649.000000,77609.845040,39.154960
19,58,77653.000000,77612.043996,40.956004
19,59,77652.000000,77614.665941,37.334059
19,60,77652.000000,77607.423255,44.576745
19,61,77650.000000,77606.883743,43.116257
19,62,77654.000000,77611.208883,42.791117
19,63,77655.000000,77613.090142,41.909858
20,0,77653.000000,77613.090142,39.909858
20,1,77654.000000,77615.482576,38.517424
20,2,77649.000000,77612.018657,36.981343
20,3,77646.000000,77613.990662,32.009338
20,4,77648.000000,77614.773972,33.226028
20,5,77650.000000,77618.361661,31.638339
20,6,77649.000000,77612.533231,36.466769
20,7,77653.000000,77614.595466,38.404534
20,8,77650.000000,77608.774851,41.225149
20,9,77651.000000,77615.427204,35.572796
20,10,77655.000000,77614.674247,40.325753
20,11,77654.000000,77616.668729,37.331271
20,12,77654.000000,77614.971327,39.028673
20,13,77656.000000,77613.888300,42.111700
20,14,77659.000000,77611.859847,47.140153
20,15,77659.000000,77617.426345,41.573655
20,16,77663.000000,77620.772732,42.227268
20,17,77664.000000,77616.507010,47.492990
20,18,77662.000000,77619.341897,42.658103
20,19,77667.000000,77620.659165,46.340835
20,20,77670.000000,77619.441102,50.558898
20,21,77674.000000,77623.478062,50.521938
20,22,77678.000000,77633.339069,44.660931
20,23,77677.000000,77628.297769,48.702231
20,24,77674.000000,77635.330895,38.669105
20,25,77679.000000,77638.900931,40.099069
20,26,77685.000000,77643.063562,41.936438
20,27,77685.000000,77639.967553,45.032447
20,28,77689.000000,77649.883881,39.116119
20,29,77690.000000,77646.002374,43.997626
20,30,77686.000000,77645.551677,40.448323
20,31,77688.000000,77653.104563,34.895437
20,32,77686.000000,77660.578176,25.421824
20,33,77683.000000,77661.946355,21.053645
20,34,77677.000000,77656.866549,20.133451
20,35,77678.000000,77658.759329,19.240671
20,36,77676.000000,77654.180604,21.819396
20,37,77675.000000,77654.501212,20.498788
20,38,77678.000000,77655.455613,22.544387
20,39,77680.000000,77665.873569,14.126431
20,40,77678.000000,77660.522328,17.477672
20,41,77680.000000,77662.795109,17.204891
20,42,77680.000000,77666.672803,13.327197
20,43,77683.000000,77668.965321,14.034679
20,44,77682.000000,77660.335158,21.664842
20,45,77681.000000,77665.885082,15.114918
20,46,77686.000000,77666.769183,19.230817
20,47,77685.000000,77663.677924,21.322076
20,48,77687.000000,77671.098724,15.901276
20,49,77690.000000,77679.007152,10.992848
20,50,77689.000000,77679.037512,9.962488
20,51,77690.000000,77675.111285,14.888715
20,52,77692.000000,77676.729614,15.270386
20,53,77692.000000,77672.610848,19.389152
20,54,77693.000000,77677.693538,15.306462
20,55,77697.000000,77679.636668,17.363332
20,56,77697.000000,77684.016198,12.983802
20,57,77698.000000,77682.396459,15.603541
20,58,77701.000000,77688.203666,12.796334
20,59,77698.000000,77686.336309,11.663691
20,60,77702.000000,77693.836057,8.163943
20,61,77701.000000,77690.003639,10.996361
20,62,77700.000000,77688.945115,11.054885
20,63,77704.000000,77687.813719,16.186281
21,0,77692.000000,77687.813719,4.186281
21,1,77694.000000,77690.307465,3.692535
21,2,77690.000000,77690.051041,0.051041
21,3,77693.000000,77692.591420,0.408580
21,4,77694.000000,77692.299587,1.700413
21,5,77697.000000,77691.083941,5.916059
21,6,77699.000000,77691.624875,7.375125
21,7,77697.000000,77693.363616,3.636384
21,8,77697.000000,77695.041035,1.958965
21,9,77700.000000,77696.838658,3.161342
21,10,77700.000000,77699.612250,0.387750
21,11,77702.000000,77703.947753,1.947753
21,12,77701.000000,77700.732648,0.267352
21,13,77702.000000,77695.499798,6.500202
21,14,77706.000000,77695.890974,10.109026
21,15,77707.000000,77703.628030,3.371970
21,16,77708.000000,77706.846319,1.153681
21,17,77714.000000,77708.466550,5.533450
21,18,77716.000000,77711.485047,4.514953
21,19,77715.000000,77711.171473,3.828527
21,20,77717.000000,77713.650740,3.349260
21,21,77717.000000,77707.983873,9.016127
21,22,77722.000000,77707.845069,14.154931
21,23,77722.000000,77715.865329,6.134671
21,24,77723.000000,77723.742097,0.742097
21,25,77725.000000,77726.165660,1.165660
21,26,77722.000000,77724.193908,2.193908
21,27,77725.000000,77724.687976,0.312024
21,28,77727.000000,77728.827834,1.827834
21,29,77725.000000,77725.010607,0.010607
21,30,77727.000000,77720.344785,6.655215
21,31,77727.000000,77724.826796,2.173204
21,32,77723.000000,77737.050484,14.050484
21,33,77722.000000,77738.886133,16.886133
21,34,77719.000000,77739.233083,20.233083
21,35,77717.000000,77734.416964,17.416964
21,36,77718.000000,77734.921705,16.921705
21,37,77719.000000,77734.988805,15.988805
21,38,77722.000000,77733.631843,11.631843
21,39,77720.000000,77733.940157,13.940157
21,40,77724.000000,77744.582695,20.582695
21,41,77722.000000,77749.429434,27.429434
21,42,77718.000000,77747.926445,29.926445
21,43,77719.000000,77740.915800,21.915800
21,44,77718.000000,77738.684339,20.684339
21,45,77720.000000,77743.743091,23.743091
21,46,77723.000000,77743.393007,20.393007
21,47,77725.000000,77742.652469,17.652469
21,48,77726.000000,77746.811340,20.811340
21,49,77727.000000,77751.342223,24.342223
21,50,77726.000000,77749.909999,23.909999
21,51,77728.000000,77747.038909,19.038909
21,52,77728.000000,77744.127314,16.127314
21,53,77728.000000,77744.501802,16.501802
21,54,77729.000000,77747.591741,18.591741
21,55,77728.000000,77747.691208,19.691208
21,56,77729.000000,77748.324975,19.324975
21,57,77727.000000,77750.558388,23.558388
21,58,77728.000000,77750.112868,22.112868
21,59,77733.000000,77748.592086,15.592086
21,60,77730.000000,77745.038235,15.038235
21,61,77730.000000,77746.308224,16.308224
21,62,77730.000000,77749.327975,19.327975
21,63,77730.000000,77749.464512,19.464512
22,0,77720.000000,77749.464512,29.464512
22,1,77721.000000,77749.154459,28.154459
22,2,77720.000000,77743.778323,23.778323
22,3,77721.000000,77749.689303,28.689303
22,4,77718.000000,77745.678206,27.678206
22,5,77723.000000,77749.646661,26.646661
22,6,77725.000000,77751.252542,26.252542
22,7,77724.000000,77753.081750,29.081750
22,8,77722.000000,77757.198224,35.198224
22,9,77727.000000,77764.340095,37.340095
22,10,77729.000000,77765.356445,36.356445
22,11,77731.000000,77764.359180,33.359180
22,12,77730.000000,77764.404266,34.404266
22,13,77736.000000,77769.558619,33.558619
22,14,77738.000000,77772.204842,34.204842
22,15,77741.000000,77771.183021,30.183021
22,16,77743.000000,77773.304943,30.304943
22,17,77747.000000,77774.413905,27.413905
22,18,77746.000000,77779.848722,33.848722
22,19,77747.000000,77782.644952,35.644952
22,20,77746.000000,77776.532293,30.532293
22,21,77746.000000,77777.726564,31.726564
22,22,77746.000000,77772.344367,26.344367
22,23,77747.000000,77776.031161,29.031161
22,24,77751.000000,77767.718065,16.718065
22,25,77756.000000,77771.873238,15.873238
22,26,77753.000000,77771.089968,18.089968
22,27,77749.000000,77764.057353,15.057353
22,28,77753.000000,77768.929114,15.929114
22,29,77754.000000,77770.268182,16.268182
22,30,77747.000000,77764.319576,17.319576
22,31,77743.000000,77758.827802,15.827802
22,32,77742.000000,77756.741118,14.741118
22,33,77739.000000,77753.386421,14.386421
22,34,77743.000000,77754.274685,11.274685
22,35,77738.000000,77748.478115,10.478115
22,36,77736.000000,77748.418755,12.418755
22,37,77739.000000,77749.834761,10.834761
22,38,77738.000000,77752.990868,14.990868
22,39,77738.000000,77750.309454,12.309454
22,40,77735.000000,77748.261345,13.261345
22,41,77739.000000,77752.717475,13.717475
22,42,77742.000000,77747.928329,5.928329
22,43,77742.000000,77749.872516,7.872516
22,44,77745.000000,77750.882514,5.882514
22,45,77745.000000,77751.818064,6.818064
22,46,77747.000000,77756.955004,9.955004
22,47,77745.000000,77753.938791,8.938791
22,48,77746.000000,77762.672692,16.672692
22,49,77745.000000,77760.561430,15.561430
22,50,77747.000000,77761.020269,14.020269
22,51,77745.000000,77757.444503,12.444503
22,52,77748.000000,77759.641732,11.641732
22,53,77750.000000,77760.325348,10.325348
22,54,77747.000000,77761.055800,14.055800
22,55,77746.000000,77759.179674,13.179674
22,56,77743.000000,77765.471185,22.471185
22,57,77745.000000,77767.589769,22.589769
22,58,77748.000000,77771.016191,23.016191
22,59,77751.000000,77775.179904,24.179904
22,60,77748.000000,77770.359259,22.359259
22,61,77748.000000,77774.079079,26.079079
22,62,77751.000000,77772.410419,21.410419
22,63,77751.000000,77773.188231,22.188231
23,0,77740.000000,77773.188231,33.188231
23,1,77744.000000,77772.947010,28.947010
23,2,77742.000000,77770.657236,28.657236
23,3,77741.000000,77769.881672,28.881672
23,4,77741.000000,77770.882735,29.882735
23,5,77741.000000,77771.169389,30.169389
23,6,77743.000000,77777.035685,34.035685
23,7,77742.000000,77775.895783,33.895783
23,8,77742.000000,77777.750057,35.750057
23,9,77744.000000,77779.182957,35.182957
23,10,77745.000000,77783.082033,38.082033
23,11,77743.000000,77780.438844,37.438844
23,12,77745.000000,77780.241467,35.241467
23,13,77745.000000,77784.050732,39.050732
23,14,77744.000000,77784.742262,40.742262
23,15,77750.000000,77789.176174,39.176174
23,16,77750.000000,77783.328382,33.328382
23,17,77751.000000,77784.225025,33.225025
23,18,77755.000000,77784.118898,29.118898
23,19,77756.000000,77785.653212,29.653212
23,20,77755.000000,77785.945757,30.945757
23,21,77756.000000,77790.051937,34.051937
23,22,77756.000000,77790.500711,34.500711
23,23,77758.000000,77791.419310,33.419310
23,24,77758.000000,77791.071950,33.071950
23,25,77757.000000,77787.462933,30.462933
23,26,77756.000000,77783.271258,27.271258
23,27,77755.000000,77784.416906,29.416906
23,28,77755.000000,77783.899593,28.899593
23,29,77751.000000,77781.118819,30.118819
23,30,77750.000000,77784.647460,34.647460
23,31,77746.000000,77780.754801,34.754801
23,32,77747.000000,77779.905237,32.905237
23,33,77745.000000,77771.696165,26.696165
23,34,77747.000000,77774.114321,27.114321
23,35,77745.000000,77772.856945,27.856945
23,36,77745.000000,77777.852516,32.852516
23,37,77741.000000,77774.552277,33.552277
23,38,77747.000000,77774.373419,27.373419
23,39,77745.000000,77774.202150,29.202150
23,40,77747.000000,77772.429229,25.429229
23,41,77746.000000,77769.668495,23.668495
23,42,77747.000000,77769.689249,22.689249
23,43,77751.000000,77771.294364,20.294364
23,44,77752.000000,77774.738703,22.738703
23,45,77749.000000,77776.539032,27.539032
23,46,77749.000000,77774.321465,25.321465
23,47,77746.000000,77770.479407,24.479407
23,48,77746.000000,77769.291219,23.291219
23,49,77746.000000,77770.029408,24.029408
23,50,77750.000000,77773.471037,23.471037
23,51,77749.000000,77775.183333,26.183333
23,52,77756.000000,77782.001595,26.001595
23,53,77755.000000,77783.276710,28.276710
23,54,77758.000000,77783.806757,25.806757
23,55,77755.000000,77779.460146,24.460146
23,56,77755.000000,77786.639949,31.639949
23,57,77755.000000,77784.337287,29.337287
23,58,77754.000000,77787.902373,33.902373
23,59,77753.000000,77789.155587,36.155587
23,60,77755.000000,77790.913868,35.913868
23,61,77753.000000,77788.291798,35.291798
23,62,77752.000000,77786.380059,34.380059
23,63,77747.000000,77780.365073,33.365073
24,0,77741.000000,77780.365073,39.365073
24,1,77744.000000,77780.683324,36.683324
24,2,77743.000000,77776.564284,33.564284
24,3,77739.000000,77780.140520,41.140520
24,4,77742.000000,77782.215883,40.215883
24,5,77745.000000,77781.833028,36.833028
24,6,77743.000000,77776.970668,33.970668
24,7,77741.000000,77776.978983,35.978983
24,8,77745.000000,77783.452955,38.452955
24,9,77746.000000,77786.441290,40.441290
24,10,77744.000000,77785.470926,41.470926
24,11,77746.000000,77787.072753,41.072753
24,12,77749.000000,77796.585363,47.585363
24,13,77751.000000,77795.508205,44.508205
24,14,77753.000000,77794.690196,41.690196
24,15,77755.000000,77792.009638,37.009638
24,16,77753.000000,77792.449685,39.449685
24,17,77753.000000,77785.322388,32.322388
24,18,77751.000000,77789.706940,38.706940
24,19,77752.000000,77787.826926,35.826926
24,20,77755.000000,77789.446631,34.446631
24,21,77759.000000,77793.147137,34.147137
24,22,77757.000000,77799.802918,42.802918
24,23,77757.000000,77801.083076,44.083076
24,24,77753.000000,77798.081725,45.081725
24,25,77750.000000,77795.395944,45.395944
24,26,77746.000000,77795.717908,49.717908
24,27,77737.000000,77788.686130,51.686130
24,28,77739.000000,77781.936114,42.936114
24,29,77736.000000,77783.100855,47.100855
24,30,77738.000000,77784.566229,46.566229
24,31,77738.000000,77789.463615,51.463615
24,32,77739.000000,77793.141202,54.141202
24,33,77741.000000,77800.377026,59.377026
24,34,77742.000000,77801.990623,59.990623
24,35,77741.000000,77805.519301,64.519301
24,36,77746.000000,77807.327955,61.327955
24,37,77745.000000,77805.695273,60.695273
24,38,77747.000000,77803.118889,56.118889
24,39,77743.000000,77798.862692,55.862692
24,40,77744.000000,77807.230102,63.230102
24,41,77746.000000,77808.972050,62.972050
24,42,77745.000000,77810.098605,65.098605
24,43,77745.000000,77810.262351,65.262351
24,44,77751.000000,77820.735238,69.735238
24,45,77751.000000,77817.434590,66.434590
24,46,77752.000000,77820.957035,68.957035
24,47,77756.000000,77816.738470,60.738470
24,48,77754.000000,77816.175606,62.175606
24,49,77757.000000,77815.408173,58.408173
24,50,77753.000000,77818.561081,65.561081
24,51,77761.000000,77822.763554,61.763554
24,52,77758.000000,77818.095673,60.095673
24,53,77759.000000,77822.157005,63.157005
24,54,77759.000000,77825.491097,66.491097
24,55,77762.000000,77829.645224,67.645224
24,56,77763.000000,77819.571689,56.571689
24,57,77764.000000,77819.709195,55.709195
24,58,77764.000000,77819.188123,55.188123
24,59,77766.000000,77819.203704,53.203704
24,60,77767.000000,77813.391850,46.391850
24,61,77762.000000,77815.035364,53.035364
24,62,77756.000000,77813.303524,57.303524
24,63,77756.000000,77815.960213,59.960213
25,0,77752.000000,77815.960213,63.960213
25,1,77751.000000,77813.343802,62.343802
25,2,77754.000000,77819.572626,65.572626
25,3,77754.000000,77822.847800,68.847800
25,4,77754.000000,77823.756242,69.756242
25,5,77751.000000,77821.556721,70.556721
25,6,77756.000000,77821.337311,65.337311
25,7,77754.000000,77822.855962,68.855962
25,8,77755.000000,77820.433499,65.433499
25,9,77758.000000,77823.671512,65.671512
25,10,77757.000000,77829.661992,72.661992
25,11,77759.000000,77827.771772,68.771772
25,12,77761.000000,77831.045302,70.045302
25,13,77760.000000,77831.122241,71.122241
25,14,77762.000000,77828.264443,66.264443
25,15,77762.000000,77826.493672,64.493672
25,16,77763.000000,77825.215758,62.215758
25,17,77765.000000,77827.823983,62.823983
25,18,77763.000000,77826.770812,63.770812
25,19,77763.000000,77827.232553,64.232553
25,20,77765.000000,77829.515218,64.515218
25,21,77762.000000,77825.132285,63.132285
25,22,77759.000000,77823.804246,64.804246
25,23,77761.000000,77821.581733,60.581733
25,24,77755.000000,77818.798642,63.798642
25,25,77751.000000,77817.365205,66.365205
25,26,77747.000000,77815.435804,68.435804
25,27,77747.000000,77817.548715,70.548715
25,28,77743.000000,77816.884202,73.884202
25,29,77743.000000,77814.870944,71.870944
25,30,77746.000000,77814.743258,68.743258
25,31,77748.000000,77816.210033,68.210033
25,32,77748.000000,77813.221730,65.221730
25,33,77747.000000,77815.353085,68.353085
25,34,77748.000000,77812.749543,64.749543
25,35,77749.000000,77816.865273,67.865273
25,36,77749.000000,77819.193607,70.193607
25,37,77750.000000,77818.465092,68.465092
25,38,77752.000000,77822.167012,70.167012
25,39,77751.000000,77821.847866,70.847866
25,40,77750.000000,77823.721827,73.721827
25,41,77747.000000,77821.615760,74.615760
25,42,77749.000000,77819.542111,70.542111
25,43,77753.000000,77824.601770,71.601770
25,44,77748.000000,77820.300596,72.300596
25,45,77755.000000,77826.047152,71.047152
25,46,77753.000000,77828.327259,75.327259
25,47,77757.000000,77828.822117,71.822117
25,48,77759.000000,77829.431682,70.431682
25,49,77758.000000,77828.548705,70.548705
25,50,77753.000000,77829.069182,76.069182
25,51,77755.000000,77826.438540,71.438540
25,52,77754.000000,77826.981543,72.981543
25,53,77757.000000,77830.445198,73.445198
25,54,77759.000000,77830.959342,71.959342
25,55,77760.000000,77829.443675,69.443675
25,56,77759.000000,77830.283783,71.283783
25,57,77756.000000,77825.073005,69.073005
25,58,77751.000000,77818.910303,67.910303
25,59,77746.000000,77817.125660,71.125660
25,60,77742.000000,77815.201542,73.201542
25,61,77742.000000,77815.450421,73.450421
25,62,77741.000000,77812.404499,71.404499
25,63,77744.000000,77818.988142,74.988142
26,0,77747.000000,77818.988142,71.988142
26,1,77749.000000,77821.038415,72.038415
26,2,77751.000000,77820.361609,69.361609
26,3,77752.000000,77818.783546,66.783546
26,4,77752.000000,77818.818801,66.818801
26,5,77754.000000,77823.686091,69.686091
26,6,77756.000000,77825.566089,69.566089
26,7,77757.000000,77830.856710,73.856710
26,8,77760.000000,77832.842977,72.842977
26,9,77767.000000,77835.188168,68.188168
26,10,77764.000000,77832.385035,68.385035
26,11,77763.000000,77829.195285,66.195285
26,12,77765.000000,77831.017476,66.017476
26,13,77763.000000,77830.331504,67.331504
26,14,77761.000000,77829.574536,68.574536
26,15,77765.000000,77834.907694,69.907694
26,16,77763.000000,77838.714939,75.714939
26,17,77765.000000,77840.037128,75.037128
26,18,77759.000000,77839.187245,80.187245
26,19,77753.000000,77836.845600,83.845600
26,20,77749.000000,77833.685686,84.685686
26,21,77747.000000,77824.515321,77.515321
26,22,77747.000000,77821.394327,74.394327
26,23,77744.000000,77819.848505,75.848505
26,24,77745.000000,77818.019733,73.019733
26,25,77740.000000,77817.907998,77.907998
26,26,77744.000000,77823.752237,79.752237
26,27,77743.000000,77823.190265,80.190265
26,28,77740.000000,77818.415048,78.415048
26,29,77743.000000,77824.104976,81.104976
26,30,77749.000000,77826.924752,77.924752
26,31,77747.000000,77820.199286,73.199286
26,32,77753.000000,77818.970493,65.970493
26,33,77757.000000,77828.525057,71.525057
26,34,77756.000000,77825.008801,69.008801
26,35,77756.000000,77826.966922,70.966922
26,36,77757.000000,77830.230318,73.230318
26,37,77755.000000,77828.741755,73.741755
26,38,77757.000000,77824.599775,67.599775
26,39,77760.000000,77822.500138,62.500138
26,40,77762.000000,77826.149779,64.149779
26,41,77761.000000,77826.894359,65.894359
26,42,77765.000000,77828.938090,63.938090
26,43,77766.000000,77833.395807,67.395807
26,44,77767.000000,77839.279574,72.279574
26,45,77772.000000,77837.257518,65.257518
26,46,77776.000000,77837.141899,61.141899
26,47,77775.000000,77835.135042,60.135042
26,48,77774.000000,77829.946940,55.946940
26,49,77772.000000,77822.537007,50.537007
26,50,77774.000000,77825.479158,51.479158
26,51,77776.000000,77823.630288,47.630288
26,52,77778.000000,77822.439110,44.439110
26,53,77781.000000,77828.840341,47.840341
26,54,77776.000000,77829.987091,53.987091
26,55,77773.000000,77828.802482,55.802482
26,56,77761.000000,77828.182732,67.182732
26,57,77761.000000,77826.714313,65.714313
26,58,77758.000000,77824.548139,66.548139
26,59,77763.000000,77825.558668,62.558668
26,60,77760.000000,77819.717884,59.717884
26,61,77760.000000,77824.033775,64.033775
26,62,77761.000000,77827.140679,66.140679
26,63,77755.000000,77827.104687,72.104687
27,0,77770.000000,77827.104687,57.104687
27,1,77774.000000,77831.943919,57.943919
27,2,77774.000000,77830.600291,56.600291
27,3,77777.000000,77832.495343,55.495343
27,4,77778.000000,77827.454868,49.454868
27,5,77780.000000,77827.184640,47.184640
27,6,77777.000000,77826.864405,49.864405
27,7,77779.000000,77831.712808,52.712808
27,8,77782.000000,77823.583511,41.583511
27,9,77783.000000,77823.803115,40.803115
27,10,77785.000000,77826.555740,41.555740
27,11,77787.000000,77827.693443,40.693443
27,12,77788.000000,77828.434153,40.434153
27,13,77792.000000,77833.960750,41.960750
27,14,77791.000000,77834.818043,43.818043
27,15,77789.000000,77829.986449,40.986449
27,16,77786.000000,77832.356740,46.356740
27,17,77780.000000,77831.421207,51.421207
27,18,77778.000000,77821.439612,43.439612
27,19,77774.000000,77821.890464,47.890464
27,20,77772.000000,77820.596987,48.596987
27,21,77772.000000,77821.029477,49.029477
27,22,77775.000000,77818.976809,43.976809
27,23,77773.000000,77823.613053,50.613053
27,24,77773.000000,77821.154875,48.154875
27,25,77778.000000,77824.152963,46.152963
27,26,77782.000000,77830.218907,48.218907
27,27,77786.000000,77832.267585,46.267585
27,28,77783.000000,77826.600879,43.600879
27,29,77779.000000,77821.246185,42.246185
27,30,77780.000000,77820.736210,40.736210
27,31,77784.000000,77818.540612,34.540612
27,32,77785.000000,77823.067634,38.067634
27,33,77787.000000,77817.592840,30.592840
27,34,77787.000000,77818.208420,31.208420
27,35,77791.000000,77818.503187,27.503187
27,36,77790.000000,77817.664844,27.664844
27,37,77792.000000,77816.912407,24.912407
27,38,77792.000000,77816.531682,24.531682
27,39,77792.000000,77814.316053,22.316053
27,40,77789.000000,77808.742583,19.742583
27,41,77790.000000,77813.465050,23.465050
27,42,77792.000000,77807.767799,15.767799
27,43,77792.000000,77805.866006,13.866006
27,44,77793.000000,77810.462363,17.462363
27,45,77797.000000,77818.137525,21.137525
27,46,77799.000000,77814.868924,15.868924
27,47,77797.000000,77818.313366,21.313366
27,48,77796.000000,77819.959355,23.959355
27,49,77789.000000,77811.436953,22.436953
27,50,77782.000000,77810.004454,28.004454
27,51,77779.000000,77812.425264,33.425264
27,52,77772.000000,77804.965674,32.965674
27,53,77771.000000,77799.606640,28.606640
27,54,77773.000000,77798.659973,25.659973
27,55,77775.000000,77799.235408,24.235408
27,56,77777.000000,77797.670303,20.670303
27,57,77777.000000,77804.993797,27.993797
27,58,77775.000000,77803.523264,28.523264
27,59,77777.000000,77805.154568,28.154568
27,60,77784.000000,77805.343733,21.343733
27,61,77791.000000,77811.423250,20.423250
27,62,77789.000000,77807.553470,18.553470
27,63,77791.000000,77808.461924,17.461924
28,0,77799.000000,77808.461924,9.461924
28,1,77796.000000,77797.240967,1.240967
28,2,77798.000000,77797.305239,0.694761
28,3,77802.000000,77804.411830,2.411830
28,4,77802.000000,77806.344044,4.344044
28,5,77806.000000,77801.707156,4.292844
28,6,77808.000000,77804.477730,3.522270
28,7,77810.000000,77812.241215,2.241215
28,8,77812.000000,77813.583766,1.583766
28,9,77812.000000,77810.765967,1.234033
28,10,77810.000000,77809.852556,0.147444
28,11,77809.000000,77813.526089,4.526089
28,12,77806.000000,77810.291922,4.291922
28,13,77801.000000,77807.180243,6.180243
28,14,77802.000000,77801.584105,0.415895
28,15,77803.000000,77804.936168,1.936168
28,16,77805.000000,77816.258980,11.258980
28,17,77816.000000,77822.447995,6.447995
28,18,77820.000000,77819.330844,0.669156
28,19,77818.000000,77824.992558,6.992558
28,20,77827.000000,77842.532936,15.532936
28,21,77828.000000,77838.555819,10.555819
28,22,77834.000000,77832.054298,1.945702
28,23,77833.000000,77839.388406,6.388406
28,24,77838.000000,77840.883027,2.883027
28,25,77836.000000,77835.571035,0.428965
28,26,77840.000000,77830.231751,9.768249
28,27,77842.000000,77835.484162,6.515838
28,28,77848.000000,77843.298611,4.701389
28,29,77847.000000,77841.690951,5.309049
28,30,77851.000000,77841.413764,9.586236
28,31,77852.000000,77843.076397,8.923603
28,32,77858.000000,77847.183778,10.816222
28,33,77862.000000,77853.142601,8.857399
28,34,77870.000000,77853.054505,16.945495
28,35,77870.000000,77850.595598,19.404402
28,36,77875.000000,77859.003647,15.996353
28,37,77877.000000,77864.983577,12.016423
28,38,77882.000000,77864.841308,17.158692
28,39,77887.000000,77861.974844,25.025156
28,40,77890.000000,77871.490522,18.509478
28,41,77889.000000,77876.781675,12.218325
28,42,77891.000000,77866.332868,24.667132
28,43,77893.000000,77864.789196,28.210804
28,44,77889.000000,77868.718029,20.281971
28,45,77890.000000,77874.033455,15.966545
28,46,77888.000000,77870.657762,17.342238
28,47,77888.000000,77865.647645,22.352355
28,48,77892.000000,77874.912779,17.087221
28,49,77896.000000,77878.769752,17.230248
28,50,77896.000000,77874.969231,21.030769
28,51,77896.000000,77876.461916,19.538084
28,52,77899.000000,77878.857837,20.142163
28,53,77895.000000,77880.787451,14.212549
28,54,77895.000000,77877.402948,17.597052
28,55,77892.000000,77876.188959,15.811041
28,56,77895.000000,77876.157734,18.842266
28,57,77893.000000,77879.514389,13.485611
28,58,77892.000000,77885.667219,6.332781
28,59,77897.000000,77879.073896,17.926104
28,60,77896.000000,77875.644378,20.355622
28,61,77901.000000,77888.343783,12.656217
28,62,77903.000000,77887.360351,15.639649
28,63,77904.000000,77881.640506,22.359494
29,0,77922.000000,77881.640506,40.359494
29,1,77926.000000,77885.336978,40.663022
29,2,77931.000000,77885.311144,45.688856
29,3,77931.000000,77885.915842,45.084158
29,4,77929.000000,77881.413153,47.586847
29,5,77921.000000,77877.528211,43.471789
29,6,77918.000000,77872.414269,45.585731
29,7,77917.000000,77870.940522,46.059478
29,8,77918.000000,77873.256912,44.743088
29,9,77921.000000,77874.819807,46.180193
29,10,77917.000000,77872.456210,44.543790
29,11,77919.000000,77872.491810,46.508190
29,12,77918.000000,77880.700373,37.299627
29,13,77920.000000,77881.398096,38.601904
29,14,77921.000000,77876.399344,44.600656
29,15,77920.000000,77875.736218,44.263782
29,16,77920.000000,77874.526288,45.473712
29,17,77922.000000,77872.464577,49.535423
29,18,77921.000000,77875.999875,45.000125
29,19,77922.000000,77882.680402,39.319598
29,20,77924.000000,77884.050973,39.949027
29,21,77923.000000,77881.822769,41.177231
29,22,77927.000000,77885.132407,41.867593
29,23,77930.000000,77890.500020,39.499980
29,24,77931.000000,77890.661022,40.338978
29,25,77924.000000,77889.579091,34.420909
29,26,77926.000000,77895.598357,30.401643
29,27,77931.000000,77896.550474,34.449526
29,28,77934.000000,77894.302415,39.697585
29,29,77933.000000,77897.163446,35.836554
29,30,77936.000000,77900.186081,35.813919
29,31,77936.000000,77896.752105,39.247895
29,32,77933.000000,77889.852420,43.147580
29,33,77930.000000,77886.866942,43.133058
29,34,77928.000000,77882.568814,45.431186
29,35,77932.000000,77883.973156,48.026844
29,36,77930.000000,77883.674271,46.325729
29,37,77930.000000,77883.771794,46.228206
29,38,77928.000000,77878.607106,49.392894
29,39,77920.000000,77871.642450,48.357550
29,40,77913.000000,77872.045649,40.954351
29,41,77911.000000,77866.024607,44.975393
29,42,77913.000000,77860.936928,52.063072
29,43,77909.000000,77857.519150,51.480850
29,44,77904.000000,77859.671639,44.328361
29,45,77904.000000,77860.280265,43.719735
29,46,77904.000000,77861.879159,42.120841
29,47,77907.000000,77865.687533,41.312467
29,48,77913.000000,77861.971529,51.028471
29,49,77913.000000,77863.370625,49.629375
29,50,77919.000000,77863.515346,55.484654
29,51,77923.000000,77866.049017,56.950983
29,52,77923.000000,77872.289662,50.710338
29,53,77927.000000,77875.241777,51.758223
29,54,77928.000000,77881.986971,46.013029
29,55,77929.000000,77882.299404,46.700596
29,56,77930.000000,77885.430870,44.569130
29,57,77934.000000,77888.105709,45.894291
29,58,77942.000000,77889.899089,52.100911
29,59,77944.000000,77895.518751,48.481249
29,60,77949.000000,77896.525244,52.474756
29,61,77954.000000,77901.824107,52.175893
29,62,77951.000000,77902.142554,48.857446
29,63,77958.000000,77910.382883,47.617117
30,0,77968.000000,77910.382883,57.617117
30,1,77966.000000,77910.223189,55.776811
30,2,77967.000000,77916.269781,50.730219
30,3,77968.000000,77919.718686,48.281314
30,4,77972.000000,77923.133638,48.866362
30,5,77976.000000,77925.646785,50.353215
30,6,77979.000000,77921.578065,57.421935
30,7,77979.000000,77923.302676,55.697324
30,8,77982.000000,77920.709610,61.290390
30,9,77978.000000,77919.541198,58.458802
30,10,77981.000000,77922.511979,58.488021
30,11,77983.000000,77925.101810,57.898190
30,12,77983.000000,77927.828050,55.171950
30,13,77986.000000,77929.409861,56.590139
30,14,77987.000000,77932.928720,54.071280
30,15,77990.000000,77932.449982,57.550018
30,16,77995.000000,77932.081234,62.918766
30,17,77992.000000,77929.740175,62.259825
30,18,77998.000000,77931.512772,66.487228
30,19,78000.000000,77934.658762,65.341238
30,20,78006.000000,77941.474823,64.525177
30,21,78005.000000,77939.956472,65.043528
30,22,78007.000000,77947.803234,59.196766
30,23,78007.000000,77950.335658,56.664342
30,24,78006.000000,77953.748154,52.251846
30,25,78004.000000,77951.726516,52.273484
30,26,78002.000000,77951.839893,50.160107
30,27,78008.000000,77954.623218,53.376782
30,28,78012.000000,77958.255139,53.744861
30,29,78018.000000,77962.184168,55.815832
30,30,78017.000000,77968.719985,48.280015
30,31,78021.000000,77969.916700,51.083300
30,32,78017.000000,77979.698412,37.301588
30,33,78011.000000,77975.005095,35.994905
30,34,78009.000000,77976.852116,32.147884
30,35,78008.000000,77974.949214,33.050786
30,36,78007.000000,77972.214527,34.785473
30,37,78008.000000,77971.820568,36.179432
30,38,78009.000000,77976.031367,32.968633
30,39,78014.000000,77978.664765,35.335235
30,40,78017.000000,77988.617351,28.382649
30,41,78016.000000,77991.001853,24.998147
30,42,78015.000000,77998.645735,16.354265
30,43,78018.000000,78003.912840,14.087160
30,44,78019.000000,78003.932339,15.067661
30,45,78022.000000,78006.628455,15.371545
30,46,78024.000000,78002.395122,21.604878
30,47,78025.000000,78005.907970,19.092030
30,48,78028.000000,78003.927074,24.072926
30,49,78031.000000,78006.392784,24.607216
30,50,78032.000000,78006.127348,25.872652
30,51,78036.000000,78009.141917,26.858083
30,52,78033.000000,78010.672158,22.327842
30,53,78035.000000,78010.238367,24.761633
30,54,78032.000000,78011.885528,20.114472
30,55,78037.000000,78014.908565,22.091435
30,56,78035.000000,78010.651641,24.348359
30,57,78038.000000,78015.564768,22.435232
30,58,78043.000000,78014.756290,28.243710
30,59,78046.000000,78018.425803,27.574197
30,60,78050.000000,78021.475720,28.524280
30,61,78049.000000,78018.622667,30.377333
30,62,78046.000000,78022.485657,23.514343
30,63,78046.000000,78024.215967,21.784033
31,0,78032.000000,78024.215967,7.784033
31,1,78035.000000,78025.630176,9.369824
31,2,78032.000000,78023.933591,8.066409
31,3,78034.000000,78025.995598,8.004402
31,4,78035.000000,78025.354586,9.645414
31,5,78036.000000,78026.075209,9.924791
31,6,78035.000000,78034.003716,0.996284
31,7,78035.000000,78030.785987,4.214013
31,8,78034.000000,78037.369577,3.369577
31,9,78034.000000,78038.557008,4.557008
31,10,78032.000000,78038.127023,6.127023
31,11,78037.000000,78042.525757,5.525757
31,12,78037.000000,78039.159783,2.159783
31,13,78039.000000,78041.248557,2.248557
31,14,78040.000000,78038.678789,1.321211
31,15,78045.000000,78044.478301,0.521699
31,16,78043.000000,78043.280560,0.280560
31,17,78046.000000,78044.526265,1.473735
31,18,78047.000000,78048.021561,1.021561
31,19,78047.000000,78050.474701,3.474701
31,20,78052.000000,78048.109102,3.890898
31,21,78054.000000,78052.793462,1.206538
31,22,78052.000000,78047.189508,4.810492
31,23,78057.000000,78053.643008,3.356992
31,24,78053.000000,78047.127541,5.872459
31,25,78056.000000,78049.931202,6.068798
31,26,78057.000000,78049.493816,7.506184
31,27,78056.000000,78045.243136,10.756864
31,28,78051.000000,78046.812632,4.187368
31,29,78043.000000,78040.545012,2.454988
31,30,78044.000000,78036.543123,7.456877
31,31,78044.000000,78035.813667,8.186333
31,32,78041.000000,78031.208776,9.791224
31,33,78041.000000,78028.254677,12.745323
31,34,78040.000000,78029.339119,10.660881
31,35,78041.000000,78029.957522,11.042478
31,36,78040.000000,78033.372334,6.627666
31,37,78043.000000,78032.094693,10.905307
31,38,78042.000000,78032.005949,9.994051
31,39,78041.000000,78033.244464,7.755536
31,40,78041.000000,78029.520914,11.479086
31,41,78037.000000,78026.930872,10.069128
31,42,78041.000000,78020.539302,20.460698
31,43,78043.000000,78022.783356,20.216644
31,44,78041.000000,78018.912449,22.087551
31,45,78042.000000,78023.351745,18.648255
31,46,78042.000000,78023.568365,18.431635
31,47,78046.000000,78025.933396,20.066604
31,48,78045.000000,78033.098932,11.901068
31,49,78044.000000,78032.915144,11.084856
31,50,78042.000000,78033.067553,8.932447
31,51,78047.000000,78037.431091,9.568909
31,52,78051.000000,78033.221000,17.779000
31,53,78054.000000,78036.724619,17.275381
31,54,78052.000000,78039.945142,12.054858
31,55,78048.000000,78036.872281,11.127719
31,56,78057.000000,78045.051726,11.948274
31,57,78059.000000,78045.544404,13.455596
31,58,78063.000000,78048.468005,14.531995
31,59,78060.000000,78048.256347,11.743653
31,60,78061.000000,78050.490946,10.509054
31,61,78058.000000,78047.285200,10.714800
31,62,78057.000000,78046.884127,10.115873
31,63,78058.000000,78046.455243,11.544757
32,0,78054.000000,78046.455243,7.544757
32,1,78053.000000,78049.070884,3.929116
32,2,78060.000000,78056.045657,3.954343
32,3,78055.000000,78049.883084,5.116916
32,4,78060.000000,78062.470623,2.470623
32,5,78062.000000,78069.092159,7.092159
32,6,78064.000000,78063.706978,0.293022
32,7,78066.000000,78063.944628,2.055372
32,8,78065.000000,78070.001536,5.001536
32,9,78069.000000,78071.156719,2.156719
32,10,78071.000000,78076.136289,5.136289
32,11,78073.000000,78072.756283,0.243717
32,12,78079.000000,78080.750474,1.750474
32,13,78081.000000,78080.728332,0.271668
32,14,78079.000000,78082.351610,3.351610
32,15,78080.000000,78078.845007,1.154993
32,16,78083.000000,78075.116323,7.883677
32,17,78084.000000,78078.336530,5.663470
32,18,78085.000000,78081.723941,3.276059
32,19,78087.000000,78079.822453,7.177547
32,20,78090.000000,78077.154691,12.845309
32,21,78093.000000,78081.704339,11.295661
32,22,78095.000000,78092.944713,2.055287
32,23,78093.000000,78086.407202,6.592798
32,24,78091.000000,78082.344861,8.655139
32,25,78085.000000,78080.855635,4.144365
32,26,78085.000000,78082.897421,2.102579
32,27,78084.000000,78083.493119,0.506881
32,28,78081.000000,78078.286247,2.713753
32,29,78081.000000,78081.935754,0.935754
32,30,78084.000000,78088.175968,4.175968
32,31,78077.000000,78084.202836,7.202836
32,32,78081.000000,78091.869096,10.869096
32,33,78081.000000,78087.800644,6.800644
32,34,78083.000000,78089.044337,6.044337
32,35,78086.000000,78094.816659,8.816659
32,36,78084.000000,78094.957977,10.957977
32,37,78086.000000,78097.255837,11.255837
32,38,78088.000000,78101.262125,13.262125
32,39,78086.000000,78107.291651,21.291651
32,40,78090.000000,78116.369256,26.369256
32,41,78091.000000,78111.468818,20.468818
32,42,78087.000000,78116.794247,29.794247
32,43,78092.000000,78116.570189,24.570189
32,44,78092.000000,78113.478261,21.478261
32,45,78096.000000,78116.362069,20.362069
32,46,78097.000000,78122.694528,25.694528
32,47,78097.000000,78122.484441,25.484441
32,48,78100.000000,78122.349193,22.349193
32,49,78105.000000,78127.803766,22.803766
32,50,78104.000000,78133.766056,29.766056
32,51,78101.000000,78131.865409,30.865409
32,52,78102.000000,78128.865889,26.865889
32,53,78105.000000,78127.894990,22.894990
32,54,78103.000000,78128.851382,25.851382
32,55,78107.000000,78128.695086,21.695086
32,56,78112.000000,78123.423546,11.423546
32,57,78115.000000,78126.987092,11.987092
32,58,78110.000000,78123.374252,13.374252
32,59,78104.000000,78126.557727,22.557727
32,60,78099.000000,78120.459468,21.459468
32,61,78093.000000,78110.941441,17.941441
32,62,78090.000000,78112.229728,22.229728
32,63,78087.000000,78112.388649,25.388649
33,0,78075.000000,78112.388649,37.388649
33,1,78077.000000,78114.727982,37.727982
33,2,78077.000000,78117.144124,40.144124
33,3,78076.000000,78110.904584,34.904584
33,4,78077.000000,78114.734248,37.734248
33,5,78077.000000,78113.411959,36.411959
33,6,78075.000000,78118.215085,43.215085
33,7,78077.000000,78119.914757,42.914757
33,8,78079.000000,78124.377031,45.377031
33,9,78077.000000,78122.483679,45.483679
33,10,78074.000000,78121.966932,47.966932
33,11,78077.000000,78127.750669,50.750669
33,12,78083.000000,78129.025837,46.025837
33,13,78077.000000,78126.783484,49.783484
33,14,78078.000000,78125.136015,47.136015
33,15,78084.000000,78133.241061,49.241061
33,16,78086.000000,78132.998256,46.998256
33,17,78086.000000,78136.229890,50.229890
33,18,78088.000000,78133.413084,45.413084
33,19,78090.000000,78136.075165,46.075165
33,20,78086.000000,78132.063967,46.063967
33,21,78087.000000,78130.459347,43.459347
33,22,78078.000000,78128.932807,50.932807
33,23,78073.000000,78123.906333,50.906333
33,24,78073.000000,78123.937666,50.937666
33,25,78072.000000,78123.908277,51.908277
33,26,78073.000000,78125.299359,52.299359
33,27,78073.000000,78126.351021,53.351021
33,28,78068.000000,78122.748890,54.748890
33,29,78069.000000,78123.176553,54.176553
33,30,78067.000000,78123.732551,56.732551
33,31,78071.000000,78123.077234,52.077234
33,32,78070.000000,78122.986863,52.986863
33,33,78071.000000,78122.869089,51.869089
33,34,78072.000000,78128.992461,56.992461
33,35,78074.000000,78129.451445,55.451445
33,36,78075.000000,78133.178288,58.178288
33,37,78077.000000,78137.004540,60.004540
33,38,78080.000000,78135.367106,55.367106
33,39,78079.000000,78132.453278,53.453278
33,40,78082.000000,78137.956222,55.956222
33,41,78082.000000,78137.260082,55.260082
33,42,78086.000000,78139.499462,53.499462
33,43,78087.000000,78141.838521,54.838521
33,44,78091.000000,78147.542738,56.542738
33,45,78093.000000,78147.870113,54.870113
33,46,78093.000000,78145.516386,52.516386
33,47,78098.000000,78155.686074,57.686074
33,48,78100.000000,78146.630385,46.630385
33,49,78097.000000,78143.285956,46.285956
33,50,78099.000000,78143.798383,44.798383
33,51,78098.000000,78149.087261,51.087261
33,52,78100.000000,78149.237540,49.237540
33,53,78099.000000,78146.522585,47.522585
33,54,78103.000000,78150.030350,47.030350
33,55,78099.000000,78147.274152,48.274152
33,56,78099.000000,78147.305124,48.305124
33,57,78092.000000,78143.515812,51.515812
33,58,78093.000000,78140.121421,47.121421
33,59,78087.000000,78130.696815,43.696815
33,60,78089.000000,78138.690926,49.690926
33,61,78088.000000,78134.908395,46.908395
33,62,78086.000000,78139.161135,53.161135
33,63,78085.000000,78135.244830,50.244830
34,0,78096.000000,78135.244830,39.244830
34,1,78098.000000,78130.896558,32.896558
34,2,78098.000000,78136.663092,38.663092
34,3,78098.000000,78131.781042,33.781042
34,4,78099.000000,78138.524831,39.524831
34,5,78103.000000,78136.444512,33.444512
34,6,78102.000000,78132.670842,30.670842
34,7,78100.000000,78133.775092,33.775092
34,8,78107.000000,78144.553857,37.553857
34,9,78102.000000,78141.627908,39.627908
34,10,78104.000000,78143.651657,39.651657
34,11,78104.000000,78138.392894,34.392894
34,12,78107.000000,78149.203248,42.203248
34,13,78107.000000,78150.780738,43.780738
34,14,78108.000000,78146.599154,38.599154
34,15,78106.000000,78146.046677,40.046677
34,16,78109.000000,78145.159486,36.159486
34,17,78101.000000,78141.350539,40.350539
34,18,78096.000000,78139.845488,43.845488
34,19,78089.000000,78133.066963,44.066963
34,20,78085.000000,78124.851543,39.851543
34,21,78083.000000,78124.741536,41.741536
34,22,78079.000000,78124.369287,45.369287
34,23,78078.000000,78128.354293,50.354293
34,24,78079.000000,78108.826431,29.826431
34,25,78079.000000,78111.139792,32.139792
34,26,78078.000000,78114.683350,36.683350
34,27,78081.000000,78116.554720,35.554720
34,28,78080.000000,78108.870112,28.870112
34,29,78072.000000,78099.846455,27.846455
34,30,78064.000000,78096.932372,32.932372
34,31,78057.000000,78094.173265,37.173265
34,32,78054.000000,78095.896512,41.896512
34,33,78055.000000,78097.506099,42.506099
34,34,78061.000000,78095.732852,34.732852
34,35,78064.000000,78087.000195,23.000195
34,36,78072.000000,78102.653931,30.653931
34,37,78068.000000,78101.589449,33.589449
34,38,78071.000000,78107.298149,36.298149
34,39,78074.000000,78107.893284,33.893284
34,40,78081.000000,78112.074756,31.074756
34,41,78087.000000,78110.256713,23.256713
34,42,78091.000000,78105.910488,14.910488
34,43,78093.000000,78106.591585,13.591585
34,44,78091.000000,78117.241103,26.241103
34,45,78089.000000,78109.899141,20.899141
34,46,78091.000000,78110.801516,19.801516
34,47,78085.000000,78114.382383,29.382383
34,48,78088.000000,78114.476832,26.476832
34,49,78091.000000,78123.872491,32.872491
34,50,78093.000000,78122.484609,29.484609
34,51,78091.000000,78121.869656,30.869656
34,52,78088.000000,78115.333283,27.333283
34,53,78084.000000,78113.642752,29.642752
34,54,78077.000000,78114.081327,37.081327
34,55,78068.000000,78107.509573,39.509573
34,56,78068.000000,78092.846092,24.846092
34,57,78069.000000,78095.503926,26.503926
34,58,78073.000000,78098.343649,25.343649
34,59,78073.000000,78098.795402,25.795402
34,60,78074.000000,78095.578370,21.578370
34,61,78075.000000,78092.049115,17.049115
34,62,78075.000000,78101.402209,26.402209
34,63,78075.000000,78105.095519,30.095519
35,0,78076.000000,78105.095519,29.095519
35,1,78085.000000,78116.219234,31.219234
35,2,78095.000000,78121.050306,26.050306
35,3,78102.000000,78130.950045,28.950045
35,4,78106.000000,78130.724875,24.724875
35,5,78112.000000,78136.245714,24.245714
35,6,78112.000000,78136.515322,24.515322
35,7,78113.000000,78138.693076,25.693076
35,8,78112.000000,78140.136154,28.136154
35,9,78111.000000,78141.569705,30.569705
35,10,78111.000000,78146.247419,35.247419
35,11,78112.000000,78146.144376,34.144376
35,12,78114.000000,78147.872761,33.872761
35,13,78113.000000,78142.271774,29.271774
35,14,78113.000000,78140.213102,27.213102
35,15,78109.000000,78136.420999,27.420999
35,16,78106.000000,78139.804112,33.804112
35,17,78108.000000,78142.255347,34.255347
35,18,78108.000000,78142.492810,34.492810
35,19,78108.000000,78142.913862,34.913862
35,20,78102.000000,78136.210909,34.210909
35,21,78104.000000,78140.365716,36.365716
35,22,78105.000000,78131.043945,26.043945
35,23,78105.000000,78134.566746,29.566746
35,24,78105.000000,78126.340221,21.340221
35,25,78106.000000,78124.303018,18.303018
35,26,78102.000000,78122.747650,20.747650
35,27,78104.000000,78119.196703,15.196703
35,28,78101.000000,78118.854762,17.854762
35,29,78101.000000,78114.681393,13.681393
35,30,78107.000000,78120.559560,13.559560
35,31,78108.000000,78122.629171,14.629171
35,32,78112.000000,78134.224930,22.224930
35,33,78113.000000,78137.137336,24.137336
35,34,78117.000000,78139.903871,22.903871
35,35,78116.000000,78135.565584,19.565584
35,36,78116.000000,78136.415276,20.415276
35,37,78121.000000,78137.718031,16.718031
35,38,78121.000000,78139.476882,18.476882
35,39,78126.000000,78142.900310,16.900310
35,40,78130.000000,78141.896988,11.896988
35,41,78132.000000,78148.027934,16.027934
35,42,78136.000000,78141.395082,5.395082
35,43,78130.000000,78138.651507,8.651507
35,44,78128.000000,78131.030208,3.030208
35,45,78125.000000,78129.213955,4.213955
35,46,78123.000000,78133.902647,10.902647
35,47,78122.000000,78134.271031,12.271031
35,48,78119.000000,78140.261429,21.261429
35,49,78117.000000,78138.656619,21.656619
35,50,78118.000000,78136.548847,18.548847
35,51,78116.000000,78129.117425,13.117425
35,52,78112.000000,78128.555456,16.555456
35,53,78112.000000,78126.687590,14.687590
35,54,78112.000000,78128.706711,16.706711
35,55,78113.000000,78129.200847,16.200847
35,56,78110.000000,78131.910206,21.910206
35,57,78111.000000,78132.505093,21.505093
35,58,78112.000000,78133.790608,21.790608
35,59,78112.000000,78133.787615,21.787615
35,60,78114.000000,78131.339789,17.339789
35,61,78116.000000,78134.976098,18.976098
35,62,78119.000000,78135.244408,16.244408
35,63,78121.000000,78138.979415,17.979415
36,0,78142.000000,78138.979415,3.020585
36,1,78143.000000,78135.375557,7.624443
36,2,78147.000000,78140.078221,6.921779
36,3,78146.000000,78137.573246,8.426754
36,4,78146.000000,78136.310439,9.689561
36,5,78147.000000,78135.843724,11.156276
36,6,78150.000000,78138.599213,11.400787
36,7,78152.000000,78144.713313,7.286687
36,8,78153.000000,78144.956716,8.043284
36,9,78154.000000,78146.456013,7.543987
36,10,78159.000000,78148.405676,10.594324
36,11,78155.000000,78141.254645,13.745355
36,12,78156.000000,78142.369038,13.630962
36,13,78154.000000,78144.069906,9.930094
36,14,78152.000000,78142.077192,9.922808
36,15,78152.000000,78144.157976,7.842024
36,16,78151.000000,78142.200647,8.799353
36,17,78155.000000,78148.516808,6.483192
36,18,78152.000000,78147.218942,4.781058
36,19,78152.000000,78147.587281,4.412719
36,20,78152.000000,78150.790518,1.209482
36,21,78151.000000,78145.819620,5.180380
36,22,78150.000000,78142.116064,7.883936
36,23,78154.000000,78142.499306,11.500694
36,24,78157.000000,78138.882419,18.117581
36,25,78157.000000,78141.041565,15.958435
36,26,78158.000000,78140.751681,17.248319
36,27,78161.000000,78148.195355,12.804645
36,28,78162.000000,78147.396033,14.603967
36,29,78163.000000,78144.676800,18.323200
36,30,78166.000000,78143.125709,22.874291
36,31,78167.000000,78145.317007,21.682993
36,32,78166.000000,78140.605360,25.394640
36,33,78169.000000,78148.086442,20.913558
36,34,78174.000000,78143.819803,30.180197
36,35,78181.000000,78146.654477,34.345523
36,36,78181.000000,78145.045049,35.954951
36,37,78184.000000,78153.477562,30.522438
36,38,78188.000000,78159.524620,28.475380
36,39,78186.000000,78156.673971,29.326029
36,40,78191.000000,78152.829937,38.170063
36,41,78192.000000,78149.628589,42.371411
36,42,78190.000000,78142.124522,47.875478
36,43,78191.000000,78143.701109,47.298891
36,44,78187.000000,78143.228427,43.771573
36,45,78191.000000,78143.547157,47.452843
36,46,78186.000000,78141.369031,44.630969
36,47,78183.000000,78141.644515,41.355485
36,48,78184.000000,78145.713895,38.286105
36,49,78179.000000,78142.533085,36.466915
36,50,78171.000000,78138.553514,32.446486
36,51,78170.000000,78139.944178,30.055822
36,52,78167.000000,78134.003471,32.996529
36,53,78168.000000,78133.317903,34.682097
36,54,78168.000000,78131.790894,36.209106
36,55,78169.000000,78133.944287,35.055713
36,56,78175.000000,78138.549173,36.450827
36,57,78176.000000,78142.081461,33.918539
36,58,78179.000000,78151.687982,27.312018
36,59,78177.000000,78147.756656,29.243344
36,60,78176.000000,78142.573620,33.426380
36,61,78175.000000,78140.990527,34.009473
36,62,78177.000000,78142.061300,34.938700
36,63,78181.000000,78142.715602,38.284398
37,0,78188.000000,78142.715602,45.284398
37,1,78188.000000,78134.902756,53.097244
37,2,78191.000000,78133.564306,57.435694
37,3,78191.000000,78141.708408,49.291592
37,4,78193.000000,78146.770123,46.229877
37,5,78198.000000,78147.229402,50.770598
37,6,78194.000000,78140.444291,53.555709
37,7,78186.000000,78140.352771,45.647229
37,8,78185.000000,78144.561192,40.438808
37,9,78181.000000,78144.994254,36.005746
37,10,78178.000000,78138.246380,39.753620
37,11,78183.000000,78135.220792,47.779208
37,12,78183.000000,78141.769734,41.230266
37,13,78183.000000,78145.982347,37.017653
37,14,78185.000000,78145.445149,39.554851
37,15,78184.000000,78141.091739,42.908261
37,16,78190.000000,78147.597089,42.402911
37,17,78191.000000,78148.985043,42.014957
37,18,78192.000000,78152.214196,39.785804
37,19,78191.000000,78146.669012,44.330988
37,20,78195.000000,78149.343348,45.656652
37,21,78196.000000,78152.582720,43.417280
37,22,78196.000000,78160.963603,35.036397
37,23,78197.000000,78156.177167,40.822833
37,24,78199.000000,78152.922156,46.077844
37,25,78199.000000,78150.202243,48.797757
37,26,78205.000000,78156.782929,48.217071
37,27,78204.000000,78161.709747,42.290253
37,28,78204.000000,78160.663467,43.336533
37,29,78206.000000,78159.261291,46.738709
37,30,78211.000000,78163.591549,47.408451
37,31,78206.000000,78167.066676,38.933324
37,32,78210.000000,78166.716816,43.283184
37,33,78212.000000,78169.270351,42.729649
37,34,78215.000000,78172.101987,42.898013
37,35,78215.000000,78175.900423,39.099577
37,36,78214.000000,78176.013133,37.986867
37,37,78211.000000,78169.705681,41.294319
37,38,78206.000000,78165.043575,40.956425
37,39,78205.000000,78166.922205,38.077795
37,40,78205.000000,78176.551140,28.448860
37,41,78203.000000,78178.719339,24.280661
37,42,78201.000000,78177.267452,23.732548
37,43,78201.000000,78173.587988,27.412012
37,44,78205.000000,78179.615524,25.384476
37,45,78206.000000,78182.342812,23.657188
37,46,78208.000000,78185.927935,22.072065
37,47,78210.000000,78180.281620,29.718380
37,48,78213.000000,78179.419643,33.580357
37,49,78215.000000,78183.756349,31.243651
37,50,78216.000000,78187.630315,28.369685
37,51,78220.000000,78183.586354,36.413646
37,52,78218.000000,78182.297501,35.702499
37,53,78217.000000,78186.053288,30.946712
37,54,78217.000000,78188.430695,28.569305
37,55,78222.000000,78190.894840,31.105160
37,56,78222.000000,78186.719244,35.280756
37,57,78226.000000,78186.855900,39.144100
37,58,78231.000000,78188.808201,42.191799
37,59,78234.000000,78193.068924,40.931076
37,60,78230.000000,78189.544177,40.455823
37,61,78227.000000,78187.695350,39.304650
37,62,78227.000000,78189.935623,37.064377
37,63,78229.000000,78197.478755,31.521245
38,0,78217.000000,78197.478755,19.521245
38,1,78218.000000,78198.822419,19.177581
38,2,78218.000000,78198.295411,19.704589
38,3,78219.000000,78198.650761,20.349239
38,4,78222.000000,78206.161524,15.838476
38,5,78226.000000,78210.897522,15.102478
38,6,78225.000000,78210.726548,14.273452
38,7,78229.000000,78213.063062,15.936938
38,8,78227.000000,78221.216409,5.783591
38,9,78229.000000,78222.576297,6.423703
38,10,78227.000000,78221.681209,5.318791
38,11,78232.000000,78225.085097,6.914903
38,12,78230.000000,78222.615216,7.384784
38,13,78231.000000,78221.981327,9.018673
38,14,78233.000000,78224.807624,8.192376
38,15,78234.000000,78224.685706,9.314294
38,16,78235.000000,78221.669948,13.330052
38,17,78234.000000,78223.846710,10.153290
38,18,78237.000000,78228.258780,8.741220
38,19,78240.000000,78229.674674,10.325326
38,20,78237.000000,78222.624673,14.375327
38,21,78237.000000,78225.723451,11.276549
38,22,78238.000000,78227.344725,10.655275
38,23,78241.000000,78225.513784,15.486216
38,24,78243.000000,78223.830582,19.169418
38,25,78240.000000,78220.840759,19.159241
38,26,78235.000000,78216.406788,18.593212
38,27,78232.000000,78217.711767,14.288233
38,28,78230.000000,78217.776660,12.223340
38,29,78228.000000,78213.457163,14.542837
38,30,78227.000000,78210.841796,16.158204
38,31,78222.000000,78209.719882,12.280118
38,32,78225.000000,78214.825326,10.174674
38,33,78226.000000,78215.375947,10.624053
38,34,78227.000000,78215.829304,11.170696
38,35,78229.000000,78219.731406,9.268594
38,36,78231.000000,78223.867750,7.132250
38,37,78236.000000,78227.358475,8.641525
38,38,78237.000000,78230.962520,6.037480
38,39,78237.000000,78233.014464,3.985536
38,40,78238.000000,78236.773621,1.226379
38,41,78241.000000,78238.946604,2.053396
38,42,78243.000000,78241.618366,1.381634
38,43,78247.000000,78243.893622,3.106378
38,44,78248.000000,78242.395183,5.604817
38,45,78249.000000,78242.440504,6.559496
38,46,78246.000000,78245.801778,0.198222
38,47,78251.000000,78246.984963,4.015037
38,48,78245.000000,78243.358690,1.641310
38,49,78245.000000,78244.415567,0.584433
38,50,78249.000000,78246.889003,2.110997
38,51,78248.000000,78246.675166,1.324834
38,52,78251.000000,78250.844955,0.155045
38,53,78251.000000,78250.202380,0.797620
38,54,78253.000000,78245.906537,7.093463
38,55,78251.000000,78244.033281,6.966719
38,56,78254.000000,78245.907714,8.092286
38,57,78249.000000,78241.649970,7.350030
38,58,78247.000000,78236.937560,10.062440
38,59,78237.000000,78230.016343,6.983657
38,60,78232.000000,78231.191639,0.808361
38,61,78232.000000,78230.939197,1.060803
38,62,78233.000000,78226.050637,6.949363
38,63,78233.000000,78226.840252,6.159748
39,0,78241.000000,78226.840252,14.159748
39,1,78237.000000,78225.433643,11.566357
39,2,78239.000000,78223.530543,15.469457
39,3,78237.000000,78218.308314,18.691686
39,4,78240.000000,78220.942165,19.057835
39,5,78238.000000,78222.421881,15.578119
39,6,78239.000000,78220.930168,18.069832
39,7,78244.000000,78223.574834,20.425166
39,8,78242.000000,78220.211350,21.788650
39,9,78246.000000,78221.753192,24.246808
39,10,78248.000000,78219.011183,28.988817
39,11,78253.000000,78225.298744,27.701256
39,12,78255.000000,78230.683249,24.316751
39,13,78254.000000,78228.904194,25.095806
39,14,78253.000000,78226.306219,26.693781
39,15,78248.000000,78225.235376,22.764624
39,16,78244.000000,78225.682869,18.317131
39,17,78240.000000,78223.827139,16.172861
39,18,78237.000000,78222.975421,14.024579
39,19,78239.000000,78224.748329,14.251671
39,20,78236.000000,78222.621857,13.378143
39,21,78236.000000,78220.326388,15.673612
39,22,78239.000000,78225.135618,13.864382
39,23,78239.000000,78221.615048,17.384952
39,24,78241.000000,78220.028034,20.971966
39,25,78243.000000,78223.764566,19.235434
39,26,78241.000000,78227.419067,13.580933
39,27,78242.000000,78232.029765,9.970235
39,28,78242.000000,78226.898558,15.101442
39,29,78246.000000,78227.445910,18.554090
39,30,78247.000000,78225.514533,21.485467
39,31,78249.000000,78225.571798,23.428202
39,32,78247.000000,78233.679093,13.320907
39,33,78244.000000,78232.978645,11.021355
39,34,78249.000000,78235.790626,13.209374
39,35,78250.000000,78230.099980,19.900020
39,36,78252.000000,78229.967863,22.032137
39,37,78249.000000,78235.767624,13.232376
39,38,78256.000000,78237.512629,18.487371
39,39,78258.000000,78239.208990,18.791010
39,40,78257.000000,78242.238221,14.761779
39,41,78260.000000,78237.664685,22.335315
39,42,78262.000000,78238.494533,23.505467
39,43,78259.000000,78238.032943,20.967057
39,44,78258.000000,78240.412916,17.587084
39,45,78259.000000,78239.094085,19.905915
39,46,78258.000000,78233.179552,24.820448
39,47,78259.000000,78242.354989,16.645011
39,48,78255.000000,78235.597308,19.402692
39,49,78247.000000,78232.605689,14.394311
39,50,78247.000000,78229.505991,17.494009
39,51,78239.000000,78225.559860,13.440140
39,52,78237.000000,78228.427631,8.572369
39,53,78237.000000,78223.874396,13.125604
39,54,78242.000000,78224.184948,17.815052
39,55,78242.000000,78220.328079,21.671921
39,56,78239.000000,78210.684068,28.315932
39,57,78237.000000,78212.441280,24.558720
39,58,78241.000000,78210.444149,30.555851
39,59,78239.000000,78211.932979,27.067021
39,60,78238.000000,78211.178737,26.821263
39,61,78240.000000,78208.132847,31.867153
39,62,78241.000000,78209.906329,31.093671
39,63,78239.000000,78204.293581,34.706419
40,0,78242.000000,78204.293581,37.706419
40,1,78241.000000,78204.501619,36.498381
40,2,78240.000000,78204.621220,35.378780
40,3,78236.000000,78204.512175,31.487825
40,4,78236.000000,78198.387527,37.612473
40,5,78240.000000,78201.479668,38.520332
40,6,78239.000000,78201.386642,37.613358
40,7,78237.000000,78200.547890,36.452110
40,8,78241.000000,78190.239814,50.760186
40,9,78239.000000,78190.156197,48.843803
40,10,78232.000000,78187.861336,44.138664
40,11,78226.000000,78185.641972,40.358028
40,12,78223.000000,78180.515759,42.484241
40,13,78223.000000,78180.297683,42.702317
40,14,78217.000000,78173.527648,43.472352
40,15,78215.000000,78172.027979,42.972021
40,16,78215.000000,78172.618218,42.381782
40,17,78216.000000,78173.867471,42.132529
40,18,78219.000000,78169.429463,49.570537
40,19,78217.000000,78169.573579,47.426421
40,20,78218.000000,78175.834039,42.165961
40,21,78217.000000,78174.218340,42.781660
40,22,78215.000000,78173.300148,41.699852
40,23,78215.000000,78173.352912,41.647088
40,24,78216.000000,78180.515939,35.484061
40,25,78217.000000,78176.853989,40.146011
40,26,78223.000000,78180.685536,42.314464
40,27,78222.000000,78178.485911,43.514089
40,28,78223.000000,78181.550907,41.449093
40,29,78226.000000,78179.749467,46.250533
40,30,78224.000000,78184.108220,39.891780
40,31,78228.000000,78184.478987,43.521013
40,32,78227.000000,78181.319293,45.680707
40,33,78230.000000,78185.774863,44.225137
40,34,78229.000000,78188.276235,40.723765
40,35,78230.000000,78188.603213,41.396787
40,36,78229.000000,78184.950157,44.049843
40,37,78234.000000,78190.179482,43.820518
40,38,78236.000000,78190.580471,45.419529
40,39,78238.000000,78189.681097,48.318903
40,40,78236.000000,78186.606114,49.393886
40,41,78235.000000,78190.124625,44.875375
40,42,78234.000000,78187.367832,46.632168
40,43,78230.000000,78186.929591,43.070409
40,44,78229.000000,78184.282364,44.717636
40,45,78225.000000,78183.236644,41.763356
40,46,78224.000000,78180.905627,43.094373
40,47,78226.000000,78184.938389,41.061611
40,48,78227.000000,78185.137815,41.862185
40,49,78225.000000,78180.802456,44.197544
40,50,78226.000000,78181.218293,44.781707
40,51,78227.000000,78184.262541,42.737459
40,52,78226.000000,78189.867868,36.132132
40,53,78225.000000,78184.864855,40.135145
40,54,78232.000000,78189.963372,42.036628
40,55,78232.000000,78188.891283,43.108717
40,56,78235.000000,78191.834859,43.165141
40,57,78231.000000,78190.990816,40.009184
40,58,78231.000000,78192.414813,38.585187
40,59,78232.000000,78189.371907,42.628093
40,60,78232.000000,78190.109378,41.890622
40,61,78236.000000,78194.988124,41.011876
40,62,78236.000000,78194.044826,41.955174
40,63,78235.000000,78186.394717,48.605283
41,0,78217.000000,78186.394717,30.605283
41,1,78220.000000,78188.094949,31.905051
41,2,78216.000000,78179.338028,36.661972
41,3,78216.000000,78179.502914,36.497086
41,4,78211.000000,78175.758026,35.241974
41,5,78208.000000,78173.014638,34.985362
41,6,78204.000000,78171.379006,32.620994
41,7,78199.000000,78164.230871,34.769129
41,8,78195.000000,78154.251166,40.748834
41,9,78193.000000,78148.575044,44.424956
41,10,78193.000000,78144.113844,48.886156
41,11,78197.000000,78152.182623,44.817377
41,12,78195.000000,78155.401889,39.598111
41,13,78191.000000,78150.138729,40.861271
41,14,78191.000000,78146.612157,44.387843
41,15,78191.000000,78149.586667,41.413333
41,16,78197.000000,78150.786919,46.213081
41,17,78196.000000,78145.577628,50.422372
41,18,78195.000000,78145.664963,49.335037
41,19,78197.000000,78153.328566,43.671434
41,20,78197.000000,78157.551707,39.448293
41,21,78199.000000,78156.090114,42.909886
41,22,78200.000000,78151.494020,48.505980
41,23,78196.000000,78150.292551,45.707449
41,24,78197.000000,78157.493169,39.506831
41,25,78197.000000,78158.266131,38.733869
41,26,78201.000000,78154.403828,46.596172
41,27,78202.000000,78154.892323,47.107677
41,28,78201.000000,78156.110479,44.889521
41,29,78207.000000,78165.146833,41.853167
41,30,78209.000000,78165.501125,43.498875
41,31,78206.000000,78160.727173,45.272827
41,32,78207.000000,78172.707342,34.292658
41,33,78209.000000,78176.602376,32.397624
41,34,78207.000000,78177.552323,29.447677
41,35,78205.000000,78172.519716,32.480284
41,36,78204.000000,78168.265377,35.734623
41,37,78205.000000,78173.818359,31.181641
41,38,78208.000000,78177.512257,30.487743
41,39,78209.000000,78173.962690,35.037310
41,40,78209.000000,78177.601866,31.398134
41,41,78208.000000,78174.073119,33.926881
41,42,78205.000000,78169.000071,35.999929
41,43,78199.000000,78164.589682,34.410318
41,44,78192.000000,78159.304921,32.695079
41,45,78189.000000,78157.743563,31.256437
41,46,78187.000000,78157.287834,29.712166
41,47,78191.000000,78161.716179,29.283821
41,48,78193.000000,78159.764512,33.235488
41,49,78191.000000,78155.832399,35.167601
41,50,78188.000000,78152.590680,35.409320
41,51,78186.000000,78155.923946,30.076054
41,52,78188.000000,78157.872697,30.127303
41,53,78192.000000,78160.648143,31.351857
41,54,78187.000000,78156.386002,30.613998
41,55,78185.000000,78155.809486,29.190514
41,56,78183.000000,78156.856410,26.143590
41,57,78181.000000,78158.992685,22.007315
41,58,78180.000000,78163.718610,16.281390
41,59,78180.000000,78160.342251,19.657749
41,60,78184.000000,78163.518128,20.481872
41,61,78185.000000,78169.580981,15.419019
41,62,78182.000000,78160.376975,21.623025
41,63,78184.000000,78154.883527,29.116473
42,0,78187.000000,78154.883527,32.116473
42,1,78185.000000,78151.597648,33.402352
42,2,78189.000000,78153.177968,35.822032
42,3,78189.000000,78158.243255,30.756745
42,4,78191.000000,78157.370154,33.629846
42,5,78186.000000,78154.194910,31.805090
42,6,78183.000000,78152.799414,30.200586
42,7,78178.000000,78147.219666,30.780334
42,8,78173.000000,78153.840426,19.159574
42,9,78168.000000,78152.157751,15.842249
42,10,78167.000000,78151.561136,15.438864
42,11,78165.000000,78149.219167,15.780833
42,12,78164.000000,78146.854565,17.145435
42,13,78165.000000,78151.577338,13.422662
42,14,78165.000000,78153.013859,11.986141
42,15,78166.000000,78151.404557,14.595443
42,16,78163.000000,78148.885259,14.114741
42,17,78165.000000,78145.073961,19.926039
42,18,78164.000000,78142.995821,21.004179
42,19,78165.000000,78148.077483,16.922517
42,20,78168.000000,78156.342393,11.657607
42,21,78168.000000,78156.051456,11.948544
42,22,78170.000000,78150.095870,19.904130
42,23,78169.000000,78149.050693,19.949307
42,24,78168.000000,78143.145449,24.854551
42,25,78166.000000,78141.813281,24.186719
42,26,78168.000000,78141.513314,26.486686
42,27,78169.000000,78137.905082,31.094918
42,28,78170.000000,78145.104266,24.895734
42,29,78168.000000,78146.337920,21.662080
42,30,78171.000000,78146.488158,24.511842
42,31,78168.000000,78137.782276,30.217724
42,32,78170.000000,78132.558258,37.441742
42,33,78170.000000,78132.483026,37.516974
42,34,78174.000000,78139.636576,34.363424
42,35,78172.000000,78140.901770,31.098230
42,36,78173.000000,78140.239526,32.760474
42,37,78171.000000,78138.269736,32.730264
42,38,78171.000000,78137.276139,33.723861
42,39,78170.000000,78134.483007,35.516993
42,40,78166.000000,78139.123470,26.876530
42,41,78165.000000,78138.238862,26.761138
42,42,78158.000000,78133.647653,24.352347
42,43,78153.000000,78133.328244,19.671756
42,44,78153.000000,78129.614983,23.385017
42,45,78155.000000,78133.684734,21.315266
42,46,78159.000000,78137.242677,21.757323
42,47,78158.000000,78135.970573,22.029427
42,48,78158.000000,78131.425690,26.574310
42,49,78158.000000,78128.462903,29.537097
42,50,78160.000000,78127.340955,32.659045
42,51,78160.000000,78126.654718,33.345282
42,52,78156.000000,78127.546615,28.453385
42,53,78155.000000,78126.508749,28.491251
42,54,78158.000000,78131.085806,26.914194
42,55,78161.000000,78132.431679,28.568321
42,56,78160.000000,78128.639967,31.360033
42,57,78160.000000,78124.149610,35.850390
42,58,78160.000000,78125.282880,34.717120
42,59,78158.000000,78124.311835,33.688165
42,60,78162.000000,78129.981978,32.018022
42,61,78161.000000,78129.914889,31.085111
42,62,78163.000000,78129.717072,33.282928
42,63,78164.000000,78130.851537,33.148463
43,0,78174.000000,78130.851537,43.148463
43,1,78171.000000,78124.443547,46.556453
43,2,78167.000000,78120.485653,46.514347
43,3,78162.000000,78116.580572,45.419428
43,4,78161.000000,78120.980671,40.019329
43,5,78158.000000,78113.853418,44.146582
43,6,78159.000000,78112.344582,46.655418
43,7,78157.000000,78113.257503,43.742497
43,8,78158.000000,78125.173936,32.826064
43,9,78156.000000,78124.535328,31.464672
43,10,78157.000000,78125.197548,31.802452
43,11,78158.000000,78121.763775,36.236225
43,12,78161.000000,78128.189109,32.810891
43,13,78158.000000,78125.725010,32.274990
43,14,78160.000000,78124.611475,35.388525
43,15,78158.000000,78118.820152,39.179848
43,16,78161.000000,78122.281883,38.718117
43,17,78162.000000,78124.813216,37.186784
43,18,78163.000000,78130.636451,32.363549
43,19,78162.000000,78129.018911,32.981089
43,20,78163.000000,78125.032160,37.967840
43,21,78166.000000,78129.506237,36.493763
43,22,78169.000000,78131.661225,37.338775
43,23,78168.000000,78130.543215,37.456785
43,24,78170.000000,78120.299942,49.700058
43,25,78169.000000,78120.611452,48.388548
43,26,78173.000000,78125.054783,47.945217
43,27,78175.000000,78129.655973,45.344027
43,28,78173.000000,78126.560060,46.439940
43,29,78173.000000,78126.608889,46.391111
43,30,78176.000000,78128.540385,47.459615
43,31,78179.000000,78134.772377,44.227623
43,32,78181.000000,78135.442596,45.557404
43,33,78178.000000,78128.589328,49.410672
43,34,78177.000000,78124.091146,52.908854
43,35,78179.000000,78127.505640,51.494360
43,36,78177.000000,78130.763373,46.236627
43,37,78178.000000,78127.542671,50.457329
43,38,78174.000000,78124.382897,49.617103
43,39,78170.000000,78123.800541,46.199459
43,40,78166.000000,78133.648380,32.351620
43,41,78160.000000,78129.706156,30.293844
43,42,78162.000000,78127.216531,34.783469
43,43,78162.000000,78121.555624,40.444376
43,44,78162.000000,78124.542148,37.457852
43,45,78159.000000,78124.222673,34.777327
43,46,78159.000000,78124.664535,34.335465
43,47,78158.000000,78118.600362,39.399638
43,48,78158.000000,78120.460735,37.539265
43,49,78158.000000,78125.298839,32.701161
43,50,78162.000000,78129.740216,32.259784
43,51,78163.000000,78127.260061,35.739939
43,52,78163.000000,78123.202984,39.797016
43,53,78159.000000,78123.258906,35.741094
43,54,78161.000000,78127.214666,33.785334
43,55,78159.000000,78123.037316,35.962684
43,56,78163.000000,78117.542455,45.457545
43,57,78162.000000,78114.903000,47.097000
43,58,78163.000000,78116.596851,46.403149
43,59,78164.000000,78122.515070,41.484930
43,60,78162.000000,78119.868580,42.131420
43,61,78163.000000,78118.265857,44.734143
43,62,78168.000000,78121.682207,46.317793
43,63,78167.000000,78126.461781,40.538219
44,0,78162.000000,78126.461781,35.538219
44,1,78157.000000,78125.262865,31.737135
44,2,78158.000000,78125.068179,32.931821
44,3,78151.000000,78117.447300,33.552700
44,4,78147.000000,78117.470437,29.529563
44,5,78142.000000,78106.498114,35.501886
44,6,78137.000000,78105.815064,31.184936
44,7,78138.000000,78105.786033,32.213967
44,8,78140.000000,78107.916158,32.083842
44,9,78136.000000,78108.169701,27.830299
44,10,78138.000000,78108.467795,29.532205
44,11,78138.000000,78112.648702,25.351298
44,12,78136.000000,78111.555668,24.444332
44,13,78139.000000,78111.530586,27.469414
44,14,78139.000000,78110.158346,28.841654
44,15,78140.000000,78109.238172,30.761828
44,16,78138.000000,78105.640161,32.359839
44,17,78138.000000,78106.871381,31.128619
44,18,78137.000000,78107.707306,29.292694
44,19,78139.000000,78103.549614,35.450386
44,20,78140.000000,78107.261438,32.738562
44,21,78138.000000,78104.846328,33.153672
44,22,78142.000000,78110.739581,31.260419
44,23,78140.000000,78111.968456,28.031544
44,24,78141.000000,78120.878699,20.121301
44,25,78141.000000,78118.000957,22.999043
44,26,78143.000000,78120.458467,22.541533
44,27,78146.000000,78122.834765,23.165235
44,28,78146.000000,78123.366656,22.633344
44,29,78146.000000,78124.949271,21.050729
44,30,78147.000000,78124.898999,22.101001
44,31,78149.000000,78131.139359,17.860641
44,32,78152.000000,78128.909052,23.090948
44,33,78147.000000,78126.218652,20.781348
44,34,78146.000000,78125.879353,20.120647
44,35,78145.000000,78123.307674,21.692326
44,36,78147.000000,78124.806607,22.193393
44,37,78142.000000,78122.129140,19.870860
44,38,78139.000000,78120.284097,18.715903
44,39,78136.000000,78116.220016,19.779984
44,40,78137.000000,78119.205297,17.794703
44,41,78133.000000,78115.830561,17.169439
44,42,78136.000000,78116.510749,19.489251
44,43,78138.000000,78116.100287,21.899713
44,44,78135.000000,78116.969911,18.030089
44,45,78138.000000,78115.868590,22.131410
44,46,78138.000000,78118.840796,19.159204
44,47,78135.000000,78120.742618,14.257382
44,48,78141.000000,78114.470700,26.529300
44,49,78138.000000,78110.999623,27.000377
44,50,78138.000000,78111.256336,26.743664
44,51,78142.000000,78117.360052,24.639948
44,52,78141.000000,78115.806353,25.193647
44,53,78143.000000,78117.414489,25.585511
44,54,78146.000000,78119.899231,26.100769
44,55,78144.000000,78119.417495,24.582505
44,56,78149.000000,78125.433893,23.566107
44,57,78147.000000,78127.295998,19.704002
44,58,78150.000000,78129.366426,20.633574
44,59,78155.000000,78129.914192,25.085808
44,60,78152.000000,78132.799866,19.200134
44,61,78154.000000,78131.739825,22.260175
44,62,78151.000000,78130.405101,20.594899
44,63,78151.000000,78129.771632,21.228368
45,0,78145.000000,78129.771632,15.228368
45,1,78146.000000,78132.768252,13.231748
45,2,78145.000000,78131.164671,13.835329
45,3,78146.000000,78129.394692,16.605308
45,4,78152.000000,78134.899181,17.100819
45,5,78147.000000,78132.802162,14.197838
45,6,78147.000000,78133.099417,13.900583
45,7,78148.000000,78137.252216,10.747784
45,8,78150.000000,78136.493642,13.506358
45,9,78151.000000,78134.494626,16.505374
45,10,78153.000000,78139.474124,13.525876
45,11,78156.000000,78140.728754,15.271246
45,12,78156.000000,78139.053396,16.946604
45,13,78155.000000,78140.513533,14.486467
45,14,78156.000000,78144.382386,11.617614
45,15,78155.000000,78142.556080,12.443920
45,16,78158.000000,78143.908165,14.091835
45,17,78156.000000,78145.799707,10.200293
45,18,78159.000000,78144.987419,14.012581
45,19,78160.000000,78144.819221,15.180779
45,20,78163.000000,78151.800606,11.199394
45,21,78158.000000,78146.415348,11.584652
45,22,78161.000000,78147.463535,13.536465
45,23,78164.000000,78150.494550,13.505450
45,24,78167.000000,78152.350144,14.649856
45,25,78168.000000,78152.281836,15.718164
45,26,78170.000000,78154.525843,15.474157
45,27,78170.000000,78155.438241,14.561759
45,28,78170.000000,78157.547690,12.452310
45,29,78171.000000,78158.251104,12.748896
45,30,78175.000000,78160.460939,14.539061
45,31,78176.000000,78158.045990,17.954010
45,32,78176.000000,78158.523705,17.476295
45,33,78178.000000,78158.045465,19.954535
45,34,78174.000000,78156.959488,17.040512
45,35,78169.000000,78152.134360,16.865640
45,36,78167.000000,78149.864043,17.135957
45,37,78161.000000,78144.318066,16.681934
45,38,78161.000000,78144.377002,16.622998
45,39,78158.000000,78140.042639,17.957361
45,40,78162.000000,78136.969451,25.030549
45,41,78158.000000,78134.257381,23.742619
45,42,78156.000000,78133.383247,22.616753
45,43,78155.000000,78133.172164,21.827836
45,44,78156.000000,78133.668000,22.332000
45,45,78157.000000,78133.304114,23.695886
45,46,78157.000000,78133.319763,23.680237
45,47,78156.000000,78136.155398,19.844602
45,48,78158.000000,78138.705270,19.294730
45,49,78159.000000,78135.688149,23.311851
45,50,78159.000000,78137.566272,21.433728
45,51,78159.000000,78138.279214,20.720786
45,52,78158.000000,78138.935012,19.064988
45,53,78158.000000,78138.515860,19.484140
45,54,78160.000000,78138.841928,21.158072
45,55,78160.000000,78138.182201,21.817799
45,56,78160.000000,78139.121793,20.878207
45,57,78160.000000,78139.845744,20.154256
45,58,78162.000000,78140.987976,21.012024
45,59,78163.000000,78141.333308,21.666692
45,60,78163.000000,78143.013248,19.986752
45,61,78166.000000,78145.413440,20.586560
45,62,78165.000000,78143.456538,21.543462
45,63,78164.000000,78145.508254,18.491746
46,0,78158.000000,78145.508254,12.491746
46,1,78155.000000,78144.593028,10.406972
46,2,78150.000000,78144.533678,5.466322
46,3,78148.000000,78141.231285,6.768715
46,4,78147.000000,78136.139145,10.860855
46,5,78147.000000,78136.564832,10.435168
46,6,78147.000000,78140.166834,6.833166
46,7,78145.000000,78137.464863,7.535137
46,8,78142.000000,78131.388903,10.611097
46,9,78142.000000,78130.833493,11.166507
46,10,78143.000000,78132.343591,10.656409
46,11,78144.000000,78136.914638,7.085362
46,12,78146.000000,78132.621571,13.378429
46,13,78145.000000,78130.308361,14.691639
46,14,78144.000000,78133.787218,10.212782
46,15,78147.000000,78140.276388,6.723612
46,16,78145.000000,78137.106617,7.893383
46,17,78147.000000,78136.751260,10.248740
46,18,78148.000000,78140.425373,7.574627
46,19,78146.000000,78140.170096,5.829904
46,20,78150.000000,78142.865160,7.134840
46,21,78149.000000,78139.377068,9.622932
46,22,78151.000000,78139.362864,11.637136
46,23,78150.000000,78140.859124,9.140876
46,24,78154.000000,78146.474903,7.525097
46,25,78153.000000,78144.712716,8.287284
46,26,78151.000000,78144.961457,6.038543
46,27,78154.000000,78145.206185,8.793815
46,28,78153.000000,78146.047716,6.952284
46,29,78152.000000,78145.102534,6.897466
46,30,78151.000000,78143.579009,7.420991
46,31,78151.000000,78141.270263,9.729737
46,32,78155.000000,78147.881866,7.118134
46,33,78154.000000,78147.952282,6.047718
46,34,78154.000000,78145.898001,8.101999
46,35,78147.000000,78136.089386,10.910614
46,36,78151.000000,78139.087299,11.912701
46,37,78146.000000,78136.381125,9.618875
46,38,78144.000000,78137.965880,6.034120
46,39,78141.000000,78135.927096,5.072904
46,40,78143.000000,78134.839920,8.160080
46,41,78141.000000,78132.735725,8.264275
46,42,78143.000000,78133.341228,9.658772
46,43,78142.000000,78132.368580,9.631420
46,44,78142.000000,78129.543201,12.456799
46,45,78142.000000,78131.680707,10.319293
46,46,78142.000000,78131.317204,10.682796
46,47,78139.000000,78131.041450,7.958550
46,48,78142.000000,78131.644551,10.355449
46,49,78138.000000,78128.301558,9.698442
46,50,78138.000000,78128.784644,9.215356
46,51,78140.000000,78132.723589,7.276411
46,52,78141.000000,78133.101594,7.898406
46,53,78143.000000,78132.561862,10.438138
46,54,78147.000000,78135.224822,11.775178
46,55,78149.000000,78136.981330,12.018670
46,56,78149.000000,78135.812307,13.187693
46,57,78151.000000,78139.834651,11.165349
46,58,78151.000000,78142.502734,8.497266
46,59,78160.000000,78149.503174,10.496826
46,60,78161.000000,78152.794767,8.205233
46,61,78162.000000,78153.132281,8.867719
46,62,78162.000000,78150.780932,11.219068
46,63,78168.000000,78151.929550,16.070450
47,0,78151.000000,78151.929550,0.929550
47,1,78150.000000,78154.431534,4.431534
47,2,78152.000000,78149.154306,2.845694
47,3,78148.000000,78148.980994,0.980994
47,4,78149.000000,78148.991871,0.008129
47,5,78151.000000,78154.446498,3.446498
47,6,78144.000000,78150.935967,6.935967
47,7,78148.000000,78154.351581,6.351581
47,8,78148.000000,78142.262821,5.737179
47,9,78150.000000,78147.221177,2.778823
47,10,78150.000000,78148.377024,1.622976
47,11,78149.000000,78151.405855,2.405855
47,12,78153.000000,78149.792936,3.207064
47,13,78151.000000,78148.058616,2.941384
47,14,78151.000000,78147.554490,3.445510
47,15,78152.000000,78150.754956,1.245044
47,16,78148.000000,78151.939935,3.939935
47,17,78155.000000,78154.151430,0.848570
47,18,78158.000000,78156.432875,1.567125
47,19,78156.000000,78154.379736,1.620264
47,20,78156.000000,78157.840867,1.840867
47,21,78155.000000,78154.477836,0.522164
47,22,78159.000000,78156.125744,2.874256
47,23,78162.000000,78159.990293,2.009707
47,24,78167.000000,78160.400487,6.599513
47,25,78167.000000,78157.479904,9.520096
47,26,78165.000000,78159.632621,5.367379
47,27,78167.000000,78156.659460,10.340540
47,28,78167.000000,78163.496573,3.503427
47,29,78171.000000,78166.842383,4.157617
47,30,78167.000000,78162.819612,4.180388
47,31,78172.000000,78165.259526,6.740474
47,32,78173.000000,78163.916848,9.083152
47,33,78174.000000,78165.764307,8.235693
47,34,78175.000000,78167.777501,7.222499
47,35,78168.000000,78163.461126,4.538874
47,36,78167.000000,78161.920126,5.079874
47,37,78163.000000,78160.051607,2.948393
47,38,78162.000000,78156.052449,5.947551
47,39,78157.000000,78153.829815,3.170185
47,40,78159.000000,78152.468226,6.531774
47,41,78159.000000,78153.927941,5.072059
47,42,78158.000000,78149.674489,8.325511
47,43,78158.000000,78151.338165,6.661835
47,44,78159.000000,78146.112075,12.887925
47,45,78159.000000,78150.341881,8.658119
47,46,78158.000000,78153.098911,4.901089
47,47,78156.000000,78152.753032,3.246968
47,48,78157.000000,78152.432899,4.567101
47,49,78154.000000,78150.312178,3.687822
47,50,78153.000000,78150.854964,2.145036
47,51,78154.000000,78148.950183,5.049817
47,52,78155.000000,78150.437497,4.562503
47,53,78153.000000,78147.575510,5.424490
47,54,78152.000000,78149.547748,2.452252
47,55,78151.000000,78144.826586,6.173414
47,56,78151.000000,78148.903481,2.096519
47,57,78151.000000,78146.275625,4.724375
47,58,78154.000000,78150.880668,3.119332
47,59,78155.000000,78151.731034,3.268966
47,60,78157.000000,78156.943712,0.056288
47,61,78156.000000,78152.366287,3.633713
47,62,78158.000000,78161.246051,3.246051
47,63,78156.000000,78156.422175,0.422175
48,0,78139.000000,78156.422175,17.422175
48,1,78137.000000,78154.406831,17.406831
48,2,78137.000000,78151.103372,14.103372
48,3,78134.000000,78147.669148,13.669148
48,4,78136.000000,78151.563290,15.563290
48,5,78136.000000,78151.170318,15.170318
48,6,78133.000000,78154.961180,21.961180
48,7,78140.000000,78157.551465,17.551465
48,8,78139.000000,78162.200025,23.200025
48,9,78140.000000,78164.587924,24.587924
48,10,78140.000000,78166.347697,26.347697
48,11,78139.000000,78166.204946,27.204946
48,12,78138.000000,78161.228478,23.228478
48,13,78142.000000,78161.875869,19.875869
48,14,78141.000000,78161.091617,20.091617
48,15,78139.000000,78162.582122,23.582122
48,16,78138.000000,78164.728354,26.728354
48,17,78133.000000,78160.220897,27.220897
48,18,78135.000000,78160.992142,25.992142
48,19,78134.000000,78156.955216,22.955216
48,20,78138.000000,78159.821356,21.821356
48,21,78135.000000,78157.543164,22.543164
48,22,78137.000000,78161.199804,24.199804
48,23,78138.000000,78156.080283,18.080283
48,24,78140.000000,78154.635711,14.635711
48,25,78139.000000,78155.896457,16.896457
48,26,78142.000000,78154.189293,12.189293
48,27,78141.000000,78157.014016,16.014016
48,28,78142.000000,78159.857941,17.857941
48,29,78143.000000,78159.775810,16.775810
48,30,78145.000000,78159.276150,14.276150
48,31,78144.000000,78163.460606,19.460606
48,32,78150.000000,78163.742196,13.742196
48,33,78147.000000,78164.333962,17.333962
48,34,78146.000000,78166.670642,20.670642
48,35,78140.000000,78159.866682,19.866682
48,36,78138.000000,78156.660761,18.660761
48,37,78131.000000,78151.927332,20.927332
48,38,78133.000000,78151.963018,18.963018
48,39,78130.000000,78151.574971,21.574971
48,40,78134.000000,78157.691895,23.691895
48,41,78137.000000,78156.995084,19.995084
48,42,78135.000000,78158.185054,23.185054
48,43,78137.000000,78159.046237,22.046237
48,44,78137.000000,78152.599316,15.599316
48,45,78140.000000,78153.731699,13.731699
48,46,78128.000000,78150.556416,22.556416
48,47,78129.000000,78149.504963,20.504963
48,48,78130.000000,78152.370188,22.370188
48,49,78131.000000,78157.138653,26.138653
48,50,78134.000000,78157.527627,23.527627
48,51,78134.000000,78159.916360,25.916360
48,52,78138.000000,78162.525170,24.525170
48,53,78137.000000,78157.776837,20.776837
48,54,78142.000000,78160.187168,18.187168
48,55,78141.000000,78160.637600,19.637600
48,56,78142.000000,78156.357304,14.357304
48,57,78141.000000,78157.399852,16.399852
48,58,78142.000000,78158.643283,16.643283
48,59,78142.000000,78158.545994,16.545994
48,60,78143.000000,78162.812830,19.812830
48,61,78146.000000,78164.827601,18.827601
48,62,78143.000000,78162.072728,19.072728
48,63,78149.000000,78162.747882,13.747882
49,0,78131.000000,78162.747882,31.747882
49,1,78132.000000,78168.046818,36.046818
49,2,78136.000000,78169.478439,33.478439
49,3,78134.000000,78169.273451,35.273451
49,4,78129.000000,78168.966106,39.966106
49,5,78132.000000,78168.638807,36.638807
49,6,78132.000000,78164.023608,32.023608
49,7,78136.000000,78164.218745,28.218745
49,8,78135.000000,78158.983818,23.983818
49,9,78135.000000,78162.107614,27.107614
49,10,78135.000000,78161.061618,26.061618
49,11,78138.000000,78169.507852,31.507852
49,12,78140.000000,78173.483073,33.483073
49,13,78142.000000,78172.717110,30.717110
49,14,78145.000000,78172.320826,27.320826
49,15,78142.000000,78169.016018,27.016018
49,16,78143.000000,78165.758361,22.758361
49,17,78148.000000,78163.717604,15.717604
49,18,78148.000000,78161.679354,13.679354
49,19,78152.000000,78160.715825,8.715825
49,20,78152.000000,78167.513257,15.513257
49,21,78156.000000,78171.652911,15.652911
49,22,78157.000000,78174.731939,17.731939
49,23,78156.000000,78178.100302,22.100302
49,24,78157.000000,78171.840108,14.840108
49,25,78158.000000,78171.138443,13.138443
49,26,78160.000000,78171.876153,11.876153
49,27,78160.000000,78169.051164,9.051164
49,28,78163.000000,78168.072724,5.072724
49,29,78161.000000,78173.307038,12.307038
49,30,78163.000000,78177.198324,14.198324
49,31,78165.000000,78181.933717,16.933717
49,32,78165.000000,78182.976583,17.976583
49,33,78163.000000,78181.225870,18.225870
49,34,78166.000000,78176.107414,10.107414
49,35,78160.000000,78171.101034,11.101034
49,36,78154.000000,78165.189411,11.189411
49,37,78150.000000,78165.670656,15.670656
49,38,78144.000000,78157.524989,13.524989
49,39,78139.000000,78155.873035,16.873035
49,40,78142.000000,78160.886862,18.886862
49,41,78140.000000,78156.822901,16.822901
49,42,78143.000000,78159.388748,16.388748
49,43,78142.000000,78155.063071,13.063071
49,44,78139.000000,78155.562504,16.562504
49,45,78138.000000,78154.602544,16.602544
49,46,78140.000000,78160.880589,20.880589
49,47,78138.000000,78159.100082,21.100082
49,48,78138.000000,78163.706865,25.706865
49,49,78138.000000,78164.015394,26.015394
49,50,78139.000000,78165.490367,26.490367
49,51,78137.000000,78167.159551,30.159551
49,52,78133.000000,78164.529630,31.529630
49,53,78132.000000,78161.295026,29.295026
49,54,78134.000000,78162.191557,28.191557
49,55,78137.000000,78165.960763,28.960763
49,56,78136.000000,78168.986684,32.986684
49,57,78138.000000,78174.057839,36.057839
49,58,78135.000000,78176.458432,41.458432
49,59,78140.000000,78178.971090,38.971090
49,60,78142.000000,78178.986990,36.986990
49,61,78143.000000,78179.220578,36.220578
49,62,78139.000000,78178.640879,39.640879
49,63,78136.000000,78173.056907,37.056907
50,0,78123.000000,78173.056907,50.056907
50,1,78121.000000,78170.707784,49.707784
50,2,78120.000000,78168.197194,48.197194
50,3,78113.000000,78164.724214,51.724214
50,4,78110.000000,78165.730272,55.730272
50,5,78113.000000,78167.123515,54.123515
50,6,78110.000000,78164.752561,54.752561
50,7,78107.000000,78158.443232,51.443232
50,8,78109.000000,78151.456687,42.456687
50,9,78109.000000,78152.246728,43.246728
50,10,78107.000000,78148.128967,41.128967
50,11,78109.000000,78149.911814,40.911814
50,12,78110.000000,78151.855489,41.855489
50,13,78107.000000,78146.158720,39.158720
50,14,78109.000000,78149.405072,40.405072
50,15,78109.000000,78144.673570,35.673570
50,16,78108.000000,78145.782768,37.782768
50,17,78107.000000,78146.377431,39.377431
50,18,78112.000000,78148.065262,36.065262
50,19,78112.000000,78151.842446,39.842446
50,20,78113.000000,78145.171596,32.171596
50,21,78110.000000,78146.678123,36.678123
50,22,78115.000000,78151.839478,36.839478
50,23,78113.000000,78152.006443,39.006443
50,24,78111.000000,78164.247792,53.247792
50,25,78110.000000,78161.214715,51.214715
50,26,78110.000000,78165.851415,55.851415
50,27,78105.000000,78160.104353,55.104353
50,28,78107.000000,78165.592849,58.592849
50,29,78109.000000,78168.053888,59.053888
50,30,78113.000000,78169.448333,56.448333
50,31,78114.000000,78170.012891,56.012891
50,32,78109.000000,78172.116707,63.116707
50,33,78109.000000,78170.797455,61.797455
50,34,78101.000000,78170.214983,69.214983
50,35,78099.000000,78167.141328,68.141328
50,36,78096.000000,78169.157996,73.157996
50,37,78093.000000,78162.663656,69.663656
50,38,78094.000000,78163.652140,69.652140
50,39,78089.000000,78153.364134,64.364134
50,40,78091.000000,78153.546591,62.546591
50,41,78088.000000,78150.825184,62.825184
50,42,78086.000000,78152.518129,66.518129
50,43,78084.000000,78154.535951,70.535951
50,44,78083.000000,78150.199609,67.199609
50,45,78086.000000,78152.347766,66.347766
50,46,78086.000000,78147.280279,61.280279
50,47,78085.000000,78144.754732,59.754732
50,48,78083.000000,78145.881444,62.881444
50,49,78081.000000,78144.740713,63.740713
50,50,78078.000000,78148.945996,70.945996
50,51,78076.000000,78147.655910,71.655910
50,52,78083.000000,78147.621191,64.621191
50,53,78088.000000,78154.522153,66.522153
50,54,78092.000000,78155.479032,63.479032
50,55,78094.000000,78157.764512,63.764512
50,56,78094.000000,78156.596619,62.596619
50,57,78097.000000,78159.690943,62.690943
50,58,78097.000000,78160.232754,63.232754
50,59,78096.000000,78161.704534,65.704534
50,60,78099.000000,78165.280523,66.280523
50,61,78100.000000,78168.031073,68.031073
50,62,78101.000000,78169.275742,68.275742
50,63,78106.000000,78174.525047,68.525047
